Daily Run Sheet - GSU  -  3/1/2022 to 3/31/2022,,,,,,,,,,,,
Event ID,Guest Count,Building Room,Street Address,SuppliesTime,Food Time,Event Start Time,End Time,Tier,Drop Steward,Pick Up Steward,Event Manager,Select
138203,1,Various,775 Comm Ave,0,0,6:30 AM,0,CTG,Jose ,,,
138204,1,Various,775 Comm Ave,0,0,6:30 AM,0,CTG,Luis,,,
138205,1,Various,775 Comm Ave,0,0,6:30 AM,0,CTG,Luis,,,
138206,1,Various,775 Comm Ave,0,0,6:30 AM,0,CTG,Luis,,,
138207,1,Various,775 Comm Ave,0,0,6:30 AM,0,CTG,Jose,,,
138214,1,Various,775 Comm Ave,0,0,6:30 AM,0,CTG,Romero,,,
138212,1,Various,775 Comm Ave,0,0,6:30 AM,0,CTG,Luis,,,
138213,1,Various,775 Comm Ave,0,0,6:30 AM,0,CTG,Luis,,,
138211,1,Various,775 Comm Ave,0,0,6:30 AM,0,CTG,Antonio,,,
138210,1,Various,775 Comm Ave,0,0,6:30 AM,0,CTG,Luis,,,
138209,1,Various,775 Comm Ave,0,0,6:30 AM,0,CTG,Luis,,,
138208,1,Various,775 Comm Ave,0,0,6:30 AM,0,CTG,Sammy,,,
138215,1,Various,775 Comm Ave,0,0,6:30 AM,0,CTG,Romero,,,
138220,1,Various,775 Comm Ave,0,0,6:30 AM,0,CTG,Luis,,,
138221,1,Various,775 Comm Ave,0,0,6:30 AM,0,CTG,Luis,,,
138226,1,Various,775 Comm Ave,0,0,6:30 AM,0,CTG,Antonio,,,
138227,1,Various,775 Comm Ave,0,0,6:30 AM,0,CTG,Luis S,,,
138228,1,Various,775 Comm Ave,0,0,6:30 AM,0,CTG,-,,,
138229,1,Various,775 Comm Ave,0,0,6:30 AM,0,CTG,Jose,,,
138216,1,Various,775 Comm Ave,0,0,6:30 AM,0,CTG,Antonio,,,
138219,1,Various,775 Comm Ave,0,0,6:30 AM,0,CTG,Luis,,,
138222,1,Various,775 Comm Ave,0,0,6:30 AM,0,CTG,Luis,,,
138225,1,Various,775 Comm Ave,0,0,6:30 AM,0,CTG,-,,,
138232,1,Various,775 Comm Ave,0,0,6:30 AM,0,CTG,-,,,
138231,1,Various,775 Comm Ave,0,0,6:30 AM,0,CTG,Luis ,,,
138230,1,Various,775 Comm Ave,0,0,6:30 AM,0,CTG,Jose,,,
138217,1,Various,775 Comm Ave,0,0,6:30 AM,0,CTG,Romero,,,
138218,1,Various,775 Comm Ave,0,0,6:30 AM,0,CTG,Luis,,,
138223,1,Various,775 Comm Ave,0,0,6:30 AM,0,CTG,Luis,,,
138224,1,Various,775 Comm Ave,0,0,6:30 AM,0,CTG,luis,,,
138233,1,Various,775 Comm Ave,0,0,6:30 AM,0,CTG,Luis ,,,
138408,1,Law Cart - 2nd floor,765 Comm Ave - Redstone,6:30 AM,6:30 AM,7:00 AM,0,1,Luis S,NO P/U,,
138407,1,Law Cart - 2nd floor,765 Comm Ave - Redstone,6:30 AM,6:30 AM,7:00 AM,0,1,Luis S,NO P/U,,
138406,1,Law Cart - 2nd floor,765 Comm Ave - Redstone,6:30 AM,6:30 AM,7:00 AM,0,1,Luis S,NO P/U,,
138405,1,Law Cart - 2nd floor,765 Comm Ave - Redstone,6:30 AM,6:30 AM,7:00 AM,0,1,Luis,NO P/U,,
140725,30,GSU Kitchen,775 Comm ave,,,7:00 AM,12:01:30 AM,1,Luis,,,
138400,1,Law Cart - 2nd floor,765 Comm Ave - Redstone,6:30 AM,6:30 AM,7:00 AM,0,1,Luis S,NO P/U,,
138401,1,Law Cart - 2nd floor,765 Comm Ave - Redstone,6:30 AM,6:30 AM,7:00 AM,0,1,Luis S,NO P/U,,
140501,1,Warren Kitchen,700 Comm Ave,7:00 AM,7:00 AM,7:00 AM,7:00 AM,1,Luis S,,,
140614,1,Warren Kitchen,700 Comm Ave,7:00 AM,7:00 AM,7:00 AM,7:00 AM,1,Luis S,,,
138402,1,Law Cart - 2nd floor,765 Comm Ave - Redstone,6:30 AM,6:30 AM,7:00 AM,0,1,Luis S,NO P/U,,
138403,1,Law Cart - 2nd floor,765 Comm Ave - Redstone,6:30 AM,6:30 AM,7:00 AM,0,1,Luis,NO P/U,,
138404,1,Law Cart - 2nd floor,765 Comm Ave - Redstone,6:30 AM,6:30 AM,7:00 AM,0,1,Luis,NO P/U,,
138399,1,Law Cart - 2nd floor,765 Comm Ave - Redstone,6:30 AM,6:30 AM,7:00 AM,0,1,Luis S,NO P/U,,
138398,1,Law Cart - 2nd floor,765 Comm Ave - Redstone,6:30 AM,6:30 AM,7:00 AM,0,1,Luis S,NO P/U,,
138397,1,Law Cart - 2nd floor,765 Comm Ave - Redstone,6:30 AM,6:30 AM,7:00 AM,0,1,Antonio,NO P/U,,
138396,1,Law Cart - 2nd floor,765 Comm Ave - Redstone,6:30 AM,6:30 AM,7:00 AM,0,1,Luis,NO P/U,,
138395,1,Law Cart - 2nd floor,765 Comm Ave - Redstone,6:30 AM,6:30 AM,7:00 AM,0,1,Luis,NO P/U,,
138390,1,Law Cart - 2nd floor,765 Comm Ave - Redstone,6:30 AM,6:30 AM,7:00 AM,0,1,Luis,NO P/U,,
138391,1,Law Cart - 2nd floor,765 Comm Ave - Redstone,6:30 AM,6:30 AM,7:00 AM,0,1,Luis,NO P/U,,
138392,1,Law Cart - 2nd floor,765 Comm Ave - Redstone,6:30 AM,6:30 AM,7:00 AM,0,1,Antonio,NO P/U,,
138394,1,Law Cart - 2nd floor,765 Comm Ave - Redstone,6:30 AM,6:30 AM,7:00 AM,0,1,Luis,NO P/U,,
138393,1,Law Cart - 2nd floor,765 Comm Ave - Redstone,6:30 AM,6:30 AM,7:00 AM,0,1,Luis,NO P/U,,
138389,1,Law Cart - 2nd floor,765 Comm Ave - Redstone,6:30 AM,6:30 AM,7:00 AM,0,1,Luis,NO P/U,,
139078,1,Warren Kitchen,700 Comm Ave,7:00 AM,7:00 AM,7:00 AM,7:00 AM,1,Luis,,,
138388,1,Law Cart - 2nd floor,765 Comm Ave - Redstone,6:30 AM,6:30 AM,7:00 AM,0,1,Luis,NO P/U,,
138387,1,Law Cart - 2nd floor,765 Comm Ave - Redstone,6:30 AM,6:30 AM,7:00 AM,0,1,Luis,NO P/U,,
138386,1,Law Cart - 2nd floor,765 Comm Ave - Redstone,6:30 AM,6:30 AM,7:00 AM,0,1,Jose,NO P/U,,
140697,15,709,100 East Newton st.,6:30 AM,6:30 AM,7:15 AM,12:01:30 AM,1,Luis S,,,
140695,15,709,100 East Newton st.,6:30 AM,6:30 AM,7:15 AM,12:01:30 AM,1,Luis S,,,
140797,30,Electrical Shop,120 Ashford St.,6:45 AM,6:45 AM,7:30 AM,10:30 AM,1,Luis S,,,
139168,60,4th floor office,775 Comm Ave,6:45 AM,6:45 AM,7:30 AM,12:01:30 AM,0,Luis,,,
139240,60,4th floor office,775 Comm Ave,6:45 AM,6:45 AM,7:30 AM,12:01:30 AM,0,Luis,,,
139242,60,4th floor office,775 Comm Ave,7:00 AM,7:00 AM,7:30 AM,12:01:30 AM,0,Antonio,,,
139243,60,4th floor office,775 Comm Ave,6:45 AM,6:45 AM,7:30 AM,12:01:30 AM,0,Luis,,,
139244,60,4th floor office,775 Comm Ave,6:45 AM,6:45 AM,7:30 AM,12:01:30 AM,0,Luis,,,
139360,45,Colloquium,8 St Marys,6:45 AM,6:45 AM,7:30 AM,8:30 AM,1,Luis S,,,
138832,3,142,25 Buick St.,7:00 AM,7:00 AM,7:45 AM,12:01:30 AM,1,Jose,,,
138953,8,121,15 St. Mary's,7:15 AM,7:15 AM,8:00 AM,11:00 AM,1,Jose,,,
139102,100,Faculty Lounge,765 Comm Ave,7:30 AM,7:30 AM,8:00 AM,8:00 AM,1,Antonio,,,
138343,96,9th floor Colloquium Room,8 St. Mary's,6:00 AM,6:00 AM,8:00 AM,10:30 AM,2,Antonio,Antonio,Molly ,
139097,40,GSU Small Ballroom ,775 Comm Ave ,7:15 AM,7:15 AM,8:00 AM,12:01:30 AM,,,,,
141515,190,COM Lawn,640 Comm Ave,7:15 AM,7:15 AM,8:00 AM,9:00 AM,1,Juan,,,
139214,4,Library - Room on right,Castle,7:15 AM,7:15 AM,8:00 AM,12:01:30 AM,1,Antonio,,,
139099,40,GSU Small Ballroom,775 Comm Ave,7:15 AM,7:15 AM,8:00 AM,12:01:30 AM,0,Luis,,,
138607,125,Law Atrium,765 Comm Ave,6:00 AM,7:00 AM,8:00 AM,9:30 AM,2,Romero,Romero,Jamie/Colby ,
140510,100,Faculty Lounge,765 Comm Ave,7:30 AM,7:30 AM,8:00 AM,8:00 AM,1,Antonio,,,
140799,33,Lobby,610 Comm Ave,7:15 AM,7:15 AM,8:00 AM,10:00 AM,1,Antonio,,,
140910,100,Faculty Lounge,765 Comm Ave,7:30 AM,7:30 AM,8:00 AM,8:00 AM,1,Antonio,,,
139369,60,Colloquium,8 St Marys,6:00 AM,7:00 AM,8:00 AM,10:00 AM,2,Luis,Antonio,Molly,
140909,100,Faculty Lounge,765 Comm Ave,7:30 AM,7:30 AM,8:00 AM,8:00 AM,1,Antonio,,,
138628,125,Law Atrium,765 Comm Ave,6:00 AM,7:00 AM,8:00 AM,9:30 AM,2,Sammy,,Jamie ,
140743,9,263,930 Comm Ave,7:15 AM,7:15 AM,8:00 AM,11:00 AM,1,Jose,,,
138986,45,Terrace Lounge,775 Comm Ave,7:15 AM,7:15 AM,8:15 AM,9:00 AM,1,Jose T,Jose T,,
138980,45,Terrace Lounge,775 Comm Ave,7:15 AM,7:15 AM,8:15 AM,8:45 AM,1,Sammy,,,
138755,1,various,warehouse,8:15 AM,8:15 AM,8:15 AM,8:15 AM,0,Elvin/Romero,NO P/U,,
138839,55,basement west entrance use 881 parking lot,881 Comm Ave,7:30 AM,7:30 AM,8:15 AM,11:00 AM,1,Sammy,Sammy,,
138803,40,B18,755 Comm Ave,7:45 AM,7:45 AM,8:30 AM,9:30 AM,1,Jose,,,
138841,18,Conference Room,125 Bay State Rd,7:45 AM,7:45 AM,8:30 AM,10:30 AM,1,Luis,,,
139262,24,"West Entrance, Basement Level Kitchen",881 Comm Ave,7:45 AM,7:45 AM,8:30 AM,10:00 AM,1,Luis,,,
138724,60,Barristers,765 Comm Ave,7:45 AM,7:45 AM,8:30 AM,9:30 AM,1,Romero,,,
139208,15,B25/B29,750 Comm Ave,7:45 AM,7:45 AM,8:30 AM,11:30 AM,0,Luis,,,
140411,1,Various,Various,8:30 AM,8:30 AM,8:30 AM,10:00 AM,1,Antonio/Elvin,NO P/U,,
138970,40,B18,755 Comm Ave,7:45 AM,7:45 AM,8:30 AM,9:30 AM,1,Jose T,,,
138971,40,B18,755 Comm Ave,7:45 AM,7:45 AM,8:30 AM,9:30 AM,1,Jose,,,
139394,40,PRB 565,5 Cummington Mall,6:30 AM,7:30 AM,8:30 AM,10:00 AM,2,Luis S,Luis S,Jen ,
138849,325,Ziskind Lounge,775 Commonwealth Ave,6:30 AM,7:30 AM,8:30 AM,11:00 AM,0,Romero,Romero,Christine,
140482,300,Barristers,765 Comm ve,7:45 AM,7:45 AM,8:30 AM,10:00 AM,1,Jose,,,
139294,25,140,111 Cummington,7:45 AM,7:45 AM,8:30 AM,12:01:30 AM,1,Luis S,,,
140520,40,610,635 Comm Ave,8:00 AM,8:00 AM,8:45 AM,11:00 AM,1,Luis ,,,
140456,30,502,725 Commonwealth Ave,8:00 AM,8:00 AM,8:45 AM,11:15 AM,1,Bruce,,,
138926,10,106,610 Comm Ave,8:00 AM,8:00 AM,8:45 AM,12:00 PM,1,Romero,Romero,,
139092,10,106,610 Comm Ave,8:00 AM,8:00 AM,8:45 AM,12:00 PM,1,Jose,,,
138875,12,B02 (Basement),621 Comm Ave,8:00 AM,8:00 AM,8:45 AM,10:30 AM,1,Elvin,,,
139212,4,Library - Room on right,Castle,8:15 AM,8:15 AM,9:00 AM,12:01:30 AM,1,Luis,,,
139129,1,C STORE,10 Buck ST.,9:00 AM,9:00 AM,9:00 AM,12:01:30 AM,0,Antonio,,,
139124,20,102A,232 Bay State Rd,8:15 AM,8:15 AM,9:00 AM,10:00 AM,1,Luis,,,
139335,25,220,635 Comm Ave,8:15 AM,8:15 AM,9:00 AM,10:00 AM,1,Luis S,Luis S,,
138921,15,Plaza and 1st floor lounge,590 COmm Ave,8:15 AM,8:15 AM,9:00 AM,2:00 PM,1,Luis S,Luis S,,
139216,4,Library - Room on right,Castle,8:15 AM,8:15 AM,9:00 AM,12:01:30 AM,1,Luis,,,
139333,18,263A&B,930 Comm Ave,8:15 AM,8:15 AM,9:00 AM,12:01:30 AM,1,Jose,,,
139031,40,4th Floor River Room,213 Bay State Road,8:45 AM,8:45 AM,9:00 AM,12:01:30 AM,1,Jose T,,,
139056,25,East End Lounge,8 St Marys,8:45 AM,8:45 AM,9:30 AM,11:00 AM,1,Jose,,,
136839,36,PICK UP @ Einstein,Einstein Bagel Pickup,9:15 AM,9:15 AM,9:30 AM,11:00 AM,1,Luis S,,,
140629,24,PICK UP @ Einstein,Einstein Bagel Pickup,9:15 AM,9:15 AM,9:30 AM,11:00 AM,1,N/A ,,,
140630,24,PICK UP @ Einstein,Einstein Bagel Pickup,9:15 AM,9:15 AM,9:30 AM,11:00 AM,1,N/A ,,,
136840,36,PICK UP @ Einstein,Einstein Bagel Pickup,9:15 AM,9:15 AM,9:30 AM,11:00 AM,1,-,,,
138813,36,PICK UP @ Einstein,Einstein Bagel Pickup,9:15 AM,9:15 AM,9:30 AM,11:00 AM,1,-,,,
140554,40,2nd Floor-McCausland Common,765 Comm Ave,8:45 AM,8:45 AM,9:30 AM,12:00 PM,1,Sammy,,,
136838,36,PICK UP @ Einstein,Einstein Bagel Pickup,9:15 AM,9:15 AM,9:30 AM,11:00 AM,1,-,,,
138812,36,PICK UP @ Einstein,Einstein Bagel Pickup,9:15 AM,9:15 AM,9:30 AM,11:00 AM,1,-,,,
140452,60,132,685 Comm Ave,8:45 AM,8:45 AM,9:30 AM,11:30 AM,1,Jose T,,,
139114,12,122- outside of classroom,1010 Comm Ave,8:45 AM,8:45 AM,9:30 AM,12:01:30 AM,1,Jose,,,
139115,12,122- outside of classroom,1010 Comm Ave,8:45 AM,8:45 AM,9:30 AM,12:01:30 AM,1,Romero,,,
136837,36,PICK UP @ Einstein,Einstein Bagel Pickup,9:15 AM,9:15 AM,9:30 AM,11:00 AM,1,N/A,,,
136836,36,PICK UP @ Einstein,Einstein Bagel Pickup,9:15 AM,9:15 AM,9:30 AM,11:00 AM,1,N/A,,,
139005,20,1st Flr - Digital Office,141 Bay State Rd,8:45 AM,8:45 AM,9:30 AM,10:30 AM,1,Antonio,Antonio,,
140545,40,B24,745 Comm Ave,7:45 AM,8:45 AM,9:45 AM,12:15 PM,2,Luis S,Luis S,molly ,
140789,1,warehouse ,warehouse ,9:00 AM,9:00 AM,10:00 AM,10:00 AM,1,Luis S,NO P/U,,
138910,1,Various,580 Comm Ave,9:00 AM,9:00 AM,10:00 AM,10:00 AM,1,Jose,NO P/U,,
138763,1,Faculty Dining,Faculty Dining,9:00 AM,9:00 AM,10:00 AM,10:00 AM,0,Luis S,NO P/U,,
138761,1,Faculty Dining,Faculty Dining,9:00 AM,9:00 AM,10:00 AM,10:00 AM,0,Luis,NO P/U,,
138908,1,Various,580 Comm Ave,9:00 AM,9:00 AM,10:00 AM,10:00 AM,1,Luis,NO P/U,,
138909,1,Various,580 Comm Ave,9:00 AM,9:00 AM,10:00 AM,10:00 AM,1,Jose,NO P/U,,
140732,20,Suite 902,765 Comm Ave,9:15 AM,9:15 AM,10:00 AM,1:00 PM,1,Elvin,,,
140412,100,Fuller Pub,225 Bay State Rd,8:00 AM,8:00 AM,10:00 AM,11:30 AM,3,Jose,Jose,Lynn/Brody,
138911,1,Various,580 Comm Ave,9:00 AM,9:00 AM,10:00 AM,10:00 AM,1,Luis S,NO P/U,,
138902,1,Various,580 Comm Ave,9:00 AM,9:00 AM,10:00 AM,10:00 AM,1,Luis S,NO P/U,,
138903,1,Various,580 Comm Ave,9:00 AM,9:00 AM,10:00 AM,10:00 AM,1,Luis S,NO P/U,,
138762,1,Faculty Dining,Faculty Dining,9:00 AM,9:00 AM,10:00 AM,10:00 AM,0,Luis S,NO P/U,,
140598,1,Back Entrance on Dummer ST.,10 Lenox St.,10:00 AM,10:00 AM,10:00 AM,10:00 AM,0,Luis,NO P/U,,
138904,1,Various,580 Comm Ave,9:00 AM,9:00 AM,10:00 AM,10:00 AM,1,Jose ,NO P/U,,
138901,1,Various,580 Comm Ave,9:00 AM,9:00 AM,10:00 AM,10:00 AM,1,Luis S,NO P/U,,
138764,1,Faculty Dining,Faculty Dining,9:00 AM,9:00 AM,10:00 AM,10:00 AM,0,Luis S,NO P/U,,
138900,1,Various,580 Comm Ave,9:00 AM,9:00 AM,10:00 AM,10:00 AM,1,Jose T,NO P/U,,
138254,25,rm 102,24 Cummington Ave,9:15 AM,9:15 AM,10:00 AM,11:00 AM,1,Luis,,,
138907,1,Various,580 Comm Ave,9:00 AM,9:00 AM,10:00 AM,10:00 AM,1,Romero,NO P/U,,
139098,40,GSU Small Ballroom ,775 Comm Ave ,9:15 AM,9:15 AM,10:00 AM,12:01:30 AM,0,-,,,
138884,1,Various,580 Comm Ave,9:00 AM,9:00 AM,10:00 AM,10:00 AM,1,Antonio,NO P/U,,
138883,1,Various,580 Comm Ave,9:00 AM,9:00 AM,10:00 AM,10:00 AM,1,Luis,NO P/U,,
138239,25,2nd floor Fit Rec Office,915 Comm Ave,9:15 AM,9:15 AM,10:00 AM,12:01:30 AM,1,Luis,,,
138882,1,Various,580 Comm Ave,9:00 AM,9:00 AM,10:00 AM,10:00 AM,1,Sammy,NO P/U,,
138912,1,Various,Various,9:00 AM,9:00 AM,10:00 AM,10:00 AM,1,Luis,NO P/U,,
139048,1,Various,Various,9:00 AM,9:00 AM,10:00 AM,10:00 AM,1,Luis,NO P/U,,
138752,1,Faculty Dining,Faculty Dining,9:00 AM,9:00 AM,10:00 AM,10:00 AM,0,Luis,NO P/U,,
138881,1,Various,580 Comm Ave,9:00 AM,9:00 AM,10:00 AM,10:00 AM,1,Sammy,NO P/U,,
138924,1,Back Entrance on Dummer ST.,10 Lenox St.,10:00 AM,10:00 AM,10:00 AM,10:00 AM,0,Jose,NO P/U,,
136940,25,E&C Offices,928 Comm Ave,9:15 AM,9:15 AM,10:00 AM,12:01:30 AM,1,Elvin,,,
139249,7,3rd Floor-Suite 315,25 Buick Street,9:15 AM,9:15 AM,10:00 AM,12:00 PM,1,Elvin,,,
138889,1,Various,580 Comm Ave,9:00 AM,9:00 AM,10:00 AM,10:00 AM,1,Antonio,NO P/U,,
138888,1,Various,580 Comm Ave,9:00 AM,9:00 AM,10:00 AM,10:00 AM,1,Sammy,NO P/U,,
141020,1,City Co,10 Buick St,9:15 AM,9:15 AM,10:00 AM,10:00 AM,CTG,Antonio,,,
138887,1,Various,580 Comm Ave,9:00 AM,9:00 AM,10:00 AM,10:00 AM,1,Sammy,NO P/U,,
138890,1,Various,580 Comm Ave,9:00 AM,9:00 AM,10:00 AM,10:00 AM,1,Luis,NO P/U,,
138885,1,Various,580 Comm Ave,9:00 AM,9:00 AM,10:00 AM,10:00 AM,1,Jose,NO P/U,,
139100,40,GSU Small Ballroom,775 Comm Ave,9:15 AM,9:15 AM,10:00 AM,12:01:30 AM,0,Jose,,,
138753,1,Faculty Dining,Faculty Dining,9:00 AM,9:00 AM,10:00 AM,10:00 AM,0,Luis,NO P/U,,
138754,1,Faculty Dining,Faculty Dining,9:00 AM,9:00 AM,10:00 AM,10:00 AM,0,Luis,NO P/U,,
138892,1,Various,580 Comm Ave,9:00 AM,9:00 AM,10:00 AM,10:00 AM,1,Romero,NO P/U,,
138251,25,rm 102,24 Cummington Ave,9:15 AM,9:15 AM,10:00 AM,11:00 AM,1,Romero,,,
138891,1,Various,580 Comm Ave,9:00 AM,9:00 AM,10:00 AM,10:00 AM,1,Jordan,NO P/U,,
138906,1,Various,580 Comm Ave,9:00 AM,9:00 AM,10:00 AM,10:00 AM,1,Antonio,NO P/U,,
138899,1,Various,580 Comm Ave,9:00 AM,9:00 AM,10:00 AM,10:00 AM,1,Jose,NO P/U,,
138760,1,Faculty Dining,Faculty Dining,9:00 AM,9:00 AM,10:00 AM,10:00 AM,0,Luis,NO P/U,,
138905,1,Various,580 Comm Ave,9:00 AM,9:00 AM,10:00 AM,10:00 AM,1,Luis,NO P/U,,
138253,25,rm 102,24 Cummington Ave,9:15 AM,9:15 AM,10:00 AM,11:00 AM,1,Antonio,,,
138923,200,Plaza and 1st floor lounge,590 COmm Ave,9:15 AM,9:15 AM,10:00 AM,2:00 PM,1,Jose,Jose,,
138897,1,Various,580 Comm Ave,9:00 AM,9:00 AM,10:00 AM,10:00 AM,1,Luis S,NO P/U,,
140445,15,113,5 Cummington,9:15 AM,9:15 AM,10:00 AM,12:01:30 AM,1,Elvin,,,
138272,600,Ballroom,GSU Ballroom,8:00 AM,8:00 AM,10:00 AM,1:30 PM,2,Romero,Romero,Lynn ,
138757,1,Faculty Dining,Faculty Dining,9:00 AM,9:00 AM,10:00 AM,10:00 AM,0,Luis S,NO P/U,,
138898,1,Various,580 Comm Ave,9:00 AM,9:00 AM,10:00 AM,10:00 AM,1,Luis S,NO P/U,,
138896,1,Various,580 Comm Ave,9:00 AM,9:00 AM,10:00 AM,10:00 AM,1,Antonio,NO P/U,,
139291,30,103,24 Cummington,9:15 AM,9:15 AM,10:00 AM,12:01:30 AM,1,Jose,,,
138758,1,Faculty Dining,Faculty Dining,9:00 AM,9:00 AM,10:00 AM,10:00 AM,0,Antonio,NO P/U,,
140423,1,Back Entrance on Dummer ST.,10 Lenox St.,10:00 AM,10:00 AM,10:00 AM,10:00 AM,0,Luis,NO P/U,,
138895,1,Various,580 Comm Ave,9:00 AM,9:00 AM,10:00 AM,10:00 AM,1,Romero,NO P/U,,
139079,36,COM Lawn,640 Comm Ave,9:15 AM,9:15 AM,10:00 AM,11:00 AM,1,Antonio,Antonio,,
138894,1,Various,580 Comm Ave,9:00 AM,9:00 AM,10:00 AM,10:00 AM,1,Antonio,NO P/U,,
138886,1,Various,580 Comm Ave,9:00 AM,9:00 AM,10:00 AM,10:00 AM,1,Sammy,NO P/U,,
138759,1,Faculty Dining,Faculty Dining,9:00 AM,9:00 AM,10:00 AM,10:00 AM,0,Luis,NO P/U,,
138252,25,rm 102,24 Cummington Ave,9:15 AM,9:15 AM,10:00 AM,11:00 AM,1,Jose,,,
138893,1,Various,580 Comm Ave,9:00 AM,9:00 AM,10:00 AM,10:00 AM,1,Romero,NO P/U,,
139358,1,Various,Various,,,10:00 AM,12:01:30 AM,0,Luis,,,
139234,25,WED 130-Small Lobby Day in front of room,2 Silber Way,9:30 AM,9:30 AM,10:15 AM,12:00 PM,1,Sammy,,,
139232,45,WED 130-Small Lobby Day in front of room,2 Silber Way,9:30 AM,9:30 AM,10:15 AM,12:00 PM,1,Romero,,,
138852,1,Atrium,765 Comm Ave,9:30 AM,9:30 AM,10:30 AM,10:30 AM,1,Elvin,,Colby ,
140410,24,0,775 COmm Ave,0,0,10:30 AM,12:01:30 AM,1,Claudia,,,
139128,24,0,775 COmm Ave,,,10:30 AM,12:01:30 AM,1,Antonio,,,
139207,60,,15 St. marys ,,,10:30 AM,12:01:30 AM,,,,,
140736,20,PICK UP,775 Comm Ave,9:45 AM,9:45 AM,10:30 AM,12:01:30 AM,1,Romero,,,
138987,45,Terrace Lounge,775 Comm Ave,9:45 AM,9:45 AM,10:30 AM,11:00 AM,1,Sammy,,,
140694,24,0,775 COmm Ave,0,0,10:30 AM,12:01:30 AM,1,Bruce,,,
138853,1,Atrium,765 Comm Ave,9:30 AM,9:30 AM,10:30 AM,10:30 AM,1,-,,,
138983,45,Terrace Lounge,775 Comm Ave,9:45 AM,9:45 AM,10:30 AM,11:00 AM,1,Sammy,,,
140792,20,Arts Initiative Office,775 Comm Ave,10:15 AM,10:15 AM,10:45 AM,12:01:30 AM,1,Romero,,,
139209,15,B25/B29,750 Comm Ave,10:00 AM,10:00 AM,10:45 AM,11:30 AM,0,Elvin,,,
140446,12,101,718 Comm Ave,10:00 AM,10:00 AM,10:45 AM,11:30 AM,1,Elvin,,,
139077,30,260- Sociology Kitchen,96 Cummington St.,10:15 AM,10:15 AM,11:00 AM,1:30 PM,1,Jose,,,
139332,6,324,8 St Marys,10:15 AM,10:15 AM,11:00 AM,1:00 PM,1,Sammy,,,
139054,50,Underneath the Nickerson Bleachers,Nickerson Field,9:00 AM,10:00 AM,11:00 AM,1:30 PM,2,Sammy,Jordan,Molly ,
139206,15,Arena Events Office,925 Comm Ave,10:15 AM,10:15 AM,11:00 AM,12:01:30 AM,1,Luis,,,
139296,20,SHA Boardroom,928 Comm Ave,10:15 AM,10:15 AM,11:00 AM,12:30 PM,1,Jose,,,
139387,15,Parking office,1019 Comm Ave,10:15 AM,10:15 AM,11:00 AM,12:01:30 AM,1,Luis,,,
140473,15,Parking office,1019 Comm Ave,10:15 AM,10:15 AM,11:00 AM,12:01:30 AM,1,Elvin,,,
138609,203,McClausland Commons,745 Comm Ave,9:30 AM,10:00 AM,11:00 AM,1:00 PM,2,Antonio,,Jamie ,
139205,15,Arena Events Office,925 Comm Ave,10:15 AM,10:15 AM,11:00 AM,12:01:30 AM,1,Antonio,,,
139103,14,4th Floor,881 Comm Ave,10:15 AM,10:15 AM,11:00 AM,1:00 PM,1,Jose ,,,
139007,15,E&C Office,925 Comm Ave,10:15 AM,10:15 AM,11:00 AM,12:01:30 AM,1,Jose,,,
138858,60,5th Floor-Charles River Room,765 Comm Ave,9:00 AM,10:15 AM,11:00 AM,12:00 PM,3,sammy,Jose,,
138860,60,5th Floor-Charles River Room,765 Comm Ave,10:15 AM,10:15 AM,11:00 AM,12:00 PM,3,Luis and Alex ,Luis and Alex ,,
139027,75,GSU Link -,775 Comm Ave,10:15 AM,10:15 AM,11:00 AM,1:00 PM,1,Elvin,Elvin,,
140709,50,225,808 comm Ave,10:15 AM,10:15 AM,11:00 AM,3:30 PM,1,Jose,,,
140741,200,Lobby,275 Babcock St,10:15 AM,10:15 AM,11:00 AM,3:00 PM,1,Antonio,Jordan,,
138611,203,McClausland Commons,765 Comm Ave,9:30 AM,10:00 AM,11:00 AM,1:00 PM,2,Bruce,,Jamie,
139086,20,Dance Studio Lobby,915 Comm Ave,10:15 AM,10:15 AM,11:00 AM,12:30 PM,1,Luis S,,,
140636,40,L-311,72 E Concord St,10:00 AM,10:00 AM,11:00 AM,1:30 PM,1,Elvin,,,
139083,20,Dance Studio Lobby,915 Comm Ave,10:15 AM,10:15 AM,11:00 AM,12:30 PM,1,Jose ,,,
139081,20,Dance Studio Lobby,915 Comm Ave,10:15 AM,10:15 AM,11:00 AM,12:30 PM,1,Elvin,,,
139085,20,Dance Studio Lobby,915 Comm Ave,10:15 AM,10:15 AM,11:00 AM,12:30 PM,1,Jose,,,
139084,20,Dance Studio Lobby,915 Comm Ave,10:15 AM,10:15 AM,11:00 AM,12:30 PM,1,Jose,,,
139257,40,L-311,72 E Concord St,10:00 AM,10:00 AM,11:00 AM,1:30 PM,1,Sammy,,,
140573,15,Parking office,1019 Comm Ave,10:15 AM,10:15 AM,11:00 AM,12:01:30 AM,1,Luis S,,,
138992,10,Main Room - front of building,730 Comm Ave,10:30 AM,10:30 AM,11:15 AM,12:01:30 AM,1,Jose,,,
138967,20,1st Flr - Boardroom,928 Comm Ave,10:45 AM,10:45 AM,11:30 AM,12:30 PM,1,Luis,,,
138129,12,ENG 245-Alumni Conference Room,110 Cummington,10:45 AM,10:45 AM,11:30 AM,2:00 PM,1,Elvin,,,
138916,5,611 - if locked go to 602 for assistance,745 Comm Ave,10:45 AM,10:45 AM,11:30 AM,12:01:30 AM,1,Jose,,,
139004,30,260- Sociology Kitchen,96 Cummington St.,10:45 AM,10:45 AM,11:30 AM,1:30 PM,1,Sammy,,,
139106,13,122- outside of classroom,1010 Comm Ave,10:45 AM,10:45 AM,11:30 AM,12:01:30 AM,1,Antonio,,,
138130,12,4th Floor-Room 401,44 Cummington,10:45 AM,10:45 AM,11:30 AM,2:00 PM,1,Luis,,,
139253,10,936,8 St Marys,10:45 AM,10:45 AM,11:30 AM,12:30 PM,1,Antonio,,,
140435,20,Common Room,91 Bay State Rd,10:45 AM,10:45 AM,11:30 AM,12:30 PM,1,Romero,,,
139361,45,339,8 St Marys,10:45 AM,10:45 AM,11:30 AM,12:30 PM,1,Romero,,,
139061,30,301,15 St Marys,10:45 AM,10:45 AM,11:30 AM,12:30 PM,1,Romero,Romero,,
138131,12,401,44 Cummington,10:45 AM,10:45 AM,11:30 AM,2:00 PM,1,Antonio,,,
139096,24,358,635 Albany St,10:45 AM,10:45 AM,11:30 AM,12:30 PM,1,Jose,,,
139155,25,512,675 Comm Ave,10:45 AM,10:45 AM,11:30 AM,1:30 PM,1,Luis,,,
140612,3,Metcalf,775 Comm Ave,10:45 AM,10:45 AM,11:30 AM,12:01:30 AM,1,-,,,
138132,12,401,44 Cummington,10:45 AM,10:45 AM,11:30 AM,2:00 PM,1,Romero,,,
140622,60,B03,24 Cummington Mall,10:45 AM,10:45 AM,11:30 AM,12:30 PM,1,Sammy,,,
139058,31,East End Lounge,8 St Marys,10:45 AM,10:45 AM,11:30 AM,1:00 PM,1,Bruce,,,
140592,26,339,8 St. Mary's,10:45 AM,10:45 AM,11:30 AM,1:15 PM,1,Elvin,,,
140625,20,SAO Office,1 University Rd,10:45 AM,10:45 AM,11:30 AM,12:30 PM,1,Jose,,,
138133,12,401,44 Cummington,10:45 AM,10:45 AM,11:30 AM,2:00 PM,1,Romero,,,
140650,25,512,590 Comm Ave,10:45 AM,10:45 AM,11:30 AM,1:30 PM,1,Elvin,,,
140653,4,Library,928 Comm Ave,9:30 AM,10:45 AM,11:30 AM,2:00 PM,3,Jose,Jose,Lynn,
139375,85,Lobby,610 Comm Ave,11:00 AM,11:00 AM,11:45 AM,2:00 PM,1,Antonio,,,
139380,30,15th Floor-Faculty Lounge,765 Comm Ave,9:45 AM,10:45 AM,11:45 AM,12:45 PM,3,Sammy,Sammy,Jamie ,
140791,25,500- in hallway,855 COmm Ave,11:00 AM,11:00 AM,11:45 AM,12:01:30 AM,1,Elvin,,,
140485,25,1st Floor,121 Bay State Rd,11:00 AM,11:00 AM,11:45 AM,1:00 PM,1,Luis S,,,
140696,35,Evans Building Seminar Room,72 East Concord st.,10:45 AM,10:45 AM,11:45 AM,12:01:30 AM,1,Sammy,,,
139295,25,140,111 Cummington,11:00 AM,11:00 AM,11:45 AM,12:01:30 AM,1,Sammy,,,
139379,30,15th Floor-Faculty Lounge,765 Comm Ave,9:45 AM,10:45 AM,11:45 AM,12:45 PM,3,Antonio,Antonio,Jamie,
140437,25,1st Floor,121 Bay State Rd,11:00 AM,11:00 AM,11:45 AM,1:00 PM,1,Sammy,,,
138846,210,Ballroom,775 Comm Ave,10:00 AM,11:00 AM,11:45 AM,2:00 PM,3,Sammy,Sammy,Christine,
138995,55,Barristers,765 Comm Ave,11:00 AM,11:00 AM,11:45 AM,2:00 PM,1,Elvin,,,
139210,16,102,125 Bay State Rd,11:15 AM,11:15 AM,11:45 AM,12:01:30 AM,1,Antonio,,,
139116,13,122- outside of classroom,1010 Comm Ave,10:45 AM,10:45 AM,11:45 AM,12:01:30 AM,1,Luis,,,
138984,19,263,930 Comm Ave,11:00 AM,11:00 AM,11:45 AM,12:01:30 AM,0,Sammy,,,
138830,1,142,25 Buick St.,11:00 AM,11:00 AM,11:45 AM,12:01:30 AM,1,Jose,,,
138856,30,15th Floor-Faculty Lounge,765 Comm Ave,9:45 AM,10:45 AM,11:45 AM,12:45 PM,3,Antonio,Antonio,Jamie ,
139041,20,Reception Area,141 Bay State,11:00 AM,11:00 AM,11:45 AM,1:00 PM,1,Antonio,,,
138681,50,Colloquium Room-9th floor,8 st. Marys,10:30 AM,11:00 AM,12:00 PM,2:00 PM,3,Antonio,Antonio,Molly ,
139002,6,509,1010 Comm Ave,11:15 AM,11:15 AM,12:00 PM,1:00 PM,1,Antonio,,,
139052,40,Pardee School,121 Bay State Rd,11:15 AM,11:15 AM,12:00 PM,1:00 PM,1,Sammy,,,
139065,30,Lobby,236 Bay State Rd,11:15 AM,11:15 AM,12:00 PM,1:00 PM,1,Jose,,,
138728,15,Room B21,111 Cummington,11:15 AM,11:15 AM,12:00 PM,4:00 PM,1,Jose,,,
139218,4,Library - Room on right,Castle,11:15 AM,11:15 AM,12:00 PM,12:01:30 AM,1,Romero,,,
138723,60,Barristers,765 Comm Ave,11:15 AM,11:15 AM,12:00 PM,1:00 PM,1,Sammy,,,
139215,4,Library - Room on right,Castle,11:15 AM,11:15 AM,12:00 PM,12:01:30 AM,1,Romero,,,
139148,20,Main Room,730 Comm Ave,11:15 AM,11:15 AM,12:00 PM,1:00 PM,1,Sammy,,,
139254,15,6th Flr - Career Office,100 Bay State Rd,11:15 AM,11:15 AM,12:00 PM,1:00 PM,1,Romero,,,
139217,4,Library - Room on right,Castle,11:15 AM,11:15 AM,12:00 PM,12:01:30 AM,1,Elvin,,,
138927,10,106,610 Comm Ave,11:15 AM,11:15 AM,12:00 PM,1:00 PM,1,Antonio,,,
139213,4,Library - Room on right,Castle,11:15 AM,11:15 AM,12:00 PM,12:01:30 AM,1,Elvin,,,
139093,10,106,610 Comm Ave,11:15 AM,11:15 AM,12:00 PM,1:00 PM,1,Jose,,,
139334,21,263A&B,930 Comm Ave,11:15 AM,11:15 AM,12:00 PM,12:01:30 AM,1,Romero,Romero,,
140509,1,Kitchen,775 Comm Ave.,0,0,12:00 PM,12:01:30 AM,1,Catering,,,
139036,20,245,110 Cummington Mall,11:15 AM,11:15 AM,12:00 PM,1:00 PM,1,Romero,,,
139388,30,101,610 Comm Ave,11:15 AM,11:15 AM,12:00 PM,1:00 PM,1,Antonio,,,
140418,250,GSU Plaza,775 Comm Ave,10:00 AM,11:00 AM,12:00 PM,3:00 PM,2,Romero,Romero,Lynn ,
140431,15,601,44 Cummington,11:15 AM,11:15 AM,12:00 PM,2:00 PM,1,Romero,,,
139354,15,Pardee School,121 Bay State Rd,11:15 AM,11:15 AM,12:00 PM,1:00 PM,1,Antonio,,,
139312,60,Library,928 Comm Ave,11:15 AM,11:15 AM,12:00 PM,12:30 PM,1,Romero,,,
138610,125,Law Atrium,745 Comm Ave,11:15 AM,11:15 AM,12:00 PM,4:00 PM,2,Elvin,,needs manager,
138682,50,Colloquium Room-9th floor,8 st. Marys,10:30 AM,11:00 AM,12:00 PM,2:00 PM,3,Jose,Jose,Molly ,
139381,17,205,540 Comm Ave ,11:15 AM,11:15 AM,12:00 PM,1:00 PM,1,Jose T,,,
138922,20,Plaza and 1st floor lounge,590 COmm Ave,11:15 AM,11:15 AM,12:00 PM,2:00 PM,1,Luis S,,,
139343,20,253,675 Comm Ave,11:15 AM,11:15 AM,12:00 PM,12:01:30 AM,1,Elvin,,,
140613,6,3rd Floor,100 Bay State Rd,11:15 AM,11:15 AM,12:00 PM,1:00 PM,1,Elvin,,,
140616,30,Meeting Space,730 Comm Ave,11:15 AM,11:15 AM,12:00 PM,1:00 PM,1,Sammy,,,
140649,18,X Building - Rm X304,650 Albany St,11:00 AM,11:00 AM,12:00 PM,1:00 PM,1,Jose,,,
140489,40,Suite 204,775 Comm Ave,11:15 AM,11:15 AM,12:00 PM,1:00 PM,1,-,NO P/U,,
138961,60,5th Floor- Charles River Room,765 Comm Ave,11:15 AM,11:15 AM,12:00 PM,2:00 PM,1,Luis S,,,
140560,15,111A,745 Comm Ave,11:15 AM,11:15 AM,12:00 PM,1:00 PM,1,Jose,,,
138612,125,Law Atrium,745 Comm Ave,11:15 AM,11:15 AM,12:00 PM,4:00 PM,2,Claudia,,Jamie ,
141366,4,0,595 Commonwealth Ave,0,0,12:00 PM,1:00 PM,0,-,,,
140637,22,2nd Floor Commons,808 Commonwealth Ave - Thurman Center,9:45 AM,9:45 AM,12:00 PM,1:30 PM,0,Jose,Jose,,
138734,16,Pardee School,121 Bay State Rd,11:15 AM,11:15 AM,12:00 PM,1:00 PM,1,Luis,,,
140744,9,263,930 Comm Ave,11:15 AM,11:15 AM,12:00 PM,2:00 PM,1,Sammy,,,
140699,100,gsu link,775 comm ave,11:30 AM,11:30 AM,12:00 PM,12:01:30 AM,0,Claudia,,,
140808,7,X Building - X304,650 Albany St,11:00 AM,11:00 AM,12:00 PM,1:00 PM,1,Sammy,,,
140830,15,100E,985 Comm Ave,11:15 AM,11:15 AM,12:00 PM,1:00 PM,1,Elvin,,,
140757,7,351,635 Commonwealth Ave,11:15 AM,11:15 AM,12:00 PM,2:00 PM,1,Romero,,,
141365,4,0,100 Bay State Road,0,0,12:00 PM,1:00 PM,0,-,,,
140488,11,BO2A,677 Beacon St.,11:30 AM,11:30 AM,12:15 PM,12:01:30 AM,1,Romero,,,
139146,50,PICK UP,775 Comm Ave,12:15 PM,12:15 PM,12:15 PM,2:00 PM,1,Claudia,,,
140468,25,420,1010 Comm Ave,11:30 AM,11:30 AM,12:15 PM,12:01:30 AM,1,Romero,,,
140409,6,Housing Office,25 Buick St,11:30 AM,11:30 AM,12:15 PM,12:01:30 AM,1,Luis,,,
139006,10,B02A,677 Beacon St,11:30 AM,11:30 AM,12:15 PM,1:15 PM,1,Jose,,,
139211,3,Library - Room on right ,Castle ,11:45 AM,11:45 AM,12:30 PM,12:01:30 AM,1,,,,
138946,15,423,2 Silber Way,11:45 AM,11:45 AM,12:30 PM,2:00 PM,1,Jose,,,
139050,26,409,745 Comm Ave,11:45 AM,11:45 AM,12:30 PM,1:30 PM,1,ELvin,,,
139292,30,103,24 Cummington,11:45 AM,11:45 AM,12:30 PM,12:01:30 AM,1,Jose,,,
139385,20,411,2 Silber Way,11:45 AM,11:45 AM,12:30 PM,2:00 PM,1,Antonio,,,
139062,3000,0,Cummington Rd,12:30 PM,12:30 PM,12:30 PM,3:30 PM,0,Romero & Jose T,,,
140555,15,Room 443,635 Comm Ave,11:45 AM,11:45 AM,12:30 PM,2:00 PM,1,Luis S,,,
139392,30,411,2 Silber Way,11:45 AM,11:45 AM,12:30 PM,2:00 PM,1,Romero,,,
140588,20,Room 505,232 Bay State Rd,11:45 AM,11:45 AM,12:30 PM,2:00 PM,1,Jose ,,,
140620,30,103,38 Cummington Mall,11:45 AM,11:45 AM,12:30 PM,1:30 PM,1,Luis S,,,
140675,30,15th Floor-Faculty Lounge,765 Comm Ave,11:45 AM,11:45 AM,12:30 PM,2:00 PM,1,Jose,,,
139059,90,906,8 St Marys,12:00 PM,12:00 PM,12:30 PM,1:30 PM,1,Romero,,,
139032,45,4th Floor River Room,213 Bay State Road,12:00 PM,12:00 PM,12:30 PM,1:30 PM,1,Sammy,,,
140807,30,15th Floor-Faculty Lounge,765 Comm Ave,11:45 AM,11:45 AM,12:30 PM,2:00 PM,1,Jose,,,
140551,50,B24,745 Comm Ave,11:45 AM,11:45 AM,12:30 PM,2:00 PM,1,Jose,,,
139229,15,Suite 230,855 Comm Ave,12:00 PM,12:00 PM,12:45 PM,2:00 PM,1,Sammy,,,
139147,25,Lobby,2 Silber Way,12:00 PM,12:00 PM,12:45 PM,1:45 PM,1,Elvin,,,
139189,1,Various,580 Comm Ave,1:00 PM,1:00 PM,1:00 PM,2:15 PM,1,Sammy ,NO P/U,,
139125,50,Terrace Lounge,775 Comm Ave,11:00 AM,12:00 PM,1:00 PM,3:00 PM,2,Antonio,Antonio,Jen Skikas ,
138692,100,Hiebert Lounge,72 E Concord St,12:00 PM,,1:00 PM,3:00 PM,2,Sammy,,,
142913,18,Rm 106B,610 Comm Ave,12:15 PM,12:15 PM,1:00 PM,2:00 PM,1,Antonio,No P/U,,
138742,50,Room 102,765 Comm Ave,12:15 PM,12:15 PM,1:00 PM,2:00 PM,1,Sammy,,,
139255,25,Colloquium Rm,610 Comm Ave,12:15 PM,12:15 PM,1:00 PM,2:00 PM,1,Jose,,,
138790,30,239,775 Comm Ave,12:00 PM,12:00 PM,1:00 PM,2:00 PM,1,Antonio,,,
139337,40,325,745 Comm Ave,12:15 PM,12:15 PM,1:00 PM,3:00 PM,1,Sammy,Sammy,,
139362,50,7th Flr - Atrium,8 St Marys,12:15 PM,12:15 PM,1:00 PM,2:00 PM,1,Luis S,,,
139063,4,200,725 Comm Ave,12:15 PM,12:15 PM,1:00 PM,2:00 PM,1,Jose T,,,
139353,15,203,765 Comm Ave,12:15 PM,12:15 PM,1:00 PM,2:00 PM,1,Sammy,,,
140766,20,Charles River ROom,765 Comm Ave,12:15 PM,12:15 PM,1:00 PM,2:00 PM,1,Luis,,,
141513,20,Cinema Room ,700 Comm Ave ,12:15 PM,12:15 PM,1:00 PM,12:01:30 AM,1,-,,,
140552,50,Room 410,765 Comm Ave,12:15 PM,12:15 PM,1:00 PM,2:00 PM,1,Jose,,,
140712,15,102,750 Comm Ave,12:15 PM,12:15 PM,1:00 PM,2:00 PM,1,Romero,,,
139101,100,4th Floor - Hillel,213 Bay State Road - Hillel House,10:30 AM,12:15 PM,1:00 PM,2:00 PM,2,Romero,Jordan,Renee,
140471,60,Charles River Room,765 Comm Ave,11:00 AM,12:00 PM,1:00 PM,2:00 PM,2,Antonio,Antonio,Jamie ,
139256,40,Suite 902,765 Comm Ave,12:15 PM,12:15 PM,1:00 PM,2:00 PM,1,Antonio,,,
140450,15,Geddes Language Lab,725 Comm Ave,12:30 PM,12:30 PM,1:15 PM,3:00 PM,1,Romero,,,
140448,15,101,718 Comm Ave,12:30 PM,12:30 PM,1:15 PM,1:15 PM,1,Antonio,,,
140449,15,101,718 Comm Ave,12:30 PM,12:30 PM,1:15 PM,3:00 PM,1,Sammy,,,
140477,1,Hillel Kitchen,213 Bay State Rd,1:30 PM,1:30 PM,1:30 PM,,CTG,Luis,,,
140417,1,Various,Various,1:30 PM,1:30 PM,1:30 PM,1:30 PM,1,Jose,NO P/U,,
139080,50,COM Lawn,640 Comm Ave,12:45 PM,12:45 PM,1:30 PM,2:30 PM,1,Romero,,,
138914,10,328,590 Comm Ave,12:45 PM,12:45 PM,1:30 PM,4:00 PM,1,Romero,,,
138859,60,5th Floor-Charles River Room,765 Comm Ave,1:00 PM,1:00 PM,1:45 PM,2:00 PM,1,Elvin,,,
138861,60,5th Floor-Charles River Room,765 Comm Ave,1:00 PM,1:00 PM,1:45 PM,2:00 PM,1,Sammy,Sammy,,
140593,26,339,8 St. Mary's,1:00 PM,1:00 PM,1:45 PM,3:30 PM,1,Romero,,,
138711,1200,Backcourt,775 Comm Ave,1:00 PM,1:00 PM,2:00 PM,4:00 PM,1,Romero,,,
140718,12,Pickup in GSU Kitchen,775 Comm Ave,1:15 PM,1:15 PM,2:00 PM,12:01:30 AM,1,-,,,
139298,15,804E,765 Comm Ave,1:15 PM,1:15 PM,2:00 PM,4:00 PM,1,Sammy,,,
139299,15,804E,765 Comm Ave,1:15 PM,1:15 PM,2:00 PM,4:00 PM,1,Sammy,,,
140783,40,1st Floor Suite,940 Comm Ave,1:15 PM,1:15 PM,2:00 PM,6:00 PM,1,Romero,,,
139037,20,409,745 Comm Ave,1:15 PM,1:15 PM,2:00 PM,3:00 PM,1,Jordan,,,
139049,1,113,5 Cummington,0,0,2:00 PM,2:00 PM,CTG,-,,,
138955,1,Hotel Commonwealth,Hotel Commonwealth,2:00 PM,2:00 PM,2:00 PM,2:00 PM,1,JOrdan ,NO P/U,,
140462,12,Riverside Room,121 Bay State Rd,1:15 PM,1:15 PM,2:00 PM,12:01:30 AM,1,Sammy,,,
139297,15,804E,765 Comm Ave,1:15 PM,1:15 PM,2:00 PM,4:00 PM,1,Elvin,,,
139306,100,Colloquium,8 St Marys,1:00 PM,,2:00 PM,4:00 PM,2,Romero,,Molly ,
139321,60,552,855 COmm Ave,1:15 PM,1:15 PM,2:00 PM,12:01:30 AM,1,Sammy,,,
140624,20,PICK UP,775 Comm Ave,2:00 PM,2:00 PM,2:15 PM,12:01:30 AM,1,Jordan,,,
139310,40,613A,100 Bay State Rd,1:45 PM,1:45 PM,2:30 PM,3:30 PM,1,Sammy,,,
138880,30,Lobby,152 Bay State Rd,1:45 PM,1:45 PM,2:30 PM,5:00 PM,1,Jordan ,,,
138726,60,Barristers,765 Comm Ave,1:45 PM,1:45 PM,2:30 PM,3:30 PM,1,Jordan,,,
138964,40,Newbury Center,755 Comm Ave,2:15 PM,2:15 PM,3:00 PM,4:00 PM,1,Jordan,,,
138008,50,210,8 St Mary's St,2:15 PM,2:15 PM,3:00 PM,4:00 PM,1,Jose,Sammy,,
139372,12,101,718 Comm Ave,2:15 PM,2:15 PM,3:00 PM,3:45 PM,1,Antonio,,,
139082,50,103,24 Cummington Mall,2:15 PM,2:15 PM,3:00 PM,4:00 PM,1,Romero,Sammy,,
139057,100,Underneath the Nickerson Bleachers,Nickerson Field,1:00 PM,2:00 PM,3:00 PM,5:30 PM,2,Jordan,Jordan,,
138003,50,210,8 St Mary's St,2:15 PM,2:15 PM,3:00 PM,4:00 PM,1,Jordan,Jordan,,
141369,50,101,610 Comm Ave,2:15 PM,2:15 PM,3:00 PM,4:00 PM,1,Romero,ROmero ,,
138988,45,Terrace Lounge,775 Comm Ave,2:45 PM,2:45 PM,3:00 PM,3:30 PM,1,Sammy,,,
138009,50,210,8 St Mary's St,2:15 PM,2:15 PM,3:00 PM,4:00 PM,1,Jordan,,,
138925,50,CGS Lobby,871 Comm Ave,2:15 PM,2:15 PM,3:00 PM,5:00 PM,1,Romero ,Antonio,,
140829,15,Call upon arrival,801 Mass Ave,2:15 PM,2:15 PM,3:00 PM,6:00 PM,1,Jose,,,
140447,12,101,718 Comm Ave,2:30 PM,2:30 PM,3:15 PM,4:00 PM,1,Romero,,,
140439,50,Lobby,91 Bay State Rd,2:45 PM,2:45 PM,3:30 PM,5:30 PM,1,Jordan,,,
139293,30,103,24 Cummington,2:45 PM,2:45 PM,3:30 PM,12:01:30 AM,1,Jordan,,,
139000,50,CGS Lobby,855 Comm Ave,2:45 PM,2:45 PM,3:30 PM,12:01:30 AM,1,Sammy ,,,
139001,50,SHA Lobby,928 Comm Ave,2:45 PM,2:45 PM,3:30 PM,12:01:30 AM,1,Sammy,,,
140521,50,lobby,110 Cummington,2:45 PM,2:45 PM,3:30 PM,12:01:30 AM,1,Antonio,,,
140522,50,lobby,2 Silber Way,2:45 PM,2:45 PM,3:30 PM,12:01:30 AM,1,Romero,,,
140464,75,Hiebert Lounge 14th floor,72 East Concord St.,1:30 PM,1:30 PM,3:30 PM,5:00 PM,2,Sammy,Romero,Molly ,
140484,15,5th Floor- Charles River Room,765 Comm Ave,3:15 PM,3:15 PM,4:00 PM,4:45 PM,1,Jose,Bruce,,
139072,140,906,8 St Marys,2:00 PM,3:00 PM,4:00 PM,6:00 PM,2,Jordan ,Jordan,Conor ,
138680,50,Cityspace,820 Comm Ave,2:00 PM,3:00 PM,4:00 PM,6:00 PM,3,Jordan,Jordan,Molly ,
140643,10,201,775 Comm Ave,3:15 PM,3:15 PM,4:00 PM,12:01:30 AM,1,Jordan,,,
138265,15,Room 423,2 Silber Way,3:15 PM,3:15 PM,4:00 PM,6:00 PM,1,Antonio,,,
138267,3,Room 423,2 Silber Way,3:15 PM,3:15 PM,4:00 PM,6:00 PM,1,Antonio,,,
140523,60,Setterberg Lounge,635 Comm Ave,3:15 PM,3:15 PM,4:00 PM,12:01:30 AM,1,Sammy,,,
140469,55,Wilkins Boardroom -Evans 120,72 East Concord ST.,3:00 PM,3:00 PM,4:00 PM,6:00 PM,1,Antonio,antonio ,,
140759,100,Common Room 101,91 Bay State Rd,3:15 PM,3:15 PM,4:00 PM,6:00 PM,1,Sammy ,,,
139327,30,0,775 Comm Ave,,,4:00 PM,12:01:30 AM,1,Claudia,,,
139071,125,Photonics 906,8 St Marys,2:30 PM,3:30 PM,4:00 PM,6:00 PM,2,Sammy,Sammy,Molly ,
140451,8,GSU 310,775 Comm Ave,3:15 PM,3:15 PM,4:00 PM,8:00 PM,3,Bruce,Sammy,needs manager,
139281,20,GSU 312,775 Comm Ave,3:15 PM,3:15 PM,4:00 PM,8:00 PM,3,Bruce,,needs manager,
140483,15,Room 416,765 Comm Ave,3:15 PM,3:15 PM,4:00 PM,4:45 PM,1,Antonio,Antonio,,
139287,50,Colloquium 101,610 Comm Ave,3:30 PM,3:30 PM,4:15 PM,6:00 PM,1,Jordan,Jordan ,,
139247,80,102,855 Comm Ave,3:45 PM,3:45 PM,4:30 PM,6:30 PM,1,Romero,,,
138783,150,Heibert Lounge,72 E. Concord,2:30 PM,2:30 PM,4:30 PM,6:30 PM,1,Jordan,Jordan,,
138975,10,Main Room - front of building,730 Comm Ave,3:45 PM,3:45 PM,4:30 PM,12:01:30 AM,1,Jordan,,,
138817,30,Talbot - 106E,715 Albany St.,3:30 PM,3:30 PM,4:30 PM,12:01:30 AM,1,Romero,,,
139067,125,Photonics 906,8 St Marys,2:30 PM,3:30 PM,4:30 PM,6:00 PM,2,Antonio,Sammy,Lynn,
138991,10,Main Room - front of building,730 Comm Ave,3:45 PM,3:45 PM,4:30 PM,12:01:30 AM,1,Jose,,,
139391,30,Colloquium - 101,610 Comm Ave,3:45 PM,3:45 PM,4:30 PM,6:00 PM,1,Jordan,,,
138344,10,Room 250,2 Silber Way,3:45 PM,3:45 PM,4:30 PM,6:00 PM,1,Jordan,,,
140814,7,322,775 Comm Ave,3:45 PM,3:45 PM,4:30 PM,8:00 PM,1,Romero ,,,
140647,2,Tsai Performance Center,685 Comm Ave,3:45 PM,3:45 PM,4:30 PM,12:01:30 AM,1,Antonio,,,
138985,45,Terrace Lounge,775 Comm Ave,3:45 PM,3:45 PM,4:30 PM,5:00 PM,1,Bruce,,,
138595,120,Main Meeting Area,730 Comm Ave,3:00 PM,3:00 PM,5:00 PM,7:00 PM,3,Jordan,Jordan,Jen open/Nate Close ,
139395,40,Basement Study Hall Area,590 Comm Ave,4:15 PM,4:15 PM,5:00 PM,6:00 PM,1,Romero,,,
140735,30,PICK UP,775 Comm Ave,4:45 PM,4:45 PM,5:00 PM,8:00 PM,1,Jordan,,,
139133,25,Katzenberg Center -3rd floor,871 Comm Ave,4:15 PM,4:15 PM,5:00 PM,6:00 PM,1,Romero,Romero,,
140518,24,HTC - Evetn Space,808 Comm Ave,4:15 PM,4:15 PM,5:00 PM,7:00 PM,1,Jordan,Jordan,,
140517,12,103,24 Cummington,4:15 PM,4:15 PM,5:00 PM,6:00 PM,1,Sammy,,,
140572,35,Meeting Space,730 Comm Ave,4:15 PM,4:15 PM,5:00 PM,7:00 PM,1,Sammy,,,
140591,15,Room 321,775 Comm Ave,4:15 PM,4:15 PM,5:00 PM,6:00 PM,1,Bruce,,,
140470,25,613B,100 BSR,4:15 PM,4:15 PM,5:00 PM,12:01:30 AM,1,Jordan,,,
140693,50,SCI 103A,590 Comm Ave,4:15 PM,4:15 PM,5:00 PM,6:00 PM,1,Antonio,,,
139087,50,COM Lawn,640 Comm Ave,3:00 PM,4:00 PM,5:00 PM,6:30 PM,2,Sammy,Sammy,Lynn,
140444,120,GSU Backcourt,775 Comm Ave,4:15 PM,4:15 PM,5:00 PM,9:00 PM,1,Jordan,Jordan,Lynn ,
139364,40,Law School - Charles River Room 5th Floor,765 Comm Ave,2:00 PM,3:30 PM,5:00 PM,6:30 PM,3,Jordan,Jordan,Christine,
138958,100,0,890 Comm Ave,4:00 PM,4:00 PM,5:00 PM,9:30 PM,1,Antonio,Jordan,,
138994,15,Heibert Lounge-14th Floor,72 East Concord Street,4:15 PM,4:15 PM,5:15 PM,7:00 PM,1,Jose,Romero,,
140463,40,GSU 1st floor kitchen,775 Comm Ave,,,5:15 PM,12:01:30 AM,1,Claudia,,,
140460,14,B18,755 Comm Ave,4:45 PM,4:45 PM,5:30 PM,12:01:30 AM,1,Jordan,,,
140600,15,Newbury Center,755 Comm Ave,4:45 PM,4:45 PM,5:30 PM,6:30 PM,1,Sammy,,,
140589,40,Lobby,610 Comm Ave,4:45 PM,4:45 PM,5:30 PM,6:30 PM,1,Antonio,,,
140599,10,101,765 Comm Ave,4:45 PM,4:45 PM,5:30 PM,6:30 PM,1,jen,,,
140459,12,B18,755 Comm Ave,4:45 PM,4:45 PM,5:30 PM,12:01:30 AM,1,Antonio,,,
140457,12,B18,755 Comm Ave,4:45 PM,4:45 PM,5:30 PM,12:01:30 AM,1,Jordan ,,,
140458,35,B18,755 Comm Ave,4:45 PM,4:45 PM,5:30 PM,12:01:30 AM,1,Jordan,,,
138978,40,The Castle,225 Bay State Rd,3:30 PM,3:30 PM,5:30 PM,7:30 PM,2,Jose,Romero,Molly ,
140734,400,Ballroom,775 Comm Ave,3:30 PM,4:30 PM,5:30 PM,7:30 PM,2,Jordan,,Conor ,
140432,100,The Castle,225 Bay State Rd,3:30 PM,4:30 PM,5:30 PM,7:00 PM,2,Jordan,Jordan,Molly,
138956,100,0,890 Comm Ave,4:30 PM,4:30 PM,5:30 PM,8:30 PM,1,Romero,Romero,,
138997,1,Small Ballroom GSU,213 Bay State Road,5:00 PM,5:00 PM,5:30 PM,10:00 PM,0,Bruce,,,
138959,150,0,890 Comm Ave,4:30 PM,4:30 PM,5:30 PM,9:30 PM,1,Sammy,,,
140455,12,Main Entrance,755 COmm Ave ,5:15 PM,5:15 PM,5:45 PM,12:01:30 AM,1,,,,
138693,100,Large Ballroom,775 Commonwealth ave,3:45 PM,5:15 PM,5:45 PM,8:30 PM,3,Jordan,N/A,Jen ,
138963,13,Newbury Center,755 Comm Ave,5:15 PM,5:15 PM,6:00 PM,7:00 PM,1,Romero,,,
138917,12,251,1 University Rd,5:15 PM,5:15 PM,6:00 PM,12:01:30 AM,1,Sammy,,,
139336,60,Colloquium,8 St Marys,5:15 PM,5:15 PM,6:00 PM,8:00 PM,1,Jordan,Jordan,,
138567,150,WBUR,820 Comm Ave,4:00 PM,5:15 PM,6:00 PM,9:00 PM,2,Jordan,Jordan,Lynn ,
139241,400,Metcalf Ballroom,775 Comm Ave,4:00 PM,5:00 PM,6:00 PM,9:00 PM,2,Sammy,Sammy,Molly ,
138663,500,Ziskind,775 Comm Ave,4:00 PM,5:15 PM,6:00 PM,7:00 PM,2,Sammy,Sammy,Jen ,
140519,250,HTC Kitchen Area - in great space area,808 Comm Ave,5:00 PM,5:00 PM,6:00 PM,9:00 PM,1,Romero & Alex ,,,
140561,60,The Castle,225 Bay State Rd,4:00 PM,5:00 PM,6:00 PM,9:00 PM,2,Jordan,Jordan,Lynn,
140714,120,2nd Flr - Atrium,8 St Marys,5:15 PM,5:15 PM,6:00 PM,7:00 PM,1,Romero,,,
140597,50,Castle,225 Bay State Rd,4:00 PM,5:15 PM,6:00 PM,8:00 PM,2,Jordan,Romero,PeterCaterstaff/Brody ,
138960,100,0,890 Comm Ave,5:00 PM,5:00 PM,6:00 PM,9:30 PM,1,Romero,,,
140454,30,East Balconey,775 Comm Ave,4:00 PM,5:00 PM,6:00 PM,7:00 PM,3,Antonio,,Monique ,
140547,70,906,8 St Marys,5:15 PM,5:15 PM,6:00 PM,8:00 PM,1,Jordan,,,
138784,40,Law Aud Lobby,765 Comm Ave,4:30 PM,4:30 PM,6:00 PM,8:00 PM,2,Antonio,Antonio,,
140681,50,The Castle,225 Bay State Rd,4:00 PM,5:00 PM,6:00 PM,7:00 PM,2,Antonio,Antonio,Nate ,
140716,30,613A/B,100 Bay State Rd,5:15 PM,5:15 PM,6:00 PM,8:00 PM,1,Antonio,,,
140710,4,320 and 321,GSU,5:30 PM,5:30 PM,6:30 PM,8:30 PM,3,Jordan,,Molly,
140579,15,1st Flr - SARP Office,930 Comm Ave,5:45 PM,5:45 PM,6:30 PM,7:30 PM,1,Romero,,,
139396,60,SCI B23,590 Comm Ave,5:30 PM,5:30 PM,6:30 PM,7:30 PM,2,Jordan,Jordan,Meidy,
139239,40,7th Floor Atrium,8 St. Mary's,4:30 PM,4:30 PM,6:30 PM,8:30 PM,2,Sammy,Romero,Molly ,
139274,80,B23/24,745 Comm Ave,5:45 PM,5:45 PM,6:30 PM,9:30 PM,1,Jordan,,,
138928,40,Castle,Castle,4:30 PM,5:30 PM,6:30 PM,9:00 PM,3,Romero,Romero,Conor ,
140434,60,PICK UP,775 Comm Ave,6:30 PM,6:30 PM,6:30 PM,12:01:30 AM,1,Jordan,,,
138957,230,0,890 Comm Ave,5:30 PM,5:30 PM,6:30 PM,9:30 PM,1,Jordan,,,
139374,18,Lobby,730 Comm Ave,5:45 PM,5:45 PM,6:30 PM,12:01:30 AM,1,Romero,,,
138725,11,Castle,225 Bay State Rd,4:30 PM,5:30 PM,6:30 PM,8:00 PM,3,Romero,Romero,Lynn,
138990,30,Terrace Lounge,775 Comm Ave,4:45 PM,5:45 PM,6:45 PM,8:00 PM,3,,,Lynn ,
140424,70,Back Court,775 Comm Ave,5:00 PM,5:45 PM,7:00 PM,11:00 PM,2,Jordan,Jordan,Lynn,
140617,20,410,808 Comm Ave,6:15 PM,6:15 PM,7:00 PM,9:00 PM,1,Jordan,,,
140453,30,Castle,Castle,5:00 PM,6:00 PM,7:00 PM,8:00 PM,3,Jordan,Jordan,Molly,
140461,250,Ballroom,775 Comm Ave,5:00 PM,5:00 PM,7:00 PM,9:00 PM,2,Bruce,,Monique ,
138679,75,Barristers,765 Comm Ave,5:00 PM,6:15 PM,7:00 PM,9:00 PM,2,Jordan,,Lynn ,
138684,100,Backcourt,775 Comm Ave,5:00 PM,6:00 PM,7:00 PM,9:30 PM,2,Antonio,Jordan,Conor,
140642,23,Library,928 Comm Ave,5:00 PM,6:15 PM,7:00 PM,9:00 PM,2,antonio,Antonio ,Nate,
140774,50,Barristers,765 Comm ave,6:15 PM,6:15 PM,7:00 PM,9:00 PM,1,Antonio,,,
139328,30,906,8 St Marys,6:15 PM,6:15 PM,7:00 PM,8:30 PM,1,Antonio,,,
138743,45,Room G-170,635 Albany St,6:15 PM,6:15 PM,7:00 PM,9:30 PM,1,Jordan ,,,
139003,35,Room 103,765 Comm Ave,6:15 PM,6:15 PM,7:00 PM,8:00 PM,1,Bruce,,,
139347,20,Common Room,91 Bay State Rd,6:15 PM,6:15 PM,7:00 PM,8:00 PM,1,Romero,,,
138993,150,Metcalf Ballroom,775 Comm Ave,5:00 PM,5:45 PM,7:00 PM,11:00 PM,2,Jordan,Jordan,Lynn ,
139279,175,Ziskind,775 Comm Ave,7:15 PM,7:15 PM,8:00 PM,9:00 PM,3,Sammy,,Jen ,
138847,200,Tsai Center Lobby,685 Commonwealth Ave,5:30 PM,5:30 PM,8:00 PM,9:30 PM,3,Sammy,Jordan,Lynn,
139112,300,Metcalf Ballroom,775 Commonwealth Ave,8:15 PM,8:15 PM,9:00 PM,1:00 AM,1,Bruce,,,
Grand Totals,,,,,,,,,,,,
,,,,,,,,,,,,
Event ID,Guest Count,,,,,,,,,,,
500,"22,936.00",,,,,,,,,,,
