Daily Run Sheet - GSU  -  9/1/2022 to 9/30/2022,,,,,,,,,,,,
Event ID,Guest Count,Building Room,Street Address,SuppliesTime,Food Time,Event Start Time,End Time,Tier,Drop Steward,Pick Up Steward,Event Manager,Select
143732,1,GSU,775 Comm Ave,6:30 AM,6:30 AM,6:30 AM,6:30 AM,1,Luis,NO P/U,,
143733,1,GSU,775 Comm Ave,6:30 AM,6:30 AM,6:30 AM,6:30 AM,1,Antonio,NO P/U,,
143734,1,GSU,775 Comm Ave,6:30 AM,6:30 AM,6:30 AM,6:30 AM,1,Luis,NO P/U,,
143735,1,GSU,775 Comm Ave,6:30 AM,6:30 AM,6:30 AM,6:30 AM,1,Luis,NO P/U,,
143736,1,GSU,775 Comm Ave,6:30 AM,6:30 AM,6:30 AM,6:30 AM,1,Luis,NO P/U,,
143737,1,GSU,775 Comm Ave,6:30 AM,6:30 AM,6:30 AM,6:30 AM,1,Luis,NO P/U,,
143738,1,GSU,775 Comm Ave,6:30 AM,6:30 AM,6:30 AM,6:30 AM,1,Luis,NO P/U,,
143739,1,GSU,775 Comm Ave,6:30 AM,6:30 AM,6:30 AM,6:30 AM,1,Luis,NO P/U,,
143740,1,GSU,775 Comm Ave,6:30 AM,6:30 AM,6:30 AM,6:30 AM,1,Luis,NO P/U,,
143741,1,GSU,775 Comm Ave,6:30 AM,6:30 AM,6:30 AM,6:30 AM,1,Luis,NO P/U,,
143742,1,GSU,775 Comm Ave,6:30 AM,6:30 AM,6:30 AM,6:30 AM,1,Luis,NO P/U,,
143743,1,GSU,775 Comm Ave,6:30 AM,6:30 AM,6:30 AM,6:30 AM,1,Luis,NO P/U,,
143744,1,GSU,775 Comm Ave,6:30 AM,6:30 AM,6:30 AM,6:30 AM,1,Luis,NO P/U,,
143745,1,GSU,775 Comm Ave,6:30 AM,6:30 AM,6:30 AM,6:30 AM,1,Luis,NO P/U,,
143746,1,GSU,775 Comm Ave,6:30 AM,6:30 AM,6:30 AM,6:30 AM,1,Luis,NO P/U,,
143747,1,GSU,775 Comm Ave,6:30 AM,6:30 AM,6:30 AM,6:30 AM,1,Luis,NO P/U,,
143748,1,GSU,775 Comm Ave,6:30 AM,6:30 AM,6:30 AM,6:30 AM,1,Luis,NO P/U,,
143749,1,GSU,775 Comm Ave,6:30 AM,6:30 AM,6:30 AM,6:30 AM,1,Luis,NO P/U,,
143750,1,GSU,775 Comm Ave,6:30 AM,6:30 AM,6:30 AM,6:30 AM,1,Luis,NO P/U,,
143751,1,GSU,775 Comm Ave,6:30 AM,6:30 AM,6:30 AM,6:30 AM,1,Luis,NO P/U,,
143752,1,GSU,775 Comm Ave,6:30 AM,6:30 AM,6:30 AM,6:30 AM,1,Luis,NO P/U,,
143753,1,GSU,775 Comm Ave,6:30 AM,6:30 AM,6:30 AM,6:30 AM,1,Luis,NO P/U,,
144242,500,4th Floor in GSU,775 Comm Ave,6:30 AM,6:30 AM,7:00 AM,7:00 AM,2,Antonio,NO P/U,Needs Manager,
144482,85,Terrace lounge,775 Comm Ave,6:30 AM,6:30 AM,7:00 AM,11:00 AM,1,Antonio,Antonio,,
144241,500,4th Floor in GSU,775 Comm Ave,6:30 AM,6:30 AM,7:00 AM,7:00 AM,2,Luis,NO P/U,Needs Manager,
144477,85,Terrace Lounge,775 Comm Ave,6:45 AM,6:45 AM,7:30 AM,8:30 AM,1,Jose,Jamal,,
143821,1,GSU,775 Comm Ave,7:30 AM,7:30 AM,7:30 AM,7:30 AM,1,Antonio,NO P/U,,
143817,1,GSU,775 Comm Ave,7:30 AM,7:30 AM,7:30 AM,7:30 AM,1,Romero,NO P/U,,
143822,1,GSU,775 Comm Ave,7:30 AM,7:30 AM,7:30 AM,7:30 AM,1,Romero,NO P/U,,
143818,1,GSU,775 Comm Ave,7:30 AM,7:30 AM,7:30 AM,7:30 AM,1,Jose,NO P/U,,
143820,1,GSU,775 Comm Ave,7:30 AM,7:30 AM,7:30 AM,7:30 AM,1,Jose,NO P/U,,
143824,1,GSU,775 Comm Ave,7:30 AM,7:30 AM,7:30 AM,7:30 AM,1,Juan,NO P/U,,
143823,1,GSU,775 Comm Ave,7:30 AM,7:30 AM,7:30 AM,7:30 AM,1,Antonio,NO P/U,,
143819,1,GSU,775 Comm Ave,7:30 AM,7:30 AM,7:30 AM,7:30 AM,1,Jose,NO P/U,,
146025,50,Lobby,43 Hawes,7:15 AM,7:15 AM,8:00 AM,9:00 AM,1,Antonio,Luis,,
145700,130,201,43 Hawes Street,7:15 AM,7:15 AM,8:00 AM,10:00 AM,1,Jose,Sammy,,
146151,180,PICK UP,10 Buick St,,,8:00 AM,8:00 AM,CTG,-,N/A,,
146196,25,HVAC Shop,120 Ashford St,7:15 AM,7:15 AM,8:00 AM,9:00 AM,1,Luis,Romero,,
144511,25,3rd flr. Boardroom,SHAW,7:15 AM,7:15 AM,8:00 AM,9:45 AM,1,Luis,Luis,,
146184,100,Faculty Lounge,765 Comm Ave,7:30 AM,7:30 AM,8:00 AM,8:00 AM,1,-,,,
146185,100,Faculty Lounge,765 Comm Ave,7:30 AM,7:30 AM,8:00 AM,8:00 AM,1,-,,,
145906,10,ERB 105,44 Cummington Mall,7:15 AM,7:15 AM,8:00 AM,9:00 AM,1,Antonio,No P/U,,
145779,15,111A,745 Comm Ave,7:15 AM,7:15 AM,8:00 AM,9:00 AM,1,Luis,No P/U,,
144266,1610,Follow Grid,Follow grid,8:00 AM,8:00 AM,8:00 AM,8:00 AM,CTG,Romero,No P/U,,
143698,100,BU Beach,775 Comm Ave,7:15 AM,7:15 AM,8:00 AM,10:00 AM,1,Antonio,Romero,,
145615,85,Terrace lounge,775 Comm Ave,7:15 AM,7:15 AM,8:00 AM,11:00 AM,1,Antonio,No P/U,,
144267,1610,Follow Grid,Follow grid,8:00 AM,8:00 AM,8:00 AM,8:00 AM,CTG,Romero,No P/U,,
144268,1610,Follow Grid,Follow grid,8:00 AM,8:00 AM,8:00 AM,8:00 AM,CTG,Luis,No P/U,,
144361,70,Lobby,610 Comm Ave,7:15 AM,7:15 AM,8:00 AM,10:00 AM,1,Luis,Antonio,,
145620,20,Room 610,635 Comm Ave,7:15 AM,7:15 AM,8:00 AM,10:00 AM,1,Luis,No P/U,,
144398,30,Main Lobby (Child care Fac.),10 Lenox St,7:15 AM,7:15 AM,8:00 AM,10:00 AM,1,Romero,Jamal,,
144264,1610,Follow Grid,Follow grid,8:00 AM,8:00 AM,8:00 AM,8:00 AM,CTG,Flex,No P/U,,
144399,30,Main Lobby (Child care Fac.),10 Lenox St,7:15 AM,7:15 AM,8:00 AM,10:00 AM,1,Jamal,Jose,,
144265,1610,Follow Grid,Follow grid,8:00 AM,8:00 AM,8:00 AM,8:00 AM,CTG,Sammy,No P/U,,
143395,275,COM Lawn,640 Comm. Ave,7:15 AM,7:15 AM,8:00 AM,9:30 AM,1,Jose,Jose,,
143575,40,Lobby,610 Comm Ave,7:15 AM,7:15 AM,8:00 AM,9:00 AM,1,Jose,Juan,,
143586,275,Atrium,765 Comm Ave,6:00 AM,7:00 AM,8:00 AM,9:15 AM,2,Romero,Juan,needs manager,
144055,65,LSE Room 103,24 Cummington Mall,7:30 AM,7:30 AM,8:15 AM,9:00 AM,1,Jamal,Jose,,
144452,350,401,72 E Concord,7:15 AM,7:15 AM,8:15 AM,9:15 AM,1,Sammy,Sammy,,
144107,25,Charles River Room 5th Floor,765 Comm. Ave,7:45 AM,7:45 AM,8:30 AM,10:00 AM,1,Romero,Antonio,,
144063,140,Ladd Rotunda,43 Hawes Street,7:45 AM,7:45 AM,8:30 AM,9:30 AM,1,Luis,Juan,,
144429,7,0,225 Bay St.,8:00 AM,8:00 AM,8:30 AM,2:00 PM,1,Antonio,Antonio,,
144456,15,611,745 Comm Ave,7:45 AM,7:45 AM,8:30 AM,9:30 AM,1,Jose,No P/U,,
144515,20,104,226 Bay State Rd,7:45 AM,7:45 AM,8:30 AM,9:30 AM,1,Romero,No P/U,,
145631,100,1st Flr Library,928 Comm Ave,7:45 AM,7:45 AM,8:30 AM,9:30 AM,1,Antonio,No P/U,,
144432,25,Conant Lounge,264 Bay St. Rd.,7:30 AM,7:30 AM,8:30 AM,11:00 AM,1,Antonio,Luis,,
145677,1,PICK UP,775 Comm Ave,7:45 AM,7:45 AM,8:30 AM,3:00 PM,1,-,,,
145852,10,Conference Cloths,125 Bay State,7:45 AM,7:45 AM,8:30 AM,10:30 AM,1,Luis,No P/U,,
144580,100,LOBBY,610 Comm Ave,7:45 AM,7:45 AM,8:30 AM,10:30 AM,1,Luis,Romero,,
145757,40,B18,755 Comm Ave,7:45 AM,7:45 AM,8:30 AM,9:30 AM,1,Luis,No P/U,,
145616,50,Yawkey 613 A&B,100 Bay State Road,7:30 AM,7:30 AM,8:30 AM,9:15 AM,1,Luis,Luis,Strong Waitstaff,
145903,8,201,25 Buick St,7:45 AM,7:45 AM,8:30 AM,9:30 AM,1,Antonio,No P/U,,
145759,40,B18,755 Comm Ave,7:45 AM,7:45 AM,8:30 AM,9:30 AM,1,Antonio,No P/U,,
146017,100,Lobby,610 Comm Ave,7:45 AM,7:45 AM,8:30 AM,10:30 AM,1,Luis,Jose,,
145899,75,906,8 St Marys,7:45 AM,7:45 AM,8:30 AM,9:30 AM,1,Antonio,Antonio,,
144069,30,BOH Stage Area - Food Tent,BU Beach,7:45 AM,7:45 AM,8:30 AM,9:00 AM,1,Jose,Jose,,
145758,40,B18,755 Comm Ave,7:45 AM,7:45 AM,8:30 AM,9:30 AM,1,Jose,No P/U,,
145598,25,Room 301,43 Hawes,7:45 AM,7:45 AM,8:30 AM,9:00 AM,1,Luis,Luis,,
145760,40,B18,755 Comm Ave,7:45 AM,7:45 AM,8:30 AM,9:30 AM,1,Jose,No P/U,,
146194,30,1st FL Lobby,928 Comm Ave,7:45 AM,7:45 AM,8:30 AM,10:00 AM,1,Antonio,No P/U,,
147443,60,PICK UP,725 Comm Ave,,,8:30 AM,12:01:30 AM,1,-,,,
147320,20,420,1010 Comm Ave,8:00 AM,8:00 AM,8:45 AM,10:00 AM,1,Luis,No P/U,,
146251,15,Main Office,120 Ashford St,8:00 AM,8:00 AM,8:45 AM,10:00 AM,1,Luis,No P/U,,
145850,20,Lobby,121 Bay State Rd,8:00 AM,8:00 AM,8:45 AM,12:01:30 AM,1,Luis ,Luis,,
146071,15,545 A/B,100 Bay State Rd,8:00 AM,8:00 AM,8:45 AM,9:45 AM,1,Luis,No P/U,,
146133,15,200,725 Comm Ave,8:00 AM,8:00 AM,8:45 AM,10:00 AM,1,Luis,No P/U,,
148550,15,Main Office,120 Ashford St,8:00 AM,8:00 AM,8:45 AM,10:00 AM,1,Luis,No P/U,,
144295,150,B23/24,745 Comm Ave,8:00 AM,8:00 AM,8:45 AM,9:30 AM,1,Juan,Antonio,,
144527,15,SAO Office,1 University Rd,8:15 AM,8:15 AM,9:00 AM,10:00 AM,1,Flex,No P/U,,
144190,100,CFA Concert Hall,855 Comm. Ave,8:15 AM,8:15 AM,9:00 AM,10:30 AM,1,Romero,Antonio,,
144094,50,3rd Floor East Enclosure,775 Comm Ave,8:15 AM,8:15 AM,9:00 AM,12:00 PM,1,Antonio,Jamal,,
144526,15,SAO Office,1 University Rd,8:15 AM,8:15 AM,9:00 AM,10:00 AM,1,Antonio,No P/U,,
144509,13,3rd FLR. Boardroom,SHAW,8:30 AM,8:30 AM,9:00 AM,10:00 AM,1,Jamal,No P/U,,
143685,30,536 - Geddes Lounge,685 Comm. Ave,8:15 AM,8:15 AM,9:00 AM,11:00 AM,1,Luis,Jamal,,
144226,18,303A,725 Comm Ave,8:15 AM,8:15 AM,9:00 AM,5:00 PM,1,Jamal,No P/U,,
146236,25,Plaza,775 Comm Ave,8:15 AM,8:15 AM,9:00 AM,9:00 AM,1,COTC,COTC,,
144227,22,200,725 Comm Ave,8:15 AM,8:15 AM,9:00 AM,11:00 AM,1,Luis,No P/U,,
145808,40,3rd Flr Boardroom,928 Comm Ave,8:15 AM,8:15 AM,9:00 AM,10:00 AM,1,Sammy,Sammy,,
145768,20,210,53 Bay State Rd,8:15 AM,8:15 AM,9:00 AM,10:00 AM,1,Luis,No P/U,,
146135,15,200,725 Comm Ave,8:15 AM,8:15 AM,9:00 AM,12:00 PM,1,Antonio,No P/U,,
146200,12,423,2 Silber Way,8:15 AM,8:15 AM,9:00 AM,11:00 AM,1,Jose,No P/U,,
145648,25,3rd Floor Board Room,928 Comm Ave,8:15 AM,8:15 AM,9:00 AM,10:00 AM,1,Luis,Luis,,
146181,25,B04,755 Comm Ave,8:15 AM,8:15 AM,9:00 AM,10:00 AM,1,Antonio,Antonio,,
147354,7,East Balcony,775 Comm Ave,8:15 AM,8:15 AM,9:00 AM,10:00 AM,1,Antonio,No P/U,,
147356,15,East Balcony,775 Comm Ave,8:15 AM,8:15 AM,9:00 AM,10:00 AM,1,Juan,No P/U,,
147424,50,Lobby,24 Cummington Mall,8:15 AM,8:15 AM,9:00 AM,10:00 AM,1,Luis,Luis,,
143110,120,Outside Concert Hall,855 Comm Ave,8:30 AM,8:30 AM,9:15 AM,11:00 AM,1,Antonio,Romero,,
145847,15,324,8 St Marys,8:30 AM,8:30 AM,9:15 AM,12:00 PM,1,Luis,No P/U,,
144471,20,7th flr - B7800,72 E Concord St,8:15 AM,8:15 AM,9:15 AM,10:15 AM,1,Antonio,No P/U,,
144369,24,PICK UP @ Einstein,725 Comm Ave,9:15 AM,9:15 AM,9:30 AM,11:00 AM,1,N/A,No P/U,,
144332,80,0,213 Bay State Road,9:30 AM,9:30 AM,9:30 AM,9:30 AM,1,Antonio,No P/U,,
144140,800,Conference Auditorium & Terrace Lounge,775 Comm. Ave,8:45 AM,8:45 AM,9:30 AM,1:30 PM,1,Antonio and Luis,Antonio,,
144331,80,0,213 Bay State Road,9:30 AM,9:30 AM,9:30 AM,9:30 AM,1,Luis,No P/U,,
144368,24,PICK UP @ Einstein,725 Comm Ave,9:15 AM,9:15 AM,9:30 AM,11:00 AM,1,N/A,No P/U,,
144103,40,0,111 Cummington Street,8:45 AM,8:45 AM,9:30 AM,11:30 AM,1,Jose,Antonio,,
144352,250,1st Flr Student Lounge,640 Comm Ave,8:45 AM,8:45 AM,9:30 AM,10:00 AM,1,Jose,No P/U,,
145981,30,B06,179 Amory Street,8:45 AM,8:45 AM,9:30 AM,11:30 AM,1,Romero,Antonio,,
145958,24,PICK UP @ Einstein,725 Comm Ave,9:15 AM,9:15 AM,9:30 AM,11:00 AM,1,N/A,,,
144370,24,PICK UP @ Einstein,725 Comm Ave,9:15 AM,9:15 AM,9:30 AM,11:00 AM,1,N/A,,,
145818,30,STH 325,745 Comm Ave,8:45 AM,8:45 AM,9:30 AM,11:00 AM,1,Antonio,Luis,,
146108,25,204,765 Comm Ave,8:45 AM,8:45 AM,9:30 AM,10:00 AM,1,Antonio,Antonio,,
144371,24,PICK UP @ Einstein,725 Comm Ave,9:15 AM,9:15 AM,9:30 AM,11:00 AM,1,N/A,,,
145959,24,PICK UP @ Einstein,725 Comm Ave,9:15 AM,9:15 AM,9:30 AM,11:00 AM,1,N/A,,,
145691,24,Pick Up at GSU,725 Comm Ave,9:00 AM,9:00 AM,9:45 AM,10:00 AM,1,Flex,No P/U,,
145690,24,Pick Up at GSU,725 Comm Ave,9:00 AM,9:00 AM,9:45 AM,10:00 AM,1,Luis,No P/U,,
145689,24,Pick Up at GSU,725 Comm Ave,9:00 AM,9:00 AM,9:45 AM,10:00 AM,1,Jose,No P/U,,
145619,24,Pick Up at GSU,725 Comm Ave,9:00 AM,9:00 AM,9:45 AM,10:00 AM,1,Jose,No P/U,,
145812,20,417,635 Comm Ave,9:15 AM,9:15 AM,10:00 AM,11:00 AM,1,Sammy,No P/U,,
144436,50,YAW 545,100 Bay St. Rd,9:15 AM,9:15 AM,10:00 AM,11:30 AM,1,Jose,Luis,,
145870,1,GSU Kitchen,25 Pilgrim Rd,10:00 AM,0,10:00 AM,2:00 PM,1,Luis/Jose,No P/U,,
145798,60,230,855 Comm Ave,9:15 AM,9:15 AM,10:00 AM,11:00 AM,1,Antonio,No P/U,,
145629,24,1st Flr Library,928 Comm Ave,9:15 AM,9:15 AM,10:00 AM,11:00 AM,1,Luis,No P/U,,
143909,30,906,8 Saint Mary's,9:15 AM,9:15 AM,10:00 AM,11:00 AM,1,Antonio,Luis,,
139023,25,2nd floor Fit Rec Office,915 Comm Ave,9:15 AM,9:15 AM,10:00 AM,12:01:30 AM,1,Antonio,No P/U,,
145654,1,Booth Plaza,820 Comm Ave,8:45 AM,8:45 AM,10:00 AM,11:00 AM,1,Flex,No P/U,,
145607,2,B01-B06,881 Comm. Ave,8:45 AM,8:45 AM,10:00 AM,11:00 AM,1,Jose,No P/U,,
145622,25,BRB 113,5 Cummington Mall,9:15 AM,9:15 AM,10:00 AM,12:00 PM,1,Jose,No P/U,,
145610,1,B01-B06,881 Comm. Ave,9:00 AM,9:00 AM,10:00 AM,11:00 AM,1,Jose,No P/U,,
145608,2,B01-B06,881 Comm. Ave,9:00 AM,9:00 AM,10:00 AM,11:00 AM,1,Antonio,No P/U,,
145869,50,Build Lab,730 Comm Ave,9:15 AM,9:15 AM,10:00 AM,12:00 PM,1,Luis,No P/U,,
145914,12,PHO 428,8 Saint Marys,9:15 AM,9:15 AM,10:00 AM,11:00 AM,1,Jose,No P/U,,
145900,75,906,8 St Marys,9:15 AM,9:15 AM,10:00 AM,10:30 AM,1,Antonio,Jose,,
146240,40,BUild Lab,730 Comm Ave,9:15 AM,9:15 AM,10:00 AM,11:00 AM,1,-,,,
147348,100,0,928 Comm. Ave,9:15 AM,9:15 AM,10:00 AM,1:00 PM,1,Juan,Sammy,,
143386,25,Housing Office,25 Buick Street,9:15 AM,9:15 AM,10:00 AM,12:01:30 AM,1,Antonio,No P/U,,
146312,75,101,91 Bay St. Rd.,9:00 AM,9:00 AM,10:00 AM,12:00 PM,1,juan,Jamal,,
146217,12,717,8 St. Marys St,9:15 AM,9:15 AM,10:00 AM,11:00 AM,1,Jose,No P/U,,
147506,1,0,0,0,0,10:15 AM,12:01:30 AM,0,-,,,
147507,1,0,0,0,0,10:15 AM,12:01:30 AM,0,-,,,
146216,40,906,8 ST. MARYS,9:45 AM,9:45 AM,10:15 AM,2:00 PM,1,Jose,Sammy,,
145717,65,Kilachand Lobby,610 Comm Ave,9:00 AM,10:00 AM,10:15 AM,12:30 PM,0,Jose,Jose,Christine,
145637,625,Ziskind & Stone Lobby,775 Commonwealth Ave.,9:30 AM,9:30 AM,10:30 AM,12:00 PM,1,Antonio,Jamal,,
144467,85,906,8 St Marys,9:45 AM,9:45 AM,10:30 AM,11:30 AM,1,Jamal,Jamal,,
145846,17,407,143 Bay State Rd,9:45 AM,9:45 AM,10:30 AM,12:30 PM,1,Jose,No P/U,,
147321,16,423,2 Silber Way,9:45 AM,9:45 AM,10:30 AM,11:30 AM,1,Luis,Romero,,
145705,15,2nd Floor-Room 257,635 Comm Ave,9:45 AM,9:45 AM,10:30 AM,12:00 PM,1,Antonio,Juan,,
147385,40,0,0,,,10:30 AM,1:15 PM,1,Romero,No P/U,,
145714,25,339,8 St Marys,9:45 AM,9:45 AM,10:30 AM,12:30 PM,1,Jose,Romero,,
145713,16,106C,610 Comm Ave,10:00 AM,10:00 AM,10:45 AM,12:00 PM,1,Jose,No P/U,,
144343,12,Dance Studio Lobby,915 Comm Ave,10:15 AM,10:15 AM,11:00 AM,12:00 PM,1,Antonio,No P/U,,
144344,12,Dance Studio Lobby,915 Comm Ave,10:15 AM,10:15 AM,11:00 AM,12:00 PM,1,Romero,No P/U,,
143700,1,GSU Plaza,775 Comm Ave,9:45 AM,9:45 AM,11:00 AM,2:00 PM,2,Luis,No P/U,,
139013,15,E&C Office,928 Comm Ave,10:15 AM,10:15 AM,11:00 AM,12:01:30 AM,1,Luis,No P/U,,
145908,500,Talbot Green,72 E. Concord St,10:00 AM,10:00 AM,11:00 AM,3:00 PM,1,Jamal,No P/U,,
144339,12,Dance Studio Lobby,915 Comm Ave,10:15 AM,10:15 AM,11:00 AM,12:00 PM,1,Jose,No P/U,,
144474,36,339,8 St Marys,10:15 AM,10:15 AM,11:00 AM,12:00 PM,1,Jamal,No P/U,,
145579,75,Colloquim Room,8 St Mary's,10:15 AM,10:15 AM,11:00 AM,1:00 PM,0,Luis,Luis,,
144031,125,Towers Lawn,Towers Lawn,9:00 AM,10:00 AM,11:00 AM,1:00 PM,2,Sammy,Sammy,Bruce,
144342,12,Dance Studio Lobby,915 Comm Ave,10:15 AM,10:15 AM,11:00 AM,12:00 PM,1,Antonio,No P/U,,
144211,500,0,213 Bay State Road,9:30 AM,9:30 AM,11:00 AM,1:00 PM,1,Luis,No P/U,,
144338,12,Dance Studio Lobby,915 Comm Ave,10:15 AM,10:15 AM,11:00 AM,12:00 PM,1,Luis,No P/U,,
146066,70,GSU Terrace Lounge,775 COMM AVE,10:15 AM,10:15 AM,11:00 AM,1:30 PM,1,Jose,Jose,,
146063,20,310,775 Comm Ave,10:15 AM,10:15 AM,11:00 AM,12:30 PM,1,Antonio,No P/U,,
145868,75,GSU Link -,775 Comm Ave,10:15 AM,10:15 AM,11:00 AM,1:00 PM,1,Jose,Jose,,
144345,12,Dance Studio Lobby,915 Comm Ave,10:15 AM,10:15 AM,11:00 AM,12:00 PM,1,Romero,No P/U,,
144071,30,BOH Stage Area - Food Tent,BU Beach,10:15 AM,10:15 AM,11:00 AM,11:30 AM,1,Jose,Jose,,
144072,65,BOH Stage Area - Food Tent,BU Beach,10:15 AM,10:15 AM,11:00 AM,2:00 PM,1,Jose,No P/U,,
147315,16,2nd Floor Dummer St Entrance,888 Comm Ave,10:15 AM,10:15 AM,11:00 AM,12:30 PM,1,Antonio,Luis,,
146180,130,906,8 St Marys,10:15 AM,10:15 AM,11:00 AM,1:00 PM,1,Antonio,Antonio,,
147345,30,339,8 St Mary's St,10:15 AM,10:15 AM,11:00 AM,12:00 PM,1,Luis,Luis,,
147349,10,428,8 Saint Mary's,10:15 AM,10:15 AM,11:00 AM,12:00 PM,1,Juan,No P/U,,
146028,8,420,100 Bay State Rd,10:30 AM,10:30 AM,11:15 AM,12:15 PM,1,Romero,No P/U,,
144064,140,Ladd Rotunda,43 Hawes Street,10:00 AM,10:00 AM,11:15 AM,2:00 PM,1,Juan,Jamal,,
144327,60,Lobby,8 St Mary's,10:45 PM,10:45 AM,11:30 AM,12:30 PM,0,Luis,Luis,,
144530,20,TBD,185 Bay St. Rd.,10:45 AM,10:45 AM,11:30 AM,1:00 PM,1,Jose,No P/U,,
144431,225,401-403,72 East Concord,10:30 AM,10:30 AM,11:30 AM,2:00 PM,1,Sammy,No P/U,,
144360,58,351,635 Comm Ave,10:45 AM,10:45 AM,11:30 AM,12:30 PM,1,Juan,No P/U,,
143587,500,BU Beach,240 Bay State Rd,9:30 AM,10:30 AM,11:30 AM,1:30 PM,2,Romero,Juan,needs manager,
144546,60,Hiebert Lounge,72 E Cocnord St,10:45 AM,10:45 AM,11:30 AM,12:30 PM,1,Sammy,Sammy,,
144134,50,50 Worthington,50 Worthington st,9:30 AM,10:45 AM,11:30 AM,1:30 PM,3,Antonio,Jamal,Needs Manager,
144185,30,Faculty Lounge #15th Floor,765 Comm. Ave,9:30 AM,10:30 AM,11:30 AM,1:00 PM,1,Antonio,Jose,NEEDS MANAGER,
145804,10,BUild Lab,730 Comm Ave,10:45 AM,10:45 AM,11:30 AM,12:30 PM,1,Luis,No P/U,,
145767,5,324,8 St marys,10:45 AM,10:45 AM,11:30 AM,12:30 PM,1,-,,,
143983,300,Ziskind,775 Comm Ave,10:30 AM,10:30 AM,11:30 AM,1:30 PM,1,Romero,No P/U,,
145987,6,203,765 Comm Ave ,10:45 AM,10:45 AM,11:30 AM,1:00 PM,1,-,,,
145848,55,324,8 St Marys,10:45 AM,10:45 AM,11:30 AM,2:30 PM,1,Romero,No P/U,,
145701,160,201,43 Hawes Street,10:45 AM,10:45 AM,11:30 AM,1:00 PM,1,Sammy,No P/U,,
146233,15,3rd Floor G341 ,635 Albany Street ,10:45 AM,10:45 AM,11:30 AM,12:30 PM,1,-,,,
146273,20,552,855 Comm Ave,10:45 AM,10:45 AM,11:30 AM,1:00 PM,1,Antonio,No P/U,,
145953,25,102,755 Comm Ave,10:45 AM,10:45 AM,11:30 AM,12:30 PM,1,Jose,No P/U,,
146260,14,263A & B,930 Comm Ave,10:45 AM,10:45 AM,11:30 AM,1:00 PM,1,Romero,No P/U,,
146049,150,COM Lawn,640 Comm Ave,9:30 AM,9:30 AM,11:30 AM,1:00 PM,3,Jose,Jose,NEEDS MANAGER,
147409,4,2nd FL,30 Buick St,,,11:30 AM,1:00 PM,1,-,,,
146121,10,2nd FL,120 Ashford St,11:00 AM,11:00 AM,11:45 AM,1:00 PM,0,Luis,No P/U,,
146085,15,1st Fl Conference Room,53 Bay State Rd,11:00 AM,11:00 AM,11:45 AM,2:00 PM,1,Luis,No P/U,,
144335,85,LOBBY First FLR.,610 Comm Ave,11:15 AM,11:15 AM,11:45 AM,2:00 PM,1,Jose,No P/U,,
145617,50,Towers Lawn,140 Bay State Road,9:45 AM,9:45 AM,11:45 AM,1:15 PM,1,Luis,Antonio,Needs Manager,
145849,6,420,100 Bay State Rd,11:00 AM,11:00 AM,11:45 AM,12:45 PM,1,Antonio,No P/U,,
145845,2,Investment Office,122 Bay State Rd,11:00 AM,11:00 AM,11:45 AM,12:45 PM,1,Antonio,No P/U,,
144329,85,LOBBY First FLR.,610 Comm Ave,11:00 AM,11:00 AM,11:45 AM,2:00 PM,1,Antonio,No P/U,,
144438,30,In office,25 Buick St.,11:15 AM,11:15 AM,11:45 AM,12:45 PM,1,Jamal,No P/U,,
144441,28,In Office,25 Buick St,11:15 AM,11:15 AM,11:45 AM,12:45 PM,1,Luis,No P/U,,
144440,28,In Office,25 Buick St,11:15 AM,11:15 AM,11:45 AM,12:45 PM,1,Sammy,No P/U,,
145712,30,Main Office,185 Bay State Rd,11:00 AM,11:00 AM,11:45 AM,1:00 PM,1,Jose,No P/U,,
145618,30,B23/B24,745 Comm. Ave,11:00 AM,11:00 AM,11:45 AM,11:45 AM,1,Romero,No P/U,,
145657,4,302 - Estin Rm,771 Commonwealth Ave,11:00 AM,11:00 AM,11:45 AM,12:45 PM,1,Romero,No P/U,,
144437,30,In office,25 Buick St.,11:15 AM,11:15 AM,11:45 AM,12:45 PM,1,Jamal,No P/U,,
144439,28,In Office,25 Buick St,11:15 AM,11:15 AM,11:45 AM,12:45 PM,1,Romero,No P/U,,
144404,30,Child Care Fac.,10 Lenox St,11:00 AM,11:00 AM,12:00 PM,12:00 PM,1,Jamal,No P/U,,
144513,20,B06,226 Bay State Rd,11:15 AM,11:15 AM,12:00 PM,1:00 PM,1,Antonio,No P/U,,
144458,30,611,745 Comm Ave,11:15 AM,11:15 AM,12:00 PM,1:00 PM,1,Romero,No P/U,,
144564,4,"Estin Room (302) , MUGAR LIBARY",775 Commonwealth AVE,11:30 AM,11:30 AM,12:00 PM,1:30 PM,1,Flex,No P/U,,
144105,15,Charles River Room 5th Floor,765 Comm. Ave,11:15 AM,11:15 AM,12:00 PM,1:00 PM,1,Sammy,Romero,,
144259,1610,Follow Grid,Follow grid,12:00 PM,12:00 PM,12:00 PM,12:00 PM,CTG,Flex,No P/U,,
144088,360,Law Auditorium,765 Comm Ave,11:15 AM,11:15 AM,12:00 PM,3:00 PM,1,Juan,Jordan,,
144403,30,Child Care Fac. Main Lobby,10 Lenox St,11:00 AM,11:00 AM,12:00 PM,2:00 PM,1,Jose,No P/U,,
144260,1610,Follow Grid,Follow grid,12:00 PM,12:00 PM,12:00 PM,12:00 PM,CTG,Sammy,No P/U,,
145716,13,2nd Floor Room 201,25 Buick St,11:15 AM,11:15 AM,12:00 PM,2:00 PM,1,Luis ,,,
143917,250,Booth Theatre,820 Comm. Ave,11:15 AM,11:15 AM,12:00 PM,2:00 PM,1,Jose,Juan,,
144054,100,Hiebert Lounge,72 E Concord St,11:00 AM,11:00 AM,12:00 PM,1:00 PM,1,Jordan,No P/U,,
144200,65,LSE Room 103,24 Cummington Mall,11:15 AM,11:15 AM,12:00 PM,1:00 PM,1,Jamal,No P/U,,
144491,15,CONF. RM 401 4th flr.,44 Cummington Mall,11:15 AM,11:15 AM,12:00 PM,2:00 PM,1,Antonio,No P/U,,
145584,150,STH B-24,745 Comm. Ave,11:15 AM,11:15 AM,12:00 PM,2:00 PM,1,Antonio,No P/U,,
144569,15,GSU 310/312,775 Commonwealth Ave,10:00 AM,11:00 AM,12:00 PM,2:00 PM,3,Jamal,Jose,Christine,
144261,1610,Follow Grid,Follow grid,12:00 PM,12:00 PM,12:00 PM,12:00 PM,CTG,Jose and Jordan,No P/U,,
145625,58,Room L-311A,72 East Concord St. (Evans Building),11:00 AM,11:00 AM,12:00 PM,1:00 PM,1,Jordan,No P/U,,
144270,15,323B,685 Comm Ave,11:15 AM,11:15 AM,12:00 PM,2:00 PM,1,Juan,No P/U,,
145651,12,940,8 St Marys,11:15 AM,11:15 AM,12:00 PM,1:00 PM,1,Antonio,No P/U,,
145613,150,OUTSIDE,BOOTH Plaza,10:00 AM,11:00 AM,12:00 PM,2:00 PM,2,Sammy,Jose,,
144263,1610,Follow Grid,Follow grid,12:00 PM,12:00 PM,12:00 PM,12:00 PM,CTG,Sammy,No P/U,,
144262,1610,Follow Grid,Follow grid,12:00 PM,12:00 PM,12:00 PM,12:00 PM,CTG,Romero,No P/U,,
144472,20,7th flr - B7800,72 E Concord St,11:00 AM,11:00 AM,12:00 PM,1:00 PM,1,Jamal,No P/U,,
144230,28,Riverside/Bay State Rm,121 Bay State Rd,10:00 AM,11:00 AM,12:00 PM,1:30 PM,3,Jose,Jose,NEEDS MANAGER,
144492,15,CONF. RM 401 4th flr.,44 Cummington Mall,11:15 AM,11:15 AM,12:00 PM,2:00 PM,1,Jamal,No P/U,,
144150,20,Lobby,121 Bay State,11:15 AM,11:15 AM,12:00 PM,2:00 PM,1,Jose,No P/U,,
145813,8,4th Flr,881 Comm Ave,11:15 AM,11:15 AM,12:00 PM,1:00 PM,1,Antonio,No P/U,,
145838,15,1203,765 Commonwealth Ave,11:15 AM,11:15 AM,12:00 PM,1:00 PM,1,Romero,No P/U,,
145880,35,Lobby 2nd Fl,890 Commonwealth Ave,11:15 AM,11:15 AM,12:00 PM,1:00 PM,1,Luis,No P/U,,
145807,4,4th Flr,881 Comm Ave,11:15 AM,11:15 AM,12:00 PM,1:00 PM,1,Antonio,No P/U,,
145864,50,GSU Link,775 Comm Ave,11:15 AM,11:15 AM,12:00 PM,1:00 PM,1,Juan,Antonio,,
145924,60,255,808 Comm Ave,11:15 AM,11:15 AM,12:00 PM,1:00 PM,1,Jose,No P/U,,
143982,2000,Nickerson Field (on parking area outside Tennis Courts),285 Babcock - Nickerson Field,10:00 AM,10:00 AM,12:00 PM,3:00 PM,2,Jose and Romero,Romero and Sammy,Needs Manager,
145795,23,Law Tower 212,765 Comm Ave,11:15 AM,11:15 AM,12:00 PM,1:00 PM,1,Luis,No P/U,,
143696,25,157,111 Cummington Mall,11:15 AM,11:15 AM,12:00 PM,1:30 PM,1,Luis,No P/U,,
146081,1,330-371,25 Buick,11:00 AM,11:00 AM,12:00 PM,1:00 PM,1,Juan,No P/U,,
146026,50,Lobby,43 Hawes,10:00 AM,11:00 AM,12:00 PM,2:00 PM,1,Luis,Jose,Mia,
145901,75,906,8 St Marys,11:15 AM,11:15 AM,12:00 PM,1:00 PM,1,Jose,Jamal,,
145926,30,420,1010 Comm Ave,11:15 AM,11:15 AM,12:00 PM,1:00 PM,1,Luis,No P/U,,
144493,15,CONF. RM 401 4th flr.,44 Cummington Mall,11:15 AM,11:15 AM,12:00 PM,2:00 PM,1,Sammy,No P/U,,
145640,100,1st Flr Library,928 Comm Ave,11:15 AM,11:15 AM,12:00 PM,1:00 PM,1,Jose,No P/U,,
144157,24,Lobby,121 Bay State Road,11:15 AM,11:15 AM,12:00 PM,1:15 PM,1,Antonio,No P/U,,
145949,150,GSU Back Courtyard,775 Commonwealth Ave,11:15 AM,11:15 AM,12:00 PM,1:00 PM,1,Romero,No P/U,,
145933,5,324,8 St. Mary's Street,11:15 AM,11:15 AM,12:00 PM,2:00 PM,1,Antonio,No P/U,,
145989,65,Small Ballroom,775 Comm Ave,11:15 AM,11:15 AM,12:00 PM,2:00 PM,1,Sammy,Romero,,
146036,30,203,765 Comm Ave4,11:30 AM,11:30 AM,12:00 PM,2:00 PM,1,Antonio,No P/U,,
146064,20,2nd Flr - Lowy Lounge,264 Bay State Rd,11:15 AM,11:15 AM,12:00 PM,1:30 PM,1,Romero,Romero,,
146075,50,15th FL Faculty Lounge,765 Comm Ave,11:15 AM,11:15 AM,12:00 PM,1:00 PM,0,Jose,No P/U,,
146109,25,204,765 cOMM aVE,11:15 AM,11:15 AM,12:00 PM,1:00 PM,1,Antonio,No P/U,,
145897,100,255,808 Comm Ave,11:15 AM,11:15 AM,12:00 PM,1:00 PM,1,Luis,No P/U,,
147410,3,1st FL,609 Albany St ,11:15 AM,11:15 AM,12:00 PM,1:00 PM,1,-,,,
147420,10,104,808 Comm Ave,11:15 AM,11:15 AM,12:00 PM,1:00 PM,1,-,,,
147319,40,Atrium,610 Comm Ave,11:15 AM,11:15 AM,12:00 PM,1:30 PM,1,Juan,Jose,,
147352,10,940,8 St. Mary's,11:15 AM,11:15 AM,12:00 PM,2:00 PM,1,Luis,No P/U,,
146269,30,500,855 Comm Ave,11:15 AM,11:15 AM,12:00 PM,1:00 PM,1,Sammy,No P/U,,
146189,11,253,675 Comm Ave,11:15 AM,11:15 AM,12:00 PM,1:00 PM,1,Antonio,No P/U,,
146090,10,121,15 St. Marys,11:00 AM,11:00 AM,12:00 PM,1:00 PM,1,Antonio,Antonio,,
146188,30,Student Lounge,264 Bay State Rd,11:15 AM,11:15 AM,12:00 PM,1:00 PM,1,Romero,Romero,,
146211,20,1st Flr.,141 Bay St.,11:30 AM,11:30 AM,12:00 PM,1:00 PM,1,Romero,No P/U,,
146261,15,1st Flr. Conf. Rm.,67 Bay St. Rd.,11:15 AM,11:15 AM,12:00 PM,12:00 PM,1,Antonio,No P/U,,
144231,24,Lobby,121 Bay State Road,11:15 AM,11:15 AM,12:00 PM,1:15 PM,1,Jose,Jose,,
145934,5,324,8 St. Mary's Street,11:15 AM,11:15 AM,12:00 PM,2:00 PM,1,Luis,No P/U,,
145805,35,Terrace Lounge,775 Commonwealth Ave,10:00 AM,11:00 AM,12:00 PM,2:00 PM,3,Romero,No P/U,Christine,
147323,16,423,2 Silber Way,11:15 AM,11:15 AM,12:00 PM,1:00 PM,1,Juan,No P/U,,
145704,18,2nd Floor-Room 200,635 Comm Ave,11:15 AM,11:15 AM,12:00 PM,3:30 PM,1,Sammy,Jordan,,
147358,10,East Balcony,775 Comm Ave,11:15 AM,11:15 AM,12:00 PM,1:00 PM,1,Antonio,No P/U,,
147426,50,Lobby,24 Cummington Mall,11:15 AM,11:15 AM,12:00 PM,1:00 PM,1,Jose,Jose,,
147361,15,East Balcony,775 Comm Ave,11:15 AM,11:15 AM,12:00 PM,1:00 PM,1,Antonio,No P/U,,
146275,40,15th FL Faculty Lounge,765 Comm Ave,11:30 AM,11:30 AM,12:15 PM,2:00 PM,0,Jose,No P/U,,
144384,11,BO2A,677 Beacon St.,11:30 AM,11:30 AM,12:15 PM,1:30 PM,1,Luis,No P/U,,
144535,30,COM 209,640 Comm Ave,11:30 AM,11:30 AM,12:15 PM,1:30 PM,1,Romero,Romero,,
146043,16,330A,871 Comm Ave,11:30 AM,11:30 AM,12:15 PM,1:15 PM,1,Sammy,No P/U,,
144383,11,BO2A,677 Beacon St.,11:30 AM,11:30 AM,12:15 PM,1:30 PM,1,Jose,No P/U,,
145871,20,346,100 Bay State Rd,11:30 AM,11:30 AM,12:15 PM,1:15 PM,1,Jose,No P/U,,
144382,11,BO2A,677 Beacon St.,11:30 AM,11:30 AM,12:15 PM,1:30 PM,1,Luis,No P/U,,
145796,150,Barristers,765 Comm Ave,11:30 AM,11:30 AM,12:15 PM,1:15 PM,1,Romero,Jose,,
144534,30,COM Student Lounge,640 Comm Ave,11:30 AM,11:30 AM,12:15 PM,1:30 PM,1,Antonio,Jamal,,
145658,4,302 - Estin Rm,771 Commonwealth Ave,11:30 AM,11:30 AM,12:15 PM,1:15 PM,1,Romero,No P/U,,
144381,10,BO2A,677 Beacon St.,11:30 AM,11:30 AM,12:15 PM,1:30 PM,1,Jose,No P/U,,
145720,120,Lobby,2 Silber Way,11:30 AM,11:30 AM,12:15 PM,2:00 PM,0,Romero,Juan,,
145930,6,106,725 Comm Ave,11:30 AM,11:30 AM,12:15 PM,1:15 PM,1,Sammy,No P/U,,
145644,4,Marsh Chapel Balcony,735 Comm Ave,12:00 PM,12:00 PM,12:15 PM,12:15 PM,1,Antonio,No P/U,,
144195,40,Barristers Hall,765 Comm. Ave,10:15 AM,11:15 AM,12:15 PM,1:00 PM,2,Sammy,Jose,NEEDS MANAGER,
144461,7,Castle,225 Bay State Rd,11:30 AM,11:30 AM,12:15 PM,1:15 PM,1,Antonio,No P/U,,
144141,20,Tent,236 Bay State Road,11:45 AM,11:45 AM,12:30 PM,1:30 PM,1,Romero,No P/U,,
144269,14,2nd flr. lounge,100 Cummington,12:00 PM,12:00 PM,12:30 PM,2:00 PM,1,Romero,No P/U,,
144296,160,B23/24,745 Comm Ave,10:30 AM,11:30 AM,12:30 PM,1:45 PM,2,Flex,Jamal,NEEDS MANAGER,
145623,30,Room 610,635 Comm Ave,11:45 AM,11:45 AM,12:30 PM,1:30 PM,1,Luis,Antonio,,
145824,15,606,44 Cummington Mall,11:45 AM,11:45 AM,12:30 PM,1:30 PM,1,-,,,
144444,35,Castle\Dining Rm.,225 BAY ST. RD.,11:30 AM,11:30 AM,12:30 PM,1:30 PM,1,Sammy,No P/U,,
145799,25,200,635 Comm Ave,11:45 AM,11:45 AM,12:30 PM,1:30 PM,1,Luis,No P/U,,
143948,100,BU Beach,270 Bay State Rd,10:30 AM,10:30 AM,12:30 PM,2:00 PM,2,Jamal,Jamal,Needs Manager,
145729,30,15th Flr Faculty Lounge,765 Comm Ave,11:45 AM,11:45 AM,12:30 PM,1:30 PM,1,Jose,No P/U,,
146072,8,150,64 Cummington Mall,11:45 AM,11:45 AM,12:30 PM,2:00 PM,1,Romero,No P/U,,
146212,8,119....att. Christine,15 sT MARYS,11:45 AM,11:45 AM,12:30 PM,12:30 PM,1,Luis,No P/U,,
145819,36,STH 325,745 Comm Ave,11:45 AM,11:45 AM,12:30 PM,3:30 PM,1,Jose,No P/U,,
146192,6,Lower Level,735 Comm Ave,11:45 AM,11:45 AM,12:30 PM,2:00 PM,1,Juan,No P/U,,
145599,25,Room 301,43 Hawes,11:45 AM,11:45 AM,12:30 PM,1:30 PM,1,Romero,No P/U,,
144531,40,TBD (BU LAW TOWER),765 Comm AVE.,12:15 PM,12:15 PM,12:45 PM,2:00 PM,1,Luis,No P/U,,
146215,30,Barristers Hall,765 Comm. Ave.,12:00 PM,12:00 PM,12:45 PM,3:00 PM,1,Romero,Jose,,
146125,10,504,226 Bay State Rd,12:00 PM,12:00 PM,12:45 PM,2:00 PM,1,Antonio,No P/U,,
145680,40,Law Tower - Atrium 1st floor,765 Comm Ave,12:00 PM,12:00 PM,12:45 PM,2:00 PM,1,Antonio,No P/U,,
145946,15,1st Fl Conference Room,53 Bay State Rd,12:00 PM,12:00 PM,12:45 PM,1:45 PM,1,Luis,No P/U,,
143122,15,Room 230,855 Comm Ave,12:00 PM,12:00 PM,12:45 PM,2:00 PM,1,Sammy,No P/U,,
144282,140,Parking Lot/Lobby,43 Hawes Street,10:00 AM,10:00 AM,12:45 PM,2:15 PM,1,Jose,No P/U,Needs Manager,
144386,20,325,745 Comm Ave,12:15 PM,12:15 PM,1:00 PM,2:00 PM,1,Flex,No P/U,,
145627,58,Heibert Lounge - 14th Floor,72 East Concord St.,12:00 PM,12:00 PM,1:00 PM,2:00 PM,0,Romero,No P/U,,
145633,60,3rd Floor Board Room,928 Comm Ave,12:15 PM,12:15 PM,1:00 PM,2:00 PM,1,Luis,Jamal,,
144084,225,Stone Lobby,775 Comm Ave,12:00 PM,12:00 PM,1:00 PM,2:15 PM,1,Antonio,Romero,,
144234,600,Ballroom,775 Comm Ave,11:00 AM,12:00 PM,1:00 PM,4:00 PM,2,Jose,Sammy,NEEDS MANAGER,
145639,625,Ziskind & Stone Lobby,775 Commonwealth Ave.,12:00 PM,12:00 PM,1:00 PM,3:30 PM,1,Antonio,No P/U,,
144034,20,105,15 St Marys,12:15 PM,12:15 PM,1:00 PM,2:00 PM,1,Sammy,No P/U,,
145912,70,Law Tower 203,765 Commonwealth Ave,12:45 PM,12:45 PM,1:00 PM,2:00 PM,1,Sammy,Sammy,,
145923,5,Photonics Bldg 324,8 St. Marys Street,12:15 PM,12:15 PM,1:00 PM,3:00 PM,1,Jose,No P/U,,
145737,25,BRB 113,5 Cummington Mall,12:15 PM,12:15 PM,1:00 PM,3:00 PM,1,Sammy,No P/U,,
145628,50,Room L-4 4th Floor,72 East Concord St.,12:00 PM,12:00 PM,1:00 PM,2:00 PM,0,Antonio,No P/U,,
146027,35,Lobby,2 Silber Way,12:15 PM,12:15 PM,1:00 PM,2:15 PM,1,Romero,No P/U,,
146046,40,101,765 Comm Ave,12:15 PM,12:15 PM,1:00 PM,2:00 PM,1,Jose,No P/U,,
146213,25,105,15 St Marys,12:15 PM,12:15 PM,1:00 PM,2:00 PM,1,Luis,No P/U,,
145952,24,101,610 Comm Ave,12:15 PM,12:15 PM,1:00 PM,2:00 PM,1,Romero,No P/U,,
143958,50,Living Room & Patio,43 Hawes Street,11:00 AM,12:00 PM,1:00 PM,3:00 PM,2,Romero,Romero,Need Manager,
146013,30,PICK UP,775 Comm Ave,12:45 PM,12:45 PM,1:00 PM,12:01:30 AM,1,-,,,
146232,20,121,15 St. Marys St,12:15 PM,12:15 PM,1:00 PM,2:00 PM,1,Antonio,No P/U,,
146177,12,2nd. Flr.,808 Comm Ave,12:00 PM,12:00 PM,1:00 PM,4:00 PM,1,Luis,No P/U,,
146070,50,Law Tower 410,765 Commonwealth Ave,12:15 PM,12:15 PM,1:00 PM,2:00 PM,1,Jose,No P/U,,
144154,25,105,15 St. Mary's,12:30 PM,12:30 PM,1:15 PM,2:15 PM,1,Jose,Juan,,
144152,25,105,15 St. Mary's,12:30 PM,12:30 PM,1:15 PM,2:15 PM,1,Sammy,No P/U,,
144153,25,105,15 St. Mary's,12:30 PM,12:30 PM,1:15 PM,2:15 PM,1,Antonio,Antonio,,
146039,145,Atrium,765 Comm Ave,12:30 PM,12:30 PM,1:15 PM,2:15 PM,1,Sammy,No P/U,,
143590,90,5th Flr Charles River Rm,765 Comm,12:30 PM,12:30 PM,1:15 PM,3:30 PM,1,Jose,Jose,,
145594,15,Room 420,1010 Comm. Ave,12:45 PM,12:45 PM,1:30 PM,4:00 PM,1,Jose,No P/U,,
145979,15,COM lawn,640 Comm Ave,1:15 PM,1:15 AM,1:30 PM,2:30 PM,1,Jose,No P/U,,
145954,30,315,775 Comm Ave,12:45 PM,12:45 PM,1:30 PM,5:00 PM,1,Antonio,Romero,,
146281,12,260,100 Cummington Mall,12:45 PM,12:45 PM,1:30 PM,2:30 PM,1,Sammy,No P/U,,
146190,15,512 Hub Office,775 COMM AVE,1:00 PM,1:00 PM,1:45 PM,3:00 PM,1,Jose,No P/U,,
145634,625,Ziskind & Stone Lobby,775 Commonwealth Ave.,12:45 PM,12:45 PM,1:45 PM,4:00 PM,1,Bruce,No P/U,,
145842,20,"3rd Flr, 420",1010 Comm Ave,1:00 PM,1:00 PM,1:45 PM,3:00 PM,1,Jamal,No P/U,,
145638,20,3rd Flr Board Room,928 Comm Ave,1:15 PM,1:15 PM,2:00 PM,3:00 PM,1,Jamal,No P/U,,
145679,18,113,5 Cummington Mall,1:15 PM,1:15 PM,2:00 PM,3:00 PM,1,Romero,No P/U,,
145682,1000,Marsh Plaza,735 Comm Ave,12:00 PM,1:00 PM,2:00 PM,4:00 PM,1,Sammy and Luis,Jamal,NEEDS MANAGER,
143687,300,2nd Floor Lobby,871 Comm Ave,1:15 PM,1:15 PM,2:00 PM,4:00 PM,1,Jose,Romero,,
144123,250,BU Beach,270 Bay State Road,1:15 PM,1:15 PM,2:00 PM,4:00 PM,1,Sammy,No P/U,,
143665,150,6th Flr Atrium,100 Bay State Rd,12:00 PM,1:00 PM,2:00 PM,4:00 PM,3,Juan,Jordan,Jose,
145577,60,LOBBY,15 St. marys,1:45 PM,1:45 PM,2:00 PM,3:30 PM,1,Jordan,Jordan,,
146103,500,BU Beach,270 Bay State Rd,1:00 PM,1:00 PM,2:00 PM,5:00 PM,1,Jamal,No P/U,,
145656,50,Mugar 1st Flr - Reserve Room,771 Comm Ave,1:15 PM,1:15 PM,2:00 PM,3:00 PM,1,Sammy,Romero,,
144073,30,BOH Stage Area - Food Tent,BU Beach,1:15 PM,1:15 PM,2:00 PM,2:30 PM,1,Romero,No P/U,,
145902,75,906,8 St Marys,1:15 PM,1:15 PM,2:00 PM,2:30 PM,1,Jamal,Jamal,,
145957,200,Small Ballroom,775 Comm Ave,1:15 PM,1:15 PM,2:00 PM,5:00 PM,1,Romero,Romero,,
147427,50,Lobby,24 Cummington Mall,1:30 PM,1:30 PM,2:15 PM,3:00 PM,1,Juan,Juan,,
145919,14,315,8 St Marys,1:45 PM,1:45 PM,2:30 PM,3:30 PM,1,Romero,No P/U,,
146174,24,101,610 Comm Ave,1:45 PM,1:45 PM,2:30 PM,4:00 PM,1,Jose,No P/U,,
145585,30,Room 101,610 Comm. Ave,1:45 PM,1:45 PM,2:30 PM,3:30 PM,1,Antonio,Sammy,,
144581,9,2nd Flr - Bostonia Suite,985 Comm Ave,1:45 PM,1:45 PM,2:30 PM,3:00 PM,1,Jose,No P/U,,
145898,40,150,64 Cummington,1:15 PM,1:15 PM,2:30 PM,3:30 PM,1,Antonio,Jamal,,
142846,50,203,8 St Marys,2:15 PM,2:15 PM,3:00 PM,4:00 PM,1,Sammy,Sammy,,
145597,75,1st Floor Lobby,236 Bay State Road,2:15 PM,2:15 PM,3:00 PM,4:30 PM,1,Jose,Romero,,
145830,30,RM 123,111 Cummington Mall,2:00 PM,2:00 PM,3:00 PM,4:45 PM,1,Jamal,No P/U,,
145831,45,RM. 123,111 Cummington Mall,2:00 PM,2:00 PM,3:00 PM,5:00 PM,1,Antonio,No P/U,,
145661,15,804E,765 Comm Ave,2:15 PM,2:15 PM,3:00 PM,4:00 PM,1,Jamal,No P/U,,
144323,50,Lobby,610 Comm Ave,1:00 PM,2:00 PM,3:00 PM,5:00 PM,3,Romero,Romero,NEEDS MANAGER,
143911,60,240/242,888 Comm. Ave,1:00 PM,1:00 PM,3:00 PM,5:00 PM,2,Antonio,Romero,,
143591,90,5th Flr Charles River Rm,765 Comm,2:15 PM,2:15 PM,3:00 PM,4:00 PM,1,Antonio,Juan,,
142845,50,203,8 St Marys,2:15 PM,2:15 PM,3:00 PM,4:00 PM,1,Juan,Romero,,
144035,4000,Tennis Court,Nickerson Field,12:00 PM,12:30 PM,3:00 PM,6:00 PM,2,Jamal,Jamal,Needs Manager,
145660,15,804E,765 Comm Ave,2:15 PM,2:15 PM,3:00 PM,4:00 PM,1,Sammy,No P/U,,
145703,35,Terrace Lounge,775 Comm Ave,2:00 PM,2:00 PM,3:00 PM,5:00 PM,1,Antonio,Sammy,,
144356,30,Towers Lawn,140 Bay State Rd,2:15 PM,2:15 PM,3:00 PM,4:00 PM,1,Jamal,No P/U,,
146088,40,HTC 205,808 Comm Ave,2:15 PM,2:15 PM,3:00 PM,5:00 PM,1,Sammy,Romero,,
145662,15,804E,765 Comm Ave,2:15 PM,2:15 PM,3:00 PM,4:00 PM,1,Jamal,No P/U,,
144074,60,BOH Stage Area - Food Tent,BU Beach,2:15 PM,2:15 PM,3:00 PM,4:00 PM,1,Romero,No P/U,,
146030,40,HTC 205,808 Comm Ave,2:15 PM,2:15 PM,3:00 PM,5:00 PM,1,-,,,
146082,50,101,610 Comm Ave,2:15 PM,2:15 PM,3:00 PM,4:00 PM,1,Jamal,Jose,,
146091,40,HTC 205,808 Comm Ave,2:15 PM,2:15 PM,3:00 PM,5:00 PM,1,Romero,Jordan,,
142848,50,203,8 St Marys,2:15 PM,2:15 PM,3:00 PM,4:00 PM,1,Sammy,Sammy,,
147317,1,14th Floor,72 E. Concord Street,3:00 PM,3:00 PM,3:00 PM,3:00 PM,1,Jamal,No P/U,,
143916,200,Ballroom,775 Comm. Ave,2:15 PM,2:15 PM,3:00 PM,5:00 PM,1,Antonio and Jamal,Jamal,,
145663,15,804E,765 Comm Ave,2:15 PM,2:15 PM,3:00 PM,4:00 PM,1,Jose,No P/U,,
146206,150,COM Lawn,640 Comm Ave,1:00 PM,1:00 PM,3:00 PM,5:00 PM,3,Sammy,Sammy,NEEDS MANAGER,
145956,200,Small Ballroom,775 Comm Ave,2:45 PM,2:45 PM,3:15 PM,3:45 PM,1,Jordan,No P/U,,
144049,125,Sloane House,135 Ivy Street,1:00 PM,2:00 PM,3:15 PM,5:00 PM,3,Antonio,Jamal,Christine,
143918,100,BU Beach,270 Bay State Rd,1:30 PM,2:30 PM,3:30 PM,5:30 PM,2,Sammy,Sammy,NEEDS MANAGER,
145659,25,Fox Fountain,775 Comm Ave,2:45 PM,2:45 PM,3:30 PM,5:00 PM,1,Sammy,Romero,,
144445,35,Castle Dining Rm.,225 Bay St. Rd,3:00 PM,3:00 PM,3:30 PM,4:00 PM,1,Jordan,Jordan,,
145904,23,Room 220,635 Comm Ave,2:45 PM,2:45 PM,3:30 PM,4:30 PM,1,Romero,No P/U,,
147383,35,420,1010 Comm Ave,2:45 PM,2:45 PM,3:30 PM,4:30 PM,1,Jordan,No P/U,,
145862,15,5th floor,143 Bay State Rd,2:45 PM,2:45 PM,3:30 PM,5:00 PM,1,Romero,Romero,,
144126,120,Katzenberg Center,871 Comm Ave,1:30 PM,2:30 PM,3:30 PM,6:00 PM,2,Jose,Jordan,Daniel,
144325,100,Lobby,610 Comm Ave,1:30 PM,2:30 PM,3:30 PM,5:30 PM,2,Romero,Jamal,NEEDS MANAGER,
145802,40,3rd Flr,100 Bay State Rd,2:45 PM,2:45 PM,3:30 PM,4:30 PM,1,Jamal,Jordan,,
146116,20,200,725 Comm Ave,2:45 AM,2:45 PM,3:30 PM,4:30 PM,1,Sammy,No P/U,,
144387,100,Booth Theatre Lobby,820 Comm Ave,3:00 PM,3:00 PM,3:45 PM,7:00 PM,3,Jordan,Jordan,NEEDS MANAGER,
145642,80,The Alley,775 Commonwealth Ave.,3:00 PM,3:00 PM,3:45 PM,5:45 PM,1,Jordan,Jordan,,
145604,175,Lobby,610 Comm Ave,2:00 PM,3:00 PM,4:00 PM,5:00 PM,1,Jordan,Jordan,Bruce,
143508,675,BU Beach,270 Bay State Rd,2:00 PM,2:00 PM,4:00 PM,6:00 PM,2,Jordan,Jordan,needs manager,
144570,35,25 Lenox,25 Lenox,2:00 PM,2:00 PM,4:00 PM,6:00 PM,3,Antonio,Jordan,Needs Manager,
144389,200,BU Beach,270 Bay State Rd,3:15 PM,3:15 PM,4:00 PM,6:00 PM,1,Jose,Jordan,,
144579,60,Warren Kitchen,700 Comm Ave,4:00 PM,4:00 PM,4:00 PM,4:00 PM,1,Jordan,No P/U,,
144070,100,Living Room/Foyer,43 Hawes,2:00 PM,2:00 PM,4:00 PM,6:00 PM,2,Jamal,Jordan,Needs Manager,
143588,300,Butler Auditorium,765 Comm,2:00 PM,3:00 PM,4:00 PM,5:00 PM,2,Romero,Jordan,needs manager,
145681,35,6th Flr,8 St Marys,2:00 PM,3:00 PM,4:00 PM,6:00 PM,2,Jamal,Jamal,Needs Manager,
144147,30,105,15 St Marys,3:15 PM,3:15 PM,4:00 PM,5:00 PM,1,Antonio,Jamal,,
143946,1300,Along Cummington Street,44 Cummington Mall,1:30 PM,2:30 PM,4:00 PM,6:00 PM,2,Romero,Sammy and Jordan,NEEDS MANAGER,
144235,150,Lobby,610 Comm Ave,2:00 PM,3:00 PM,4:00 PM,7:00 PM,2,Jordan,Jordan,NEEDS MANAGER,
145783,50,Build Lab,730 Comm Ave,3:15 PM,3:15 PM,4:00 PM,6:00 PM,1,Jamal,No P/U,,
145778,75,206,8 St Marys,3:15 PM,3:15 PM,4:00 PM,5:00 PM,1,-,,,
146179,100,104,808 Comm Ave.,3:00 PM,3:00 PM,4:00 PM,5:30 PM,1,Juan,Sammy,,
146218,20,GDPC Conf. Room,53 Bay State Rd.,3:00 PM,3:00 PM,4:00 PM,5:30 PM,1,Jamal,No P/U,,
146041,43,102,765 Comm Ave,3:15 PM,3:15 PM,4:00 PM,5:00 PM,1,Jamal,No P/U,,
146252,100,Terrace Lounge,775 Comm AVE,2:45 PM,2:45 PM,4:00 PM,7:00 PM,2,Romero,No P/U,Bruce,
144541,40,1st Flr Conf Rm,67 Bay State Rd,2:00 PM,3:00 PM,4:00 PM,5:30 PM,2,Sammy,Jordan,Molly,
146147,22,WED Room 423,2 Silber Way,3:15 PM,3:15 PM,4:00 PM,5:00 PM,1,Jamal,No P/U,,
145815,100,101,91 Bay State,3:15 AM,3:15 AM,4:00 PM,5:00 PM,1,Jordan,Sammy,,
146122,40,PICK UP,775 Comm Ave,3:45 PM,3:45 PM,4:00 PM,12:01:30 AM,1,Romero,No P/U,,
142914,60,Castle,225 Bay State Rd,2:00 PM,3:00 PM,4:00 PM,9:15 PM,3,Jordan,Jordan,needs manager,
146035,22,410,765 Comm Ave,3:15 PM,3:15 PM,4:00 PM,5:00 PM,1,Jamal,No P/U,,
144543,70,Lobby,610 Comm Ave,2:00 PM,3:00 PM,4:00 PM,6:00 PM,2,Sammy,Sammy,Daniel,
146214,12,121,15 ST. Marys,3:15 PM,3:15 PM,4:15 PM,6:00 PM,1,Sammy,No P/U,,
145781,50,PICK UP,775 Comm Ave,4:15 PM,4:15 PM,4:15 PM,12:01:30 AM,1,Jamal,No P/U,,
145636,625,Ziskind & Stone Lobby,775 Commonwealth Ave.,3:15 PM,3:15 PM,4:15 PM,5:00 PM,1,Bruce,No P/U,,
144353,100,Ballroom,775 Comm Ave,3:45 PM,3:45 PM,4:30 PM,5:30 PM,1,Juan,Jamal,,
143997,45,525 Charles River,765 Comm Ave,2:30 PM,3:30 PM,4:30 PM,6:00 PM,2,Jose,Sammy,NEEDS MANAGER,
144106,30,BU Beach,270 Bay State Rd,2:30 PM,2:30 PM,4:30 PM,6:00 PM,1,Sammy,No P/U,,
143515,25,2nd Floor-Student Seating Area,855 Comm,2:30 PM,3:45 PM,4:30 PM,5:30 PM,2,Jose,Jordan,needs manager,
144304,160,COM Lawn,640 Comm Ave,2:30 PM,3:30 PM,4:30 PM,6:30 PM,2,Sammy,Sammy,NEEDS MANAGER,
145863,50,Atrium 1st floor,765 Commonwealth Ave,3:45 PM,3:45 PM,4:30 PM,5:30 PM,1,Juan,No P/U,,
145803,50,410,765 Comm Ave,3:45 PM,3:45 PM,4:30 PM,5:30 PM,1,Jamal,No P/U,,
145879,50,5th Flr Charles River Rm,765 Commonwealth Ave,3:45 PM,3:45 PM,4:30 PM,5:30 PM,1,Romero,Sammy,,
145950,60,1st Flr,53 Bay State Rd,2:30 PM,3:30 PM,4:30 PM,6:30 PM,2,Sammy,Jordan,Mia,
146077,400,Med Campus - Lawn,72 E. Concord Street,1:30 PM,3:30 PM,4:30 PM,5:30 PM,3,Romero,No P/U,Christine + Needs,
146078,75,Med Campus - 4th Floor,72 E. Concord Street,1:30 PM,3:30 PM,4:30 PM,5:30 PM,3,Romero,No P/U,Christine + Needs,
145800,75,Barristers,765 Comm Ave,3:45 PM,3:45 PM,4:30 PM,6:30 PM,1,Jose,Romero,,
147318,1,14th Floor,72 E. Concord Street,4:30 PM,4:30 PM,4:30 PM,4:30 PM,1,Romero,No P/U,,
145797,40,410,765 Comm Ave,4:00 PM,4:00 PM,4:45 PM,5:45 PM,1,Antonio,No P/U,,
144446,100,TBD,TBD,3:45 PM,3:45 PM,4:45 PM,6:00 PM,0,Romero,No P/U,,
145719,16,B18,755 Comm Ave - Newbury Center,4:15 PM,4:15 PM,5:00 PM,6:30 PM,1,Sammy,No P/U,,
145728,150,Common Room,91 Bay State Rd,4:15 PM,4:15 PM,5:00 PM,6:00 PM,1,Romero,No P/U,,
144385,35,B23/24,745 Comm Ave,3:00 PM,4:00 PM,5:00 PM,7:00 PM,2,Jamal,Jamal,NEEDS MANAGER,
144085,230,GSU Link Courtyard-grass area next to Mugar,775 Comm Ave,3:00 PM,4:00 PM,5:00 PM,7:00 PM,2,Juan,No P/U,NEEDS MANAGER,
144108,50,BU Beach,270 Bay State Rd,3:00 PM,4:00 PM,5:00 PM,7:00 PM,2,Antonio,Jamal,NEEDS MANAGER,
144544,60,Barristers,765 Comm Ave,3:00 PM,4:00 PM,5:00 PM,6:30 PM,2,Juan,Jamal,NEEDS MANAGER,
145709,40,GSU Terrace Lounge,775 Comm Ave,3:00 PM,4:00 PM,5:00 PM,6:30 PM,2,Jamal,Jordan,Needs Manager,
145867,65,613,100 Bay State Rd,4:15 PM,4:15 PM,5:00 PM,6:00 PM,1,Jamal,Sammy,,
145724,60,Hiebert Lounge - 1NS 1407,72 East Concord St.,3:00 PM,3:00 PM,5:00 PM,6:30 PM,2,Sammy,Jordan,Needs Manager,
145927,30,102,855 Comm Ave,4:15 PM,4:15 PM,5:00 PM,6:00 PM,1,Jamal,No P/U,,
143453,150,Law Courtyard,765 Comm Ave,3:00 PM,4:00 PM,5:00 PM,7:00 PM,2,Jordan,Jordan,Bruce/Antonia,
145732,150,Common Room,91 Bay State Rd,4:15 PM,4:15 PM,5:00 PM,6:00 PM,1,Jose,Sammy,,
145817,60,3rd fl 305,801 Mass Ave,4:15 PM,4:15 PM,5:00 PM,6:00 PM,1,Romero,Jamal,,
144058,60,Lobby,610 Comm Ave,3:00 PM,4:00 PM,5:00 PM,6:00 PM,2,Sammy,Sammy,Jose,
145727,150,Common Room,91 Bay State Rd,4:15 PM,4:15 PM,5:00 PM,6:00 PM,1,Jamal,No P/U,,
145731,30,5th Flr Charles River Rm,765 Comm Ave,3:00 PM,4:00 PM,5:00 PM,6:30 PM,3,Jordan,Jordan,Conor,
145621,60,1st Floor - Commonwealth Gallery,855 Comm Ave,3:30 PM,3:30 PM,5:00 PM,6:30 AM,1,Jamal,Jordan,,
144454,25,101,610 Comm Ave,4:15 PM,4:15 PM,5:00 PM,6:00 PM,1,Sammy,No P/U,,
143581,50,McClausland Commons-2nd Floor,765 Comm Ave,3:00 PM,4:00 PM,5:00 PM,7:00 PM,2,Sammy,Jordan,needs manager,
147428,40,Lobby,610 Comm Ave,3:00 PM,5:00 PM,5:00 PM,8:30 PM,3,Antonio,Romero,NEEDS MANAGER,
147366,15,East Balcony,775 Comm Ave,4:15 PM,4:15 PM,5:00 PM,6:00 PM,1,Romero,No P/U,,
146023,35,25 Lenox,25 Lenox,3:00 PM,3:00 PM,5:00 PM,6:30 PM,3,Sammy,Romero,Needs Manager,
145736,16,B18,755 Comm Ave - Newbury Center,4:15 PM,4:15 PM,5:00 PM,6:00 PM,1,Sammy,Romero,,
144572,50,Tsai Lobby,685 Commonwealth Ave,3:00 PM,3:00 PM,5:00 PM,6:30 PM,3,Romero,Jordan,Needs Manager,
145928,30,102,855 Comm Ave,4:15 PM,4:15 PM,5:00 PM,6:00 PM,1,Jamal,No P/U,,
145931,50,239,775 Comm. AVE,3:00 PM,4:00 PM,5:00 PM,7:00 PM,2,Jose,Jamal,NEEDS MANAGER,
146089,80,Lower Level Community Center,745 Comm Ave,3:00 PM,4:00 PM,5:00 PM,8:00 PM,3,Jordan,Jordan,NEEDS MANAGER,
146239,45,906 - Colloquium,8 St Marys,4:15 PM,4:15 PM,5:00 PM,6:30 PM,1,jordan,,,
145985,100,Terrace Lounge/Patio,775 Comm Ave,3:00 PM,4:00 PM,5:00 PM,8:00 PM,2,Jordan,No P/U,NEEDS MANAGER,
145910,115,B23 & B24,745 Comm Ave,3:00 PM,3:00 PM,5:00 PM,7:00 PM,1,Romero,Jordan,Needs Manager,
143891,50,The Castle,225 Bay State Rd,3:00 PM,6:00 PM,5:00 PM,10:00 PM,3,Romero and Jordan,Jordan,NEEDS MANAGER,
144075,30,BOH Stage Area - Food Tent,BU Beach,4:15 PM,4:15 PM,5:00 PM,5:30 PM,1,Jordan,No P/U,,
145710,50,GSU Terrace Lounge,775 Comm Ave,3:00 PM,4:00 PM,5:00 PM,6:30 PM,2,Sammy,No P/U,Needs Manager,
146024,300,Large Ballroom,775 Comm Ave,4:15 PM,4:15 PM,5:00 PM,7:00 PM,1,Jordan,Jordan,,
145828,30,Towers Lawn,140 Bay State Rd,3:00 PM,4:00 PM,5:00 PM,7:00 PM,2,Jose,Jamal,NEEDS MANAGER,
146056,55,613,100 Bay State Rd,3:00 PM,4:00 PM,5:00 PM,6:30 PM,2,Jordan,Jordan,NEEDS MANAGER,
144573,200,Sloane House,135 Ivy Street,3:00 PM,3:00 PM,5:15 PM,8:00 PM,3,Romero,Jordan,Christine,
144228,200,Towers Lawn,140 Bay State Rd,3:30 PM,3:30 PM,5:30 PM,7:30 PM,2,Sammy,Jordan,NEEDS MANAGER,
145722,80,906 Colloquium Room,8 St Mary's,3:30 PM,4:30 PM,5:30 PM,7:00 PM,1,Jamal,No P/U,Needs Manager,
144463,50,BU Beach,270 Bay State Rd,3:30 PM,3:30 PM,5:30 PM,7:30 PM,2,Sammy,Jamal,Molly,
143511,150,GSU Courtyard,775 Comm Ave,3:30 PM,4:30 PM,5:30 PM,7:30 PM,2,Sammy,No P/U,needs manager,
144067,650,Softball Field,89 Ashford St,3:30 PM,4:30 PM,5:30 PM,7:30 PM,2,Jordan,Jordan,NEEDS MANAGER,
145929,100,906,8 St Marys,4:45 PM,4:45 PM,5:30 PM,7:00 PM,1,Sammy,Jordan,,
146059,60,Booth Lobby,820 Comm Ave,3:30 PM,4:30 PM,5:30 PM,7:00 PM,3,Romero,Romero,Mia,
145699,150,Living Room/Ladd Room,43 Hawes Street,3:00 PM,3:30 PM,5:30 PM,8:30 PM,2,Jose,Jordan,Daniel,
146156,70,545,100 Bay State Rd,5:00 PM,5:00 PM,5:30 PM,6:30 PM,1,Sammy,Jordan,,
143512,300,GSU Courtyard,775 Comm Ave,3:30 PM,4:30 PM,5:30 PM,7:30 PM,2,Jordan,No P/U,Daniel,
146080,180,Med Campus - 14 Floor,72 E. Concord Street,1:30 PM,4:30 PM,5:30 PM,8:00 PM,3,Romero,Jordan,Christine + Needs,
144532,100,Small Ballroom,775 Comm Ave,5:00 PM,5:00 PM,5:45 PM,7:00 PM,1,Jordan,Jordan,,
144120,70,Castle,225 Bay State Rd,4:00 PM,5:00 PM,6:00 PM,7:30 PM,2,Jamal,Jamal,NEEDS MANAGER,
145790,200,HTC Event Space 104,808 Comm Ave,4:00 PM,5:00 PM,6:00 PM,8:00 PM,2,Jamal,Jordan,NEEDS MANAGER,
145721,50,Terrace Lounge,775 Comm Ave,4:00 PM,4:00 PM,6:00 PM,7:30 PM,2,Jordan,No P/U,Needs Manager,
145789,200,HTC Event Space 104,808 Comm Ave,4:00 PM,5:00 PM,6:00 PM,8:00 PM,2,Sammy,Jordan,NEEDS MANAGER,
145788,200,HTC Event Space 104,808 Comm Ave,4:00 PM,5:00 PM,6:00 PM,8:00 PM,2,Sammy,Jordan,NEEDS MANAGER,
145755,200,HTC Event Space 104,808 Comm Ave,4:00 PM,5:00 PM,6:00 PM,8:00 PM,2,Romero,Jamal,Needs Manager ,
145678,45,Event Space,808 Comm Ave,4:00 PM,5:00 PM,6:00 PM,9:00 PM,3,Jordan,Jordan,NEEDS MANAGER,
145801,100,102,855 Comm Ave,5:15 PM,5:15 PM,6:00 PM,8:00 PM,1,Romero,Jordan,,
143518,250,COM Lawn,640 Comm Ave,4:00 PM,5:00 PM,6:00 PM,8:30 PM,2,Jordan,Jordan,needs manager,
145733,170,906,8 St Marys,4:00 PM,5:00 PM,6:00 PM,8:00 PM,3,Jordan,Jamal,NEEDS MANAGER,
146202,50,Marsh Plaza - Right Portico,745 Comm Ave,4:00 PM,5:00 PM,6:00 PM,7:00 PM,2,Jordan,Jordan,NEEDS MANAGER,
145978,65,0,135 Ivy Street,4:00 PM,4:00 PM,6:00 PM,9:00 PM,3,Sammy,Jamal,Christine,
147412,30,Lobby,928 Comm Ave,4:00 PM,4:00 PM,6:00 PM,8:00 PM,2,Antonio,Romero,NEEDS MANAGER,
145600,25,Hawes Living Room,43 Hawes,5:15 PM,5:15 PM,6:00 PM,7:30 PM,1,Antonio,No P/U,,
146065,100,Stone Gallery,855 Comm. AVE,4:00 PM,5:00 PM,6:00 PM,8:00 PM,2,Sammy,Jordan,,
146248,50,Family Alumni Center,Castle,4:45 PM,4:45 PM,6:00 PM,7:30 PM,2,Romero,Romero,,
146182,100,PICK UP,775 Comm Ave,5:45 PM,5:45 PM,6:00 PM,12:01:30 AM,1,Jordan,No P/U,,
146000,48,Barristers,765 Comm Ave,4:00 PM,5:00 PM,6:00 PM,8:00 PM,3,Sammy,Jordan,Daniel,
145611,40,BU Beach,270 Bay State Road,5:15 PM,5:15 PM,6:00 PM,10:00 PM,1,Jordan,No P/U,,
145983,110,Lobby/103,24 Cummington,4:00 PM,5:00 PM,6:00 PM,8:00 PM,2,Sammy,Jordan,Daniel,
144076,60,BOH Stage Area - Food Tent,BU Beach,5:15 PM,5:15 PM,6:00 PM,7:00 PM,1,Jordan,No P/U,,
144575,33,House,135 Ivy Street,4:00 PM,5:00 PM,6:00 PM,9:00 PM,3,Jamal,Jamal,Christine,
145771,150,0,890 Comm Ave,6:00 PM,6:00 PM,6:15 PM,8:00 PM,1,Jordan,Jordan,,
145730,35,Booth Lobby,820 Comm Ave,4:30 PM,4:30 PM,6:30 PM,8:00 PM,2,Jamal,Jordan,NEEDS MANAGER,
144519,25,Lobby,2 Silber Way,5:45 PM,5:45 PM,6:30 PM,8:30 PM,1,Jordan,No P/U,,
145772,150,0,890 Comm Ave,5:45 PM,6:00 PM,6:30 PM,7:30 PM,1,Jordan,Jamal,,
145782,40,PICK UP,775 Comm Ave,6:15 PM,6:15 PM,6:30 PM,12:01:30 AM,1,Jordan,No P/U,,
146111,175,Event Space,808 Comm Ave,4:30 PM,5:30 PM,6:30 PM,8:30 PM,3,Jordan,Jordan,NEEDS MANAGER,
145776,150,0,890 Comm Ave,5:30 PM,5:30 PM,6:30 PM,8:00 PM,1,Jordan,Jordan,,
147381,50,PICK UP,775 Comm Ave,6:15 PM,6:15 PM,6:30 PM,12:01:30 AM,1,Juan,No P/U,,
146191,32,2nd Floor Lounge,213 Bay State Road,4:30 PM,5:30 PM,6:30 PM,9:30 PM,3,Jamal,Jordan,Needs Manager,
146197,30,PICK UP,775 Comm Ave,6:15 PM,6:15 PM,6:30 PM,12:01:30 AM,1,Jordan,No P/U,,
144068,50,Boathouse,619 Memorial Drive,4:30 PM,5:30 PM,6:30 PM,8:30 PM,2,Sammy,Jordan,NEEDS MANAGER,
144574,7,Sloane House,135 Ivy Street,4:30 PM,5:30 PM,6:30 PM,9:30 PM,3,Jordan,Jordan,Christine,
145915,60,B50 - Stone Science Center,675 Comm Ave,5:00 PM,5:30 PM,6:30 PM,8:00 PM,2,Sammy,Jordan,NEEDS MANAGER,
145829,250,Ballroom,775 Comm Ave,5:00 PM,6:00 PM,7:00 PM,9:00 PM,2,Jordan,No P/U,Mia,
145770,150,0,890 Comm Ave,6:30 PM,6:30 PM,7:00 PM,8:00 PM,1,Jordan,Jordan,,
145747,150,0,Marciano Commons,,,7:00 PM,9:00 PM,1,-,,,
145745,1000,BU Beach,BU Beach,7:00 PM,9:00 PM,7:00 PM,9:00 PM,0,na,No P/U,,
145774,150,0,890 Comm Ave,6:30 PM,6:30 PM,7:00 PM,8:00 PM,1,Jordan,Jordan,,
145775,150,0,890 Comm Ave,6:30 PM,6:30 PM,7:00 PM,8:00 PM,1,Jordan,No P/U,,
145773,150,0,890 Comm Ave,6:30 PM,6:30 PM,7:00 PM,8:00 PM,1,Jordan,Jordan,,
145827,450,Large Ballroom,775 Comm Ave,5:00 PM,6:00 PM,7:00 PM,9:00 PM,2,Jamal,Jamal,NEEDS MANAGER,
144249,40,COM 209,640 Comm Ave,6:15 PM,6:15 PM,7:00 PM,8:30 PM,1,Jordan,Jordan,,
142915,60,Castle,225 Bay State Rd,6:30 PM,6:30 PM,7:30 PM,9:15 PM,3,Jordan,Jordan,needs manager,
146076,40,3rd. FLR,890 Comm Ave.,6:30 PM,6:30 PM,7:30 PM,9:00 PM,2,Jordan,Jordan,,
145723,95,906 Colloquium Room,8 St Mary's,3:30 PM,6:30 PM,7:30 PM,9:00 PM,1,Jamal,Jamal,,
145739,90,Leventhal Center Lobby,233 Bay State Road,6:00 PM,6:00 PM,7:45 PM,9:00 PM,2,Romero,Jordan,NEEDS MANAGER,
143401,500,BU Beach,225 Bay State Rd,7:00 PM,7:00 PM,8:00 PM,10:00 PM,1,Jordan,No P/U,,
144133,600,Metcalf Ballroom,775 Comm Ave,5:00 PM,5:00 PM,9:00 PM,12:00 AM,1,Jordan,Jordan,,
Grand Totals,,,,,,,,,,,,
,,,,,,,,,,,,
Event ID,Guest Count,,,,,,,,,,,
553,"64,251.00",,,,,,,,,,,
