Daily Run Sheet - GSU  -  4/1/2022 to 4/30/2022,,,,,,,,,,,,
Event ID,Guest Count,Building Room,Street Address,SuppliesTime,Food Time,Event Start Time,End Time,Tier,Drop Steward,Pick Up Steward,Event Manager,Select
140895,1,Various,775 Comm Ave,0,0,6:30 AM,0,CTG,Luis ,,,
140955,1,Various,775 Comm Ave,0,0,6:30 AM,0,CTG,Jose,,,
140956,1,Various,775 Comm Ave,0,0,6:30 AM,0,CTG,Antonio,,,
140957,1,Various,775 Comm Ave,0,0,6:30 AM,0,CTG,Luis,,,
140958,1,Various,775 Comm Ave,0,0,6:30 AM,0,CTG,Luis ,,,
140959,1,Various,775 Comm Ave,0,0,6:30 AM,0,CTG,Luis,,,
140960,1,Various,775 Comm Ave,0,0,6:30 AM,0,CTG,Luis,,,
140961,1,Various,775 Comm Ave,0,0,6:30 AM,0,CTG,Luis,,,
140962,1,Various,775 Comm Ave,0,0,6:30 AM,0,CTG,Sammy,,,
140969,1,Various,775 Comm Ave,0,0,6:30 AM,0,CTG,Antonio,,,
140968,1,Various,775 Comm Ave,0,0,6:30 AM,0,CTG,Luis,,,
140966,1,Various,775 Comm Ave,0,0,6:30 AM,0,CTG,Luis,,,
140967,1,Various,775 Comm Ave,0,0,6:30 AM,0,CTG,Luis,,,
140965,1,Various,775 Comm Ave,0,0,6:30 AM,0,CTG,Luis,,,
140964,1,Various,775 Comm Ave,0,0,6:30 AM,0,CTG,Luis,,,
140963,1,Various,775 Comm Ave,0,0,6:30 AM,0,CTG,Jose,,,
140972,1,Various,775 Comm Ave,0,0,6:30 AM,0,CTG,Luis,,,
140970,1,Various,775 Comm Ave,0,0,6:30 AM,0,CTG,Antonio,,,
140974,1,Various,775 Comm Ave,0,0,6:30 AM,0,CTG,Luis,,,
140976,1,Various,775 Comm Ave,0,0,6:30 AM,0,CTG,Luis,,,
140978,1,Various,775 Comm Ave,0,0,6:30 AM,0,CTG,Luis,,,
140980,1,Various,775 Comm Ave,0,0,6:30 AM,0,CTG,Luis,,,
140982,1,Various,775 Comm Ave,0,0,6:30 AM,0,CTG,Jose,,,
140971,1,Various,775 Comm Ave,0,0,6:30 AM,0,CTG,Romero,,,
140973,1,Various,775 Comm Ave,0,0,6:30 AM,0,CTG,Luis,,,
140975,1,Various,775 Comm Ave,0,0,6:30 AM,0,CTG,Luis,,,
140977,1,Various,775 Comm Ave,0,0,6:30 AM,0,CTG,Luis,,,
140979,1,Various,775 Comm Ave,0,0,6:30 AM,0,CTG,Luis,,,
140981,1,Various,775 Comm Ave,0,0,6:30 AM,0,CTG,Luis,,,
140983,1,Various,775 Comm Ave,0,0,6:30 AM,0,CTG,Juan,,,
138429,1,Law Cart - 2nd floor,765 Comm Ave - Redstone,6:30 AM,6:30 AM,7:00 AM,0,1,Luis,NO P/U,,
138428,1,Law Cart - 2nd floor,765 Comm Ave - Redstone,6:30 AM,6:30 AM,7:00 AM,0,1,Luis,NO P/U,,
138427,1,Law Cart - 2nd floor,765 Comm Ave - Redstone,6:30 AM,6:30 AM,7:00 AM,0,1,Luis,NO P/U,,
141783,1,Kenmore Starbucks,526 Comm. Ave,6:30 AM,6:30 AM,7:00 AM,0,1,Rudy,,,
138426,1,Law Cart - 2nd floor,765 Comm Ave - Redstone,6:30 AM,6:30 AM,7:00 AM,0,1,Luis,NO P/U,,
138425,1,Law Cart - 2nd floor,765 Comm Ave - Redstone,6:30 AM,6:30 AM,7:00 AM,0,1,Luis,NO P/U,,
141233,20,Various GSU Locations,775 Comm Ave,6:00 AM,6:00 AM,7:00 AM,4:00 PM,1,COTC,,Jen ,
138420,1,Law Cart - 2nd floor,765 Comm Ave - Redstone,6:30 AM,6:30 AM,7:00 AM,0,1,Luis,NO P/U,,
138421,1,Law Cart - 2nd floor,765 Comm Ave - Redstone,6:30 AM,6:30 AM,7:00 AM,0,1,Luis,NO P/U,,
138422,1,Law Cart - 2nd floor,765 Comm Ave - Redstone,6:30 AM,6:30 AM,7:00 AM,0,1,Luis,NO P/U,,
138423,1,Law Cart - 2nd floor,765 Comm Ave - Redstone,6:30 AM,6:30 AM,7:00 AM,0,1,Luis,NO P/U,,
138424,1,Law Cart - 2nd floor,765 Comm Ave - Redstone,6:30 AM,6:30 AM,7:00 AM,0,1,-,NO P/U,,
140533,1,Tent,COM Lawn,6:00 AM,6:00 AM,7:00 AM,4:00 PM,0,Juan ,,,
138419,1,Law Cart - 2nd floor,765 Comm Ave - Redstone,6:30 AM,6:30 AM,7:00 AM,0,1,Luis,NO P/U,,
140532,1,Tent,COM Lawn,6:00 AM,6:00 AM,7:00 AM,4:00 PM,0,Luis,,,
140536,1,Tent,West Campus Grotto,6:00 AM,6:00 AM,7:00 AM,4:00 PM,0,Luis,,,
141235,20,Various GSU Locations,775 Comm Ave,6:00 AM,6:00 AM,7:00 AM,4:00 PM,1,COTC,,Lynn ,
138418,1,Law Cart - 2nd floor,765 Comm Ave - Redstone,6:30 AM,6:30 AM,7:00 AM,0,1,Luis,NO P/U,,
138417,1,Law Cart - 2nd floor,765 Comm Ave - Redstone,6:30 AM,6:30 AM,7:00 AM,0,1,Luis,NO P/U,,
138416,1,Law Cart - 2nd floor,765 Comm Ave - Redstone,6:30 AM,6:30 AM,7:00 AM,0,1,Luis,NO P/U,,
138415,1,Law Cart - 2nd floor,765 Comm Ave - Redstone,6:30 AM,6:30 AM,7:00 AM,0,1,Luis,NO P/U,,
140531,1,Tent,COM Lawn,6:00 AM,6:00 AM,7:00 AM,4:00 PM,0,Jose,,,
140535,1,Tent,West Campus Grotto,6:00 AM,6:00 AM,7:00 AM,4:00 PM,0,Jose,,,
138410,1,Law Cart - 2nd floor,765 Comm Ave - Redstone,6:30 AM,6:30 AM,7:00 AM,0,1,Luis,NO P/U,,
140530,1,Tent,COM Lawn,6:00 AM,6:00 AM,7:00 AM,4:00 PM,0,Luis,,,
140534,1,Tent,West Campus Grotto,6:00 AM,6:00 AM,7:00 AM,4:00 PM,0,Luis,,,
140768,20,Various GSU Locations,775 Comm Ave,6:00 AM,6:00 AM,7:00 AM,4:00 PM,1,COTC,,Jen ,
138411,1,Law Cart - 2nd floor,765 Comm Ave - Redstone,6:30 AM,6:30 AM,7:00 AM,0,1,Luis,NO P/U,,
138413,1,Law Cart - 2nd floor,765 Comm Ave - Redstone,6:30 AM,6:30 AM,7:00 AM,0,1,Luis ,NO P/U,,
138412,1,Law Cart - 2nd floor,765 Comm Ave - Redstone,6:30 AM,6:30 AM,7:00 AM,0,1,Luis,NO P/U,,
138414,1,Law Cart - 2nd floor,765 Comm Ave - Redstone,6:30 AM,6:30 AM,7:00 AM,0,1,Luis,NO P/U,,
140528,1,Tent,COM Lawn,6:00 AM,6:00 AM,7:00 AM,4:00 PM,0,Luis,,,
138409,1,Law Cart - 2nd floor,765 Comm Ave - Redstone,6:30 AM,6:30 AM,7:00 AM,0,1,Luis,NO P/U,,
140415,20,Various GSU Locations,775 Comm Ave,6:00 AM,6:00 AM,7:00 AM,4:00 PM,1,COTC,,Jen ,
141579,40,inside the HVAC Shop,120 Ashford St.,6:30 AM,6:30 AM,7:15 AM,9:30 AM,1,Luis,Jose,,
140705,38,HTC - Commons Room,808 Comm ave,6:30 AM,6:30 AM,7:15 AM,12:01:30 AM,1,Luis,,,
141758,9,Rm 613A,100 Bay State,6:45 AM,6:45 AM,7:30 AM,8:30 AM,1,Jose,,,
140847,40,Library,928 Comm Ave,6:45 AM,6:45 PM,7:30 AM,8:15 AM,1,Sammy,Sammy,,
140769,800,ZISKIND,775 Comm Ave,5:30 AM,5:30 AM,7:45 AM,9:00 AM,2,Antonio,,Jen ,
140416,800,ZISKIND,775 Comm Ave,5:30 AM,5:30 AM,7:45 AM,9:00 AM,2,Romero,,Jen ,
139029,15,Conference #2-Friends of Hockey,928 Comm Ave -Agganis Arena,7:00 AM,7:00 AM,7:45 AM,11:30 AM,1,Antonio,Antonio,,
141237,550,ZISKIND,775 Comm Ave,5:30 AM,5:30 AM,7:45 AM,9:00 AM,2,Romero,,Jen ,
141046,800,Large Ballroom,775 Comm Ave,5:30 AM,5:30 AM,7:45 AM,9:00 AM,2,Antonio,,Lynn ,
140858,82,West Campus Grotto-Tent,West Campus Grotto,7:15 AM,7:15 AM,8:00 AM,10:00 AM,1,Antonio,Sammy,,
141412,20,906,8 St. Mary's,7:15 AM,7:15 AM,8:00 AM,12:01:30 AM,1,Luis,,,
141400,100,Faculty Lounge,765 Comm Ave,7:30 AM,7:30 AM,8:00 AM,8:00 AM,1,Antonio,,,
139109,190,COM Lawn,640 Comm Ave,7:15 AM,7:15 AM,8:00 AM,9:00 AM,1,Juan,,,
141060,55,Lobby Of Pilgrim Dorm,25 Pilgrim Rd,7:15 AM,7:15 AM,8:00 AM,12:01:30 AM,1,Luis,,,
141622,100,Faculty Lounge,765 Comm Ave,7:30 AM,7:30 AM,8:00 AM,8:00 AM,1,Antonio,,,
141376,30,325,745 Comm Ave,7:15 AM,7:15 AM,8:00 AM,9:00 AM,1,Juan,Juan,,
141234,20,204,8 St. Mary's,7:15 AM,7:15 AM,8:00 AM,12:01:30 AM,1,Luis,,,
138354,100,GSDM Auditorium,100 East Newton St.,7:00 AM,7:00 AM,8:00 AM,10:30 AM,1,Juan/Jose ,,,
138353,100,GSDM Auditorium,100 East Newton st.,7:00 AM,7:00 AM,8:00 AM,10:30 AM,1,Romero,,,
141385,55,Lobby Of Pilgrim Dorm,25 Pilgrim Rd,7:15 AM,7:15 AM,8:00 AM,12:01:30 AM,1,Luis,,,
139246,102,Lobby Of Pilgrim Dorm,25 Pilgrim Rd,7:15 AM,7:15 AM,8:00 AM,12:01:30 AM,1,Luis,,,
141711,1,Various,Hyde Park,8:00 AM,8:00 AM,8:00 AM,10:00 AM,1,Luis,NO P/U,,
141190,100,Faculty Lounge,765 Comm Ave,7:30 AM,7:30 AM,8:00 AM,8:00 AM,1,Antonio,,,
141058,1,Lobby,610 Comm Ave,8:00 AM,0,8:00 AM,9:00 AM,1,Jose,,,
138972,30,2nd Floor-Room 204,635 Comm Ave,7:15 AM,7:15 AM,8:00 AM,10:00 AM,1,Jose,,,
139282,40,1st Flr - Conference Rm,152 Bay State Rd,7:15 AM,7:15 AM,8:00 AM,9:00 AM,1,Luis,Sammy,,
140782,20,906,8 St. Mary's,7:15 AM,7:15 AM,8:00 AM,12:01:30 AM,1,Romero,,,
140856,93,West Campus Grotto-Tent,West Campus Grotto,7:15 AM,7:15 AM,8:00 AM,10:00 AM,1,Luis,Sammy,,
140857,150,West Campus Grotto-Tent,West Campus Grotto,7:15 AM,7:15 AM,8:00 AM,10:00 AM,1,Jose,,,
140701,50,Comm Lawn,Comm Lawn,7:15 AM,7:15 AM,8:00 AM,9:00 AM,1,Jose,,,
139108,280,COM Lawn,640 Comm Ave,7:15 AM,7:15 AM,8:00 AM,9:00 AM,1,Jose,,,
141232,20,906,8 St. Mary's,7:15 AM,7:15 AM,8:00 AM,12:01:30 AM,1,-,,,
141125,25,Lobby outside 109,53 Bay State Rd,7:15 AM,7:15 AM,8:00 AM,8:45 AM,1,Luis,Sammy,,
141277,8,106A,610 Comm Ave,7:15 AM,7:15 AM,8:00 AM,10:00 AM,1,Luis,,,
141778,100,Faculty Lounge,765 Comm Ave,7:30 AM,7:30 AM,8:00 AM,8:00 AM,1,Antonio,,,
141551,20,Lower Level Kitchen,881 Comm Ave,7:15 AM,7:15 AM,8:00 AM,9:00 AM,1,Luis,,,
139258,150,6th Floor,100 Bay State Rd,7:00 AM,7:00 AM,8:00 AM,10:00 AM,1,Jose,Jose ,,
140795,15,205,540 Comm Ave,7:30 AM,7:30 AM,8:15 AM,11:00 AM,1,Romero,,,
140478,100,906,8 St Mary's,7:30 AM,7:30 AM,8:15 AM,11:00 AM,1,Luis,,,
141032,60,Hiebert Lounge,72 E Concord St,7:30 AM,7:30 AM,8:15 AM,8:45 AM,1,Antonio,,,
141292,150,East Balcony,775 Comm Ave,7:00 AM,7:00 AM,8:15 AM,10:00 AM,2,Jose,,Jamie ,
141293,150,East Balcony,775 Comm Ave,7:00 AM,7:00 AM,8:15 AM,10:00 AM,2,n/a,,Jamie,
140854,25,COM Lawn,640 Comm Ave,7:45 AM,7:45 AM,8:30 AM,9:15 AM,1,Juan,,,
141517,25,COM Lawn,640 Comm Ave,7:45 AM,7:45 AM,8:30 AM,9:15 AM,1,Juan,,,
140853,23,Ladd Room,43 Hawes,7:45 AM,7:45 AM,8:30 AM,9:30 AM,1,Luis,Jose,,
140678,300,COM Lawn,640 Comm Ave,7:45 AM,7:45 AM,8:30 AM,9:15 AM,1,Luis,,,
140810,40,B18,755 Comm Ave,7:45 AM,7:45 AM,8:30 AM,9:30 AM,1,Jose,,,
141407,10,106A,610 Comm Ave,7:45 AM,7:45 AM,8:30 AM,9:30 AM,1,Jose,,,
141663,30,103,24 Cummington,7:45 AM,7:45 AM,8:30 AM,9:30 AM,1,Romero,Romero,,
141529,7,2nd Floor-Rm 245,25 Buick Street,7:45 AM,7:45 AM,8:30 AM,11:30 AM,1,Romero,Romero,,
140811,40,B18,755 Comm Ave,7:45 AM,7:45 AM,8:30 AM,9:30 AM,1,Juan,,,
140859,55,Basement Level Kitchen,881 Comm Ave,7:45 AM,7:45 AM,8:30 AM,10:30 AM,1,Antonio,Antonio,,
141052,10,Lobby,685 Comm Ave,7:45 AM,7:45 AM,8:30 AM,2:00 PM,1,Jose,,,
138962,900,Under Tent at Tennis Courts ( Rain or Shine),285 Babcock Street - Tennis Courts,6:45 AM,6:45 AM,8:30 AM,12:00 PM,2,Antonio,,Lynn ,
140548,40,Basement,745 Comm Ave,7:45 AM,7:45 AM,8:30 AM,9:00 AM,1,Jose,,,
140676,75,COM Lawn,640 Comm Ave,7:45 AM,7:45 AM,8:30 AM,9:15 AM,1,Luis,,,
140574,40,B18,755 Comm Ave,7:45 AM,7:45 AM,8:30 AM,9:30 AM,1,Jose,,,
140577,21,106C,610 Comm Ave,7:45 AM,7:45 AM,8:30 AM,9:00 AM,1,Luis,,,
140852,23,Ladd Room,43 Hawes,7:45 AM,7:45 AM,8:30 AM,9:30 AM,1,Luis,,,
140851,50,COM Lawn,640 Comm Ave,7:45 AM,7:45 AM,8:30 AM,9:15 AM,1,Jose,,,
140677,300,COM Lawn,640 Comm Ave,7:45 AM,7:45 AM,8:30 AM,9:15 AM,1,Antonio,Sammy,,
140700,100,102,855 Comm ave,7:45 AM,7:45 AM,8:30 AM,12:00 PM,1,Luis,,,
140575,40,B18,755 Comm Ave,7:45 AM,7:45 AM,8:30 AM,9:30 AM,1,Jose,,,
140475,150,906,8 St. Mary's,7:00 AM,7:00 AM,8:30 AM,9:30 AM,2,Antonio,jose,Colby,
140812,40,B18,755 Comm Ave,7:45 AM,7:45 AM,8:30 AM,9:30 AM,1,Romero,,,
141045,65,121,15 St. Mary's,8:00 AM,8:00 AM,8:45 AM,10:00 AM,1,Sammy,Sammy,,
141043,1,Hillel Loading Dock,213 Bay State Road,9:00 AM,0,9:00 AM,9:00 AM,1,Jose,NO P/U,,
141073,1,PICK UP,775 Comm Ave,8:15 AM,8:15 AM,9:00 AM,10:00 AM,1,-,,,
140773,300,GSU Plaza,GSU Plaza,8:15 AM,8:15 AM,9:00 AM,5:00 PM,1,Luis,,,
141044,1,Hillel Loading Dock,213 Bay State Road,9:00 AM,0,9:00 AM,9:00 AM,1,-,,,
141009,40,Lobby,610 Comm Ave,8:15 AM,8:15 AM,9:00 AM,11:00 AM,1,Sammy,Sammy,,
140943,15,The Castle - Library Room,225 Bay State Rd,8:15 AM,8:15 AM,9:00 AM,12:30 PM,1,Luis,,,
141322,230,0,890 Comm Ave,8:30 AM,8:30 AM,9:00 AM,3:30 PM,1,-,,,
141323,230,0,890 Comm Ave,8:30 AM,8:30 AM,9:00 AM,3:30 PM,1,Antonio,,,
141427,50,Lobby,610 Comm Ave,8:15 AM,8:15 AM,9:00 AM,9:30 AM,1,Antonio,Antonio,,
141578,7,Charles River Room,765 Comm Ave,8:15 AM,8:15 AM,9:00 AM,10:00 AM,1,Juan,,,
140720,4,415,236 Bay State Rd,8:15 AM,8:15 AM,9:00 AM,10:00 AM,1,Luis,Sammy,,
141158,15,339,8 St Marys,8:30 AM,8:30 AM,9:15 AM,11:45 AM,1,Luis,Jose,,
141048,40,East End Lounge,8 St. Mary's,8:30 AM,8:30 AM,9:15 AM,10:15 AM,1,Jose,,,
141157,20,324,8 St Marys,8:30 AM,8:30 AM,9:15 AM,12:00 PM,1,Romero,Romero,,
141006,75,Concert Hall (Room 175),855 Comm Ave,8:30 AM,8:30 AM,9:15 AM,11:00 AM,1,Jose,Jose,,
140843,15,324,8 St Marys,8:30 AM,8:30 AM,9:15 AM,11:00 AM,1,Jose,,,
140745,12,257 Berg,635 Commonwealth Ave,8:45 AM,8:45 AM,9:30 AM,12:00 PM,1,Romero,,,
140611,22,12h Floor-Alumni Board Room,765 Comm Ave,8:45 AM,8:45 AM,9:30 AM,10:30 AM,1,Luis,Luis,,
140631,24,PICK UP @ Einstein,Einstein Bagel Pickup,9:15 AM,9:15 AM,9:30 AM,11:00 AM,1,N/A ,,,
136841,36,PICK UP @ Einstein,Einstein Bagel Pickup,9:15 AM,9:15 AM,9:30 AM,11:00 AM,1,n/a ,,,
139245,50,Marsh Room- Lower Level,735 Comm Ave,8:45 AM,8:45 AM,9:30 AM,12:01:30 AM,1,Romero,,,
138814,36,PICK UP @ Einstein,Einstein Bagel Pickup,9:15 AM,9:15 AM,9:30 AM,11:00 AM,1,n/a,,,
140632,24,PICK UP @ Einstein,Einstein Bagel Pickup,9:15 AM,9:15 AM,9:30 AM,11:00 AM,1,N/A ,,,
136842,36,PICK UP @ Einstein,Einstein Bagel Pickup,9:15 AM,9:15 AM,9:30 AM,11:00 AM,1,N/A,,,
141122,25,2nd Floor-Room 257,635 Comm Ave,8:45 AM,8:45 AM,9:30 AM,11:30 AM,1,Luis,Jose,,
141076,22,106C,610 Comm Ave,8:45 AM,8:45 AM,9:30 AM,10:30 AM,1,Jose,,,
140788,50,GSU Kitchen,775 COmm Ave,0,0,9:30 AM,12:01:30 AM,1,Claudia,,,
141599,30,Terrace Lounge,775 Comm Ave,8:45 AM,8:45 AM,9:30 AM,11:00 AM,1,Jose,jose,,
136844,36,PICK UP @ Einstein,Einstein Bagel Pickup,9:15 AM,9:15 AM,9:30 AM,11:00 AM,1,n/a,,,
138815,36,PICK UP @ Einstein,Einstein Bagel Pickup,9:15 AM,9:15 AM,9:30 AM,11:00 AM,1,n/A,,,
140634,24,PICK UP @ Einstein,Einstein Bagel Pickup,9:15 AM,9:15 AM,9:30 AM,11:00 AM,1,N/A ,,,
141402,1,Kitchen,West Campus,9:30 AM,9:30 AM,9:30 AM,9:30 AM,1,Jose,NO P/U,,
136843,36,PICK UP @ Einstein,Einstein Bagel Pickup,9:15 AM,9:15 AM,9:30 AM,11:00 AM,1,-,,,
140633,24,PICK UP @ Einstein,Einstein Bagel Pickup,9:15 AM,9:15 AM,9:30 AM,11:00 AM,1,N/A ,,,
141539,5,Gathering Space - Kitchenette,808 Comm Ave,8:45 AM,8:45 AM,9:30 AM,10:30 AM,1,Romero,,,
141718,6,324,8 St Marys,8:45 AM,8:45 AM,9:30 AM,11:00 AM,1,Jose,Jose,,
141380,25,Barristers,765 Comm Ave,8:45 AM,8:45 AM,9:30 AM,10:30 AM,1,Juan,Juan,,
140706,38,HTC - Commons Room,808 Comm ave,9:00 AM,9:00 AM,9:45 AM,12:01:30 AM,1,Jose,,,
141419,10,121,15 St. Mary's,9:00 AM,9:00 AM,9:45 AM,11:00 AM,1,-,,,
141279,20,200,635 Commonwealth Ave,9:00 AM,9:00 AM,9:45 AM,11:45 AM,1,Antonio,,,
141062,40,Library,928 Comm Ave,9:00 AM,9:00 PM,9:45 AM,11:00 AM,1,Sammy,Sammy,,
138256,25,rm 102,24 Cummington Ave,9:15 AM,9:15 AM,10:00 AM,11:00 AM,1,Luis,,,
138767,1,Faculty Dining,Faculty Dining,9:00 AM,9:00 AM,10:00 AM,10:00 AM,0,Luis,NO P/U,,
140887,1,Various,580 Comm Ave,9:00 AM,9:00 AM,10:00 AM,10:00 AM,1,Antonio,NO P/U,,
138771,1,Faculty Dining,Faculty Dining,9:00 AM,9:00 AM,10:00 AM,10:00 AM,0,Luis,NO P/U,,
140879,1,Various,580 Comm Ave,9:00 AM,9:00 AM,10:00 AM,10:00 AM,1,Luis,NO P/U,,
140885,1,Various,580 Comm Ave,9:00 AM,9:00 AM,10:00 AM,10:00 AM,1,Luis,NO P/U,,
141165,55,1st Floor Atrium,765 Comm Ave,9:15 AM,9:15 AM,10:00 AM,12:30 PM,1,Luis,Jose,,
140869,1,Various,580 Comm Ave,9:00 AM,9:00 AM,10:00 AM,10:00 AM,1,Luis,NO P/U,,
138774,1,Faculty Dining,Faculty Dining,9:00 AM,9:00 AM,10:00 AM,10:00 AM,0,Luis,NO P/U,,
140862,1,Various,580 Comm Ave,9:00 AM,9:00 AM,10:00 AM,10:00 AM,1,Romero,NO P/U,,
141042,10,328,590 Comm Ave,9:15 AM,9:15 AM,10:00 AM,11:00 AM,1,Luis,,,
140878,1,Various,580 Comm Ave,9:00 AM,9:00 AM,10:00 AM,10:00 AM,1,Jose ,NO P/U,,
140989,50,Room 259,855 Comm Ave,9:15 AM,9:15 AM,10:00 AM,12:00 PM,1,Luis ,Antonio ,,
139018,25,2nd floor Fit Rec Office,915 Comm Ave,9:15 AM,9:15 AM,10:00 AM,12:01:30 AM,1,Jose,,,
138770,1,Faculty Dining,Faculty Dining,9:00 AM,9:00 AM,10:00 AM,10:00 AM,0,Luis,NO P/U,,
140870,1,Various,580 Comm Ave,9:00 AM,9:00 AM,10:00 AM,10:00 AM,1,Antonio,NO P/U,,
140877,1,Various,580 Comm Ave,9:00 AM,9:00 AM,10:00 AM,10:00 AM,1,Luis,NO P/U,,
140860,1,Various,580 Comm Ave,9:00 AM,9:00 AM,10:00 AM,10:00 AM,1,Luis,NO P/U,,
138765,1,Faculty Dining,Faculty Dining,9:00 AM,9:00 AM,10:00 AM,10:00 AM,0,Luis,NO P/U,,
140861,1,Various,580 Comm Ave,9:00 AM,9:00 AM,10:00 AM,10:00 AM,1,Sammy,NO P/U,,
140886,1,Various,580 Comm Ave,9:00 AM,9:00 AM,10:00 AM,10:00 AM,1,Antonio,NO P/U,,
138766,1,Faculty Dining,Faculty Dining,9:00 AM,9:00 AM,10:00 AM,10:00 AM,0,Luis,NO P/U,,
138255,25,rm 102,24 Cummington Ave,9:15 AM,9:15 AM,10:00 AM,11:00 AM,1,Sammy,,,
140729,40,2nd Floor-McCausland Common,765 Comm Ave,9:15 AM,9:15 AM,10:00 AM,1:00 PM,1,Romero,ROmero,,
140884,1,Various,580 Comm Ave,9:00 AM,9:00 AM,10:00 AM,10:00 AM,1,Luis,NO P/U,,
140868,1,Various,580 Comm Ave,9:00 AM,9:00 AM,10:00 AM,10:00 AM,1,Luis,NO P/U,,
138775,1,Faculty Dining,Faculty Dining,9:00 AM,9:00 AM,10:00 AM,10:00 AM,0,Luis,NO P/U,,
140876,1,Various,580 Comm Ave,9:00 AM,9:00 AM,10:00 AM,10:00 AM,1,Antonio ,NO P/U,,
141327,1,906,8 St Mary's,9:00 AM,9:00 AM,10:00 AM,12:01:30 AM,1,Jose,,,
140871,1,Various,580 Comm Ave,9:00 AM,9:00 AM,10:00 AM,10:00 AM,1,Luis,NO P/U,,
141497,1,Warehouse,Warehouse,9:00 AM,9:00 AM,10:00 AM,10:00 AM,1,Luis,NO P/U,,
138772,1,Faculty Dining,Faculty Dining,9:00 AM,9:00 AM,10:00 AM,10:00 AM,0,Luis,NO P/U,,
140872,1,Various,580 Comm Ave,9:00 AM,9:00 AM,10:00 AM,10:00 AM,1,Luis,NO P/U,,
141573,200,Talbot Green ,72 East Concord St. ,10:00 AM,10:00 AM,10:00 AM,12:01:30 AM,1,,,,
140875,1,Various,580 Comm Ave,9:00 AM,9:00 AM,10:00 AM,10:00 AM,1,Luis,NO P/U,,
140880,1,Various,580 Comm Ave,9:00 AM,9:00 AM,10:00 AM,10:00 AM,1,Luis,NO P/U,,
140888,1,Various,580 Comm Ave,9:00 AM,9:00 AM,10:00 AM,10:00 AM,1,Antonio,NO P/U,,
138768,1,Faculty Dining,Faculty Dining,9:00 AM,9:00 AM,10:00 AM,10:00 AM,0,-,NO P/U,,
140883,1,Various,580 Comm Ave,9:00 AM,9:00 AM,10:00 AM,10:00 AM,1,Antonio,NO P/U,,
140863,1,Various,580 Comm Ave,9:00 AM,9:00 AM,10:00 AM,10:00 AM,1,Jose,NO P/U,,
140874,1,Various,580 Comm Ave,9:00 AM,9:00 AM,10:00 AM,10:00 AM,1,Luis,NO P/U,,
138773,1,Faculty Dining,Faculty Dining,9:00 AM,9:00 AM,10:00 AM,10:00 AM,0,Luis,NO P/U,,
140882,1,Various,580 Comm Ave,9:00 AM,9:00 AM,10:00 AM,10:00 AM,1,Luis,NO P/U,,
138769,1,Faculty Dining,Faculty Dining,9:00 AM,9:00 AM,10:00 AM,10:00 AM,0,Luis,NO P/U,,
138257,25,rm 102,24 Cummington Ave,9:15 AM,9:15 AM,10:00 AM,11:00 AM,1,Romero,,,
141604,25,Commons room -205,808 Comm Ave,9:15 AM,9:15 AM,10:00 AM,12:30 PM,1,Antonio,Antonio,,
140626,30,339,8 St Marys,9:15 AM,9:15 AM,10:00 AM,1:00 PM,1,Romero,Romero,,
140881,1,Various,580 Comm Ave,9:00 AM,9:00 AM,10:00 AM,10:00 AM,1,Jose,NO P/U,,
141442,15,2nd Flr Conference Room,152 Bay State Rd,9:15 AM,9:15 AM,10:00 AM,11:00 AM,1,Luis,Sammy,,
140889,1,Various,580 Comm Ave,9:00 AM,9:00 AM,10:00 AM,10:00 AM,1,Antonio,NO P/U,,
140864,1,Various,580 Comm Ave,9:00 AM,9:00 AM,10:00 AM,10:00 AM,1,Juan,NO P/U,,
140867,1,Various,580 Comm Ave,9:00 AM,9:00 AM,10:00 AM,10:00 AM,1,Luis,NO P/U,,
138777,1,Faculty Dining,Faculty Dining,9:00 AM,9:00 AM,10:00 AM,10:00 AM,0,Luis,NO P/U,,
139272,20,901,8 St Marys,9:15 AM,9:15 AM,10:00 AM,11:00 AM,1,Juan,,,
140873,1,Various,580 Comm Ave,9:00 AM,9:00 AM,10:00 AM,10:00 AM,1,Luis,NO P/U,,
141547,13,325,635 Comm Ave,9:15 AM,9:15 AM,10:00 AM,11:00 AM,1,Jose,Jose,,
140866,1,Various,580 Comm Ave,9:00 AM,9:00 AM,10:00 AM,10:00 AM,1,Luis,NO P/U,,
138776,1,Faculty Dining,Faculty Dining,9:00 AM,9:00 AM,10:00 AM,10:00 AM,0,Luis,NO P/U,,
140865,1,Various,580 Comm Ave,9:00 AM,9:00 AM,10:00 AM,10:00 AM,1,Juan,NO P/U,,
141607,50,PICK UP,0,,,10:15 AM,12:01:30 AM,1,Romero,,,
141033,60,Hiebert Lounge,72 E Concord St,9:30 AM,9:30 AM,10:15 AM,10:45 AM,1,Antonio,,,
141362,1,0,0,0,0,10:15 AM,12:01:30 AM,0,-,,,
141126,20,Lobby outside 109,53 Bay State Rd,9:30 AM,9:30 AM,10:15 AM,11:15 AM,1,Luis,,,
141363,1,0,0,0,0,10:15 AM,12:01:30 AM,0,-,,,
141364,1,0,0,0,0,10:15 AM,12:01:30 AM,0,-,,,
141425,10,Room 512,775 Comm Ave,9:45 AM,9:45 AM,10:30 AM,12:30 PM,1,Romero ,NO P/U,,
140730,40,109,590 Comm Ave,9:45 AM,9:45 AM,10:30 AM,11:45 AM,1,Romero,Romero ,,
137614,50,Concert Hall (Room 175),855 Comm Ave,9:45 AM,9:45 AM,10:30 AM,12:00 PM,1,Antonio,,,
139330,125,906,8 St Marys,8:30 AM,9:30 AM,10:30 AM,11:30 AM,2,Jose,Jose ,Jamie ,
140679,21,106C,610 Comm Ave,9:45 AM,9:45 AM,10:30 AM,10:45 AM,1,Jose,,,
141660,20,Lobby,24 Cummington,9:45 AM,9:45 AM,10:30 AM,11:30 AM,1,Romero,Sammy,,
141408,75,Lobby,610 Comm Ave,9:45 AM,9:45 AM,10:30 AM,11:30 AM,1,Romero,,,
141696,15,339,8 St Marys,9:45 AM,9:45 AM,10:30 AM,11:30 AM,1,Elvin,,,
141428,50,Lobby,610 Comm Ave,9:45 AM,9:45 AM,10:30 AM,12:00 PM,1,Jose,Jose ,,
141545,10,Room 512,775 Comm Ave,9:45 AM,9:45 AM,10:30 AM,12:30 PM,1,Romero ,NO P/U,,
141244,14,106B,610 Commonwealth Ave,10:00 AM,10:00 AM,10:45 AM,12:00 PM,1,Jose,,,
141662,20,Lobby,24 Cummington,10:00 AM,10:00 AM,10:45 AM,11:45 AM,1,Luis,Jordan,,
141310,20,236,635 Commonwealth Ave,10:00 AM,10:00 AM,10:45 AM,12:45 PM,1,Luis,,,
141708,24,536,8 Saint Marys,10:15 AM,10:15 AM,11:00 AM,1:00 PM,1,Jose,,,
141273,25,Office,1 University Rd,10:15 AM,10:15 AM,11:00 AM,12:00 PM,1,Juan,,,
141116,24,PICK UP,775 Comm Ave,10:45 AM,10:45 AM,11:00 AM,12:01:30 AM,1,Romero,,,
141613,24,105,15 St. Mary's,10:15 AM,10:15 AM,11:00 AM,1:00 PM,1,Sammy,,,
141309,15,12th Floor-Alumni Board Room,765 Comm Ave,10:15 AM,10:15 AM,11:00 AM,1:00 PM,1,Antonio,,,
141061,25,105,750 Comm Ave,10:15 AM,10:15 AM,11:00 AM,1:00 PM,1,Sammy,,,
140539,100,Tent,West Campus Grotto,10:00 AM,10:00 AM,11:00 AM,4:00 PM,0,Jose,,,
140543,100,Tent,COM Lawn,10:00 AM,10:00 AM,11:00 AM,4:00 PM,0,Jose,,,
141115,24,PICK UP,775 Comm Ave,10:45 AM,10:45 AM,11:00 AM,12:01:30 AM,1,Sammy,,,
141177,25,2nd Floor Deans Office,775 Comm Ave,10:15 AM,10:15 AM,11:00 AM,12:00 PM,1,Antonio,,,
140544,100,Tent,COM Lawn,10:00 AM,10:00 AM,11:00 AM,4:00 PM,0,Juan,,,
139130,200,Nickerson Bleachers,Nickerson Bleachers,9:00 AM,10:00 AM,11:00 AM,1:30 PM,2,Romero,Romero,Molly ,
140540,100,Tent,COM Lawn,10:00 AM,10:00 AM,11:00 AM,4:00 PM,0,Luis,Antonio,,
140581,30,Under Tent at Tennis Courts ( Rain or Shine),285 Babcock Street - Tennis Courts,10:15 AM,10:15 AM,11:00 AM,12:30 PM,1,Antonio,Jordan,,
140890,1,Various,Warehouse ,10:00 AM,10:00 AM,11:00 AM,11:00 AM,1,Luis Soto ,NO P/U,,
141075,24,PICK UP,775 Comm Ave,10:45 AM,10:45 AM,11:00 AM,12:01:30 AM,1,Bruce,,,
140538,100,Tent,West Campus Grotto,10:00 AM,10:00 AM,11:00 AM,4:00 PM,0,Jose,Jordan,,
140542,100,Tent,COM Lawn,10:00 AM,10:00 AM,11:00 AM,4:00 PM,0,Jose,Jordan,,
140537,100,Tent,West Campus Grotto,10:00 AM,10:00 AM,11:00 AM,4:00 PM,0,Jose,,,
140541,100,Tent,COM Lawn,10:00 AM,10:00 AM,11:00 AM,4:00 PM,0,Luis,,,
141249,1,Various,Varous,0,0,11:00 AM,12:01:30 AM,0,Jose,,,
139008,15,E&C Office,928 Comm Ave,10:15 AM,10:15 AM,11:00 AM,12:01:30 AM,1,Jose,,,
141191,40,Meeting Space,730 Comm Ave,10:15 AM,10:15 AM,11:00 AM,12:00 PM,1,Luis,,,
141619,140,Colloquium,8 St marys,9:00 AM,10:00 AM,11:00 AM,2:00 PM,2,Antonio,Antonio,Jamie ,
141117,24,PICK UP,775 Comm Ave,10:45 AM,10:45 AM,11:00 AM,12:01:30 AM,1,Juan,,,
141274,25,Lobby,1 University Rd,10:15 AM,10:15 AM,11:00 AM,12:00 PM,1,Juan,,,
141580,45,Main Lobby ,55 Pilgrim Road,10:15 AM,10:15 AM,11:00 AM,12:01:30 AM,1,Romero,,,
141680,22,119,871 Comm Ave,10:15 AM,10:15 AM,11:00 AM,12:01:30 AM,1,Jose,,,
141583,15,12th Floor-Alumni Board Room,765 Comm,10:15 AM,10:15 AM,11:00 AM,1:00 PM,1,Romero,romero,,
141161,70,Lobby,610 Comm Ave,10:30 AM,10:30 AM,11:15 AM,12:01:30 AM,1,Jose,,,
141423,195,0,890 Comm Ave,10:30 AM,10:30 AM,11:15 AM,2:00 PM,1,Romero,,,
141422,195,0,890 Comm Ave,10:30 AM,10:30 AM,11:15 AM,2:00 PM,1,Antonio,,,
141160,55,324,8 St Marys,10:45 AM,10:45 AM,11:30 AM,2:30 PM,1,Luis,,,
141485,15,105,15 St Mary's,10:45 AM,10:45 AM,11:30 AM,12:01:30 AM,1,Luis,,,
141456,15,534,635 Comm Ave,10:45 AM,10:45 AM,11:30 AM,12:30 PM,1,Sammy,,,
141645,15,4th Floor,881 Comm Ave,10:45 AM,10:45 AM,11:30 AM,1:00 PM,1,Romero,,,
141606,14,263A/B,930 Comm Ave,10:45 AM,10:45 AM,11:30 AM,12:30 PM,1,Sammy,,,
138136,12,401,44 Cummington,10:45 AM,10:45 AM,11:30 AM,2:00 PM,1,Luis,,,
141454,15,534,635 Comm Ave,10:45 AM,10:45 AM,11:30 AM,12:30 PM,1,Jose,,,
141455,15,664,635 Comm Ave,10:45 AM,10:45 AM,11:30 AM,12:30 PM,1,Romero,,,
141197,7,Investment Office,122 Bay State Rd,10:45 AM,10:45 AM,11:30 AM,12:30 PM,1,Sammy,,,
141250,10,227,120 Ashford Street,10:45 AM,10:45 AM,11:30 AM,2:00 PM,1,Jose,,,
138135,12,401,44 Cummington,10:45 AM,10:45 AM,11:30 AM,2:00 PM,1,Luis,,,
140755,100,STH B24,745 Comm Ave,10:45 AM,10:45 AM,11:30 AM,2:00 PM,1,Romero,,,
140627,55,324,8 St Marys,10:45 AM,10:45 AM,11:30 AM,2:30 PM,1,Elvin,,,
138134,12,401,44 Cummington,10:45 AM,10:45 AM,11:30 AM,2:00 PM,1,Antonio ,,,
141755,18,2nd Floor,120 Ashford Street,10:45 AM,10:45 AM,11:30 AM,1:30 PM,1,Luis,,,
141687,9,Katzenberg Lounge,871 COmm Ave,11:00 AM,11:00 AM,11:45 AM,12:01:30 AM,1,sammy,,,
140413,30,15th Floor-Faculty Lounge,765 Comm Ave,9:45 AM,10:45 AM,11:45 AM,12:45 PM,3,Romero,,Jamie,
140721,25,236,635 Commonwealth Ave,11:00 AM,11:00 AM,11:45 AM,1:00 PM,1,Jose,,,
140419,550,Ballroom,775 Comm Ave,9:45 AM,9:45 AM,11:45 AM,1:00 PM,2,Romero,,Jen ,
140794,55,Barristers,765 Comm Ave,11:00 AM,11:00 AM,11:45 AM,2:15 PM,1,ELvin,,,
141121,17,2nd Floor-Room 220,635 Comm Ave,11:00 AM,11:00 AM,11:45 AM,1:30 PM,1,Elvin,,,
140986,100,9th floor atrium,8 St Mary's,11:00 AM,11:00 AM,11:45 AM,12:01:30 AM,1,Sammy,,,
140772,800,Ballroom,775 Comm Ave,9:45 AM,9:45 AM,11:45 AM,1:00 PM,2,Antonio,,Jen ,
140988,100,9th floor atrium,8 St Mary's,11:00 AM,11:00 AM,11:45 AM,12:01:30 AM,1,Romero,,,
141050,40,East End Lounge,8 St. Mary's,11:00 AM,11:00 AM,11:45 AM,12:00 PM,1,Jose,,,
141047,800,Ballroom,775 Comm Ave,9:45 AM,9:45 AM,11:45 AM,1:00 PM,2,Antonio,,Lynn ,
141695,7,351,635 Commonwealth Ave,11:00 AM,11:00 AM,11:45 AM,2:00 PM,1,Romero,,,
141236,550,Ballroom,775 Comm Ave,9:45 AM,9:45 AM,11:45 AM,1:00 PM,2,Romero,,Jen ,
141414,16,Lobby,121 Bay State Rd,11:15 AM,11:15 AM,12:00 PM,1:00 PM,1,Sammy,,,
141605,12,12th Floor-Alumni Board Room,765 Comm Ave,11:15 AM,11:15 AM,12:00 PM,1:30 PM,1,Juan,,,
141429,50,Lobby,610 Comm Ave,11:15 AM,11:15 AM,12:00 PM,1:00 PM,1,Sammy,,,
141544,16,Gathering Space - Kitchenette,808 Comm Ave,11:15 AM,11:15 AM,12:00 PM,1:00 PM,1,Romero,,,
139273,20,901,8 St Marys,11:15 AM,11:15 AM,12:00 PM,1:00 PM,1,Luis,,,
139356,15,Pardee School,121 Bay State Rd,11:15 AM,11:15 AM,12:00 PM,1:00 PM,1,Sammy,,,
141246,15,INS 211,72 E. Concord Street,11:15 AM,11:15 AM,12:00 PM,2:00 PM,1,Jose,,,
141659,20,SOC241,100 Cummington Mall,11:15 AM,11:15 AM,12:00 PM,3:00 PM,1,Romero,Sammy,,
141384,50,1503 - Faculty Lounge,765 Comm Ave,11:15 AM,11:15 AM,12:00 PM,1:00 PM,1,Elvin,,,
141035,60,Hiebert Lounge,72 E Concord St,11:15 AM,11:15 AM,12:00 PM,1:00 PM,1,Antonio,,,
139397,12,259,855 COmm Ave,11:15 AM,11:15 AM,12:00 PM,1:00 PM,1,Luis,,,
138736,16,Pardee School,121 Bay State Rd,11:15 AM,11:15 AM,12:00 PM,1:00 PM,1,Sammy,,,
141383,1,Various,Various,11:00 AM,11:00 AM,12:00 PM,10:00 AM,1,Luis,NO P/U,,
141349,15,First Floor Conference Room,121 Bay State,11:15 AM,11:15 AM,12:00 PM,2:00 PM,1,Sammy,,,
141243,1,PHO 906,8 Saint Marys,11:00 AM,0,12:00 PM,2:00 PM,1,Jose,,,
141281,20,Room 102,125 Bay State,11:15 AM,11:15 AM,12:00 PM,2:00 PM,1,Jose,,,
141187,20,Meeting Space,730 Comm Ave,11:15 AM,11:15 AM,12:00 PM,1:00 PM,1,Antonio,,,
140911,45,239,775 Comm Ave,11:15 AM,11:15 AM,12:00 PM,1:30 PM,1,Elvin ,,,
141016,23,Ladd Room,43 Hawes,11:15 AM,11:15 AM,12:00 PM,1:00 PM,1,Luis,,,
141434,56,906,8 St Marys,11:15 AM,11:15 AM,12:00 PM,1:00 PM,1,Sammy,,,
141002,50,set by bank of america,GSU link,11:30 AM,11:30 AM,12:00 PM,1:00 PM,1,-,,,
141294,175,East Balcony,775 Comm Ave,10:30 AM,10:30 AM,12:00 PM,3:00 PM,2,Jose,,Jamie,
140894,45,245,110 Cummington Mall,11:15 AM,11:15 AM,12:00 PM,1:00 PM,1,Romero,,,
141368,25,GSU Basement-CGSA,775 Comm Ave,11:15 AM,11:15 AM,12:00 PM,12:01:30 AM,1,Antonio,,,
141068,20,15th floor faculty lounge,765 Comm Ave,11:15 AM,11:15 AM,12:00 PM,2:00 PM,1,Elvin,,,
140771,20,Stone lobby carpeted corner,775 Comm Ave,11:15 AM,11:15 AM,12:00 PM,3:45 PM,1,Antonio,,,
140738,15,110,745 Comm Ave,11:15 AM,11:15 AM,12:00 PM,1:00 PM,1,Jose,,,
141102,15,100E,985 COmm Ave,11:15 AM,11:15 AM,12:00 PM,12:01:30 AM,1,Jose,,,
141278,8,106A,610 Comm Ave,11:15 AM,11:15 AM,12:00 PM,1:00 PM,1,Sammy,,,
141015,23,Ladd Room,43 Hawes,11:15 AM,11:15 AM,12:00 PM,1:00 PM,1,Luis,,,
141132,70,Lobby outside 906,8 St Marys,11:15 AM,11:15 AM,12:00 PM,1:00 PM,1,Sammy,,,
140420,20,Stone lobby carpeted corner,775 Comm Ave,11:15 AM,11:15 AM,12:00 PM,3:45 PM,1,Romero,,,
140465,50,Hiebert Lounge,72 East Concord St.,10:00 AM,11:00 AM,12:00 PM,1:30 PM,2,Sammy,Sammy,Molly ,
140954,1,Various,580 Comm Ave,12:00 PM,12:00 PM,12:00 PM,1:00 PM,1,Sammy/Romero,NO P/U,,
140550,40,Basement,745 Comm Ave,10:00 AM,11:00 AM,12:00 PM,1:00 PM,2,Jose,Jose,Nate ,
141004,8,X Building - X304 ,650 Albany St,11:15 AM,11:15 AM,12:00 PM,1:00 PM,1,,,,
140466,60,Hiebert Lounge,72 East Concord St.,10:00 AM,11:00 AM,12:00 PM,1:30 PM,2,Jose ,Antonio ,Molly ,
140848,37,404,8 St Marys,11:15 AM,11:15 AM,12:00 PM,1:00 PM,1,Sammy,,,
140609,100,Hiebert Lounge,72 E Concord St,11:00 AM,0,12:00 PM,3:00 PM,1,Jose,,,
139285,24,Pardee School,121 Bay State Rd,10:00 AM,11:00 AM,12:00 PM,1:30 PM,3,Romero,Romero,Lynn ,
140928,12,351,635 Comm Ave,11:15 AM,11:15 AM,12:00 PM,1:00 PM,1,Antonio,,,
140845,15,435,2 Silber Way,11:15 AM,11:15 AM,12:00 PM,1:00 PM,1,antonio ,,,
140479,100,906,8 St Mary's,11:15 AM,11:15 AM,12:00 PM,2:00 PM,1,Sammy,,,
141013,2,Room 102,125 Bay State,11:15 AM,11:15 AM,12:00 PM,2:00 PM,1,Romero,,,
140998,40,GSU Courtyard - small patio off GSU link,775 Comm Ave,11:15 AM,11:15 AM,12:00 PM,1:00 PM,1,Romero,NO P/U,,
141757,8,Rm 613A,100 Bay State,11:15 AM,11:15 AM,12:00 PM,1:00 PM,1,Jose,,,
139259,150,6th Floor,100 Bay State Rd,10:00 AM,11:15 AM,12:00 PM,1:15 PM,2,Jose ,JOse ,Lynn,
141440,400,BUBeach,BU Beach,11:00 AM,11:00 AM,12:00 PM,2:00 PM,2,N/A,N/A ,,
141584,20,HTC Center - 1st Level,808 Commonwealth Ave - Thurman Center,9:45 AM,10:45 AM,12:00 PM,1:30 PM,3,Jose,romero,,
141650,50,Fuller Pub,225 Bay State Rd,11:15 AM,11:15 AM,12:00 PM,3:00 PM,1,Sammy,,,
141746,25,423,2 Silber Way,11:15 AM,11:15 AM,12:00 PM,3:00 PM,1,Juan,,,
140578,21,106C,610 Comm Ave,11:45 AM,11:45 AM,12:15 PM,1:00 PM,1,Bruce set/Sammy deliver,,,
141079,11,BO2A,677 Beacon St.,11:15 AM,11:15 AM,12:15 PM,1:15 PM,1,Luis,,,
141007,40,Lobby,610 Comm Ave,11:30 AM,11:30 AM,12:15 PM,1:30 PM,1,Jose,,,
141123,10,2nd Floor MLK Room,808 Commonwealth Ave - Thurman Center,10:00 AM,10:00 AM,12:15 PM,1:30 PM,0,Jose,Jose,,
141311,20,220,635 Commonwealth Ave,11:30 AM,11:30 AM,12:15 PM,2:00 PM,1,Romero,,,
138355,100,GSDM Auditorium,100 East Newton St.,11:15 AM,11:15 AM,12:15 PM,2:00 PM,1,Romero,,,
141432,11,BO2A,677 Beacon St.,11:30 AM,11:30 AM,12:15 PM,1:30 PM,1,Luis,,,
141514,30,BUild Lab,730 Comm Ave,11:45 AM,11:45 AM,12:30 PM,1:30 PM,1,Sammy,,,
141654,30,411,2 Silber Way,11:45 AM,11:45 AM,12:30 PM,2:00 PM,1,Luis ,,,
141127,25,CAS 132,725 Comm Ave,11:45 AM,11:45 AM,12:30 PM,1:30 PM,1,Sammy,Sammy ,,
141283,30,15th Floor-Faculty Lounge,765 Comm Ave,11:45 AM,11:45 AM,12:30 PM,2:00 PM,1,Romero,,,
141307,15,12th floor ALumni Board Room,765 Comm Ave,11:45 AM,11:45 AM,12:30 PM,2:30 PM,1,Romero,,,
141051,65,East End Lounge,8 St. Mary's,11:00 AM,11:45 AM,12:30 PM,1:30 PM,2,Jose,Jose,Molly ,
141285,30,15th Floor-Faculty Lounge,765 Comm Ave,11:45 AM,11:45 AM,12:30 PM,2:00 PM,1,Luis,,,
141541,5,Gathering Space - Kitchenette,808 Comm Ave,11:45 AM,11:45 AM,12:30 PM,1:30 PM,1,Luis,,,
140849,40,Library,928 Comm Ave,11:45 AM,11:45 PM,12:30 PM,1:30 PM,1,Sammy,,,
141077,22,106D,610 Comm Ave,11:45 AM,11:45 AM,12:30 PM,1:30 PM,1,Sammy,,,
141099,10,Pickup in GSU Kitchen,775 Comm Ave,11:45 AM,11:45 AM,12:30 PM,1:30 PM,1,Bruce,,,
140786,50,GSU Kitchen,775 COmm Ave,,,12:30 PM,12:01:30 AM,1,Bruce,,,
141025,25,15th Floor-Faculty Lounge,765 Comm Ave,11:45 AM,11:45 AM,12:30 PM,2:00 PM,1,Romero,,,
140707,38,HTC - Commons Room,808 Comm ave,11:45 AM,11:45 AM,12:30 PM,12:01:30 AM,1,Jose,,,
141443,15,CILSE 106C,610 Comm Ave,11:45 AM,11:45 AM,12:30 PM,2:30 PM,1,Sammy,,,
141644,30,Common Room 101,91 Bay State Rd,11:45 AM,11:45 AM,12:30 PM,3:00 PM,1,Romero,antonio,,
141312,20,236,635 Commonwealth Ave,12:00 PM,12:00 PM,12:45 PM,2:00 PM,1,Luis,,,
140835,9,205,141 Bay State,12:00 PM,12:00 PM,12:45 PM,2:00 PM,1,Jose ,,,
141280,20,200,635 Commonwealth Ave,12:00 PM,12:00 PM,12:45 PM,2:00 PM,1,Luis,,,
141316,15,Suite 230,855 Comm Ave,12:00 PM,12:00 PM,12:45 PM,2:00 PM,1,Luis,,,
141131,60,410,765 Comm Ave,12:15 PM,12:15 PM,1:00 PM,3:00 PM,1,Sammy,,,
139265,130,Lobby,91 Bay State Rd,12:00 PM,12:00 PM,1:00 PM,2:30 PM,1,Sammy,,,
141537,14,6th Flr - CCD Office,100 Bay State Rd,12:15 PM,12:15 PM,1:00 PM,2:00 PM,1,Romero,,,
141420,1,Hillel,Hillel,1:00 PM,1:00 PM,1:00 PM,1:00 PM,0,Jordan,NO P/U,,
141397,20,Cinema Room,700 Comm Ave,12:15 PM,12:15 PM,1:00 PM,12:01:30 AM,1,Romero,,,
141398,20,Cinema Room,700 Comm Ave,12:15 PM,12:15 PM,1:00 PM,12:01:30 AM,1,Jose,,,
141275,25,5th Floor- Charles River Room,765 Comm Ave,12:15 PM,12:15 PM,1:00 PM,2:00 PM,1,Sammy,,,
141328,25,B52,111 Cummington Mall,12:15 PM,12:15 PM,1:00 PM,2:30 PM,1,Romero,,,
141441,40,410,765 Comm Ave,12:15 PM,12:15 PM,1:00 PM,2:00 PM,1,Jose,,,
139266,60,Lobby,91 Bay State Rd,12:15 PM,12:15 PM,1:00 PM,2:30 PM,1,Juan,Juan,,
141399,20,Cinema Room,700 Comm Ave,12:15 PM,12:15 PM,1:00 PM,12:01:30 AM,1,Romero,,,
138792,20,202 - Ladd Room,43 Hawes St,12:15 PM,12:15 PM,1:00 PM,3:00 PM,1,Jose,Jordan,,
140806,15,211,808 Commonwealth Ave,12:15 PM,12:15 PM,1:00 PM,2:30 PM,1,Luis,,,
140992,10,2 nd floor office,100 Cummington,12:15 PM,12:15 PM,1:00 PM,1:00 PM,1,Sammy,,,
141064,12,328,590 Comm Ave,12:15 PM,12:15 PM,1:00 PM,2:00 PM,1,Jordan,Jordan,,
139248,60,Lobby,91 Bay State Rd,11:00 AM,12:00 PM,1:00 PM,2:30 PM,1,Luis/Claudia assist ,,,
140906,20,Pickup in GSU Kitchen,775 Comm Ave,12:15 PM,12:15 PM,1:00 PM,2:00 PM,1,Claudia/Jose from Panda ,,,
138791,30,202 - Ladd Room,43 Hawes,12:15 PM,12:15 PM,1:00 PM,2:00 PM,1,Elvin,,,
139263,80,Lobby,91 Bay State Rd,12:00 PM,12:00 PM,1:00 PM,2:30 PM,1,Antonio,,,
139264,100,Lobby,91 Bay State Rd,12:00 PM,12:00 PM,1:00 PM,2:30 PM,1,Romero,Jordan,,
140842,200,Lobby,610 Comm Ave,12:15 PM,12:15 PM,1:00 PM,2:00 PM,1,Sammy,Sammy,,
140790,200,B52,111 Cummington,12:15 PM,12:15 PM,1:00 PM,12:01:30 AM,1,Jose,,,
141159,50,Lobby,610 Comm Ave,12:15 PM,12:15 PM,1:00 PM,12:01:30 AM,1,Sammy,,,
141766,50,1503,765 Comm Ave,12:15 PM,12:15 PM,1:00 PM,2:00 PM,1,Romero,,,
141334,600,Metcalf Ballroom,775 Comm Ave,11:00 AM,12:00 PM,1:00 PM,4:00 PM,2,Antonio,,Bruce ,
138688,180,Courtyard,775 Comm Ave,12:00 PM,12:00 PM,1:00 PM,3:00 PM,1,Romero,,,
141382,25,Barristers,765 Comm Ave,12:15 PM,12:15 PM,1:00 PM,2:00 PM,2,Juan,,NEEDS MANAGER,
140891,19,200,725 Comm Ave,12:30 PM,12:30 PM,1:15 PM,2:15 PM,1,Luis,,,
140623,15,12th Floor-Alumni Board Room,765 Comm Ave,12:45 PM,12:45 PM,1:30 PM,2:30 PM,1,Bruce ,,,
141065,15,CAS 534,725 Commonwealth Ave,12:45 PM,12:45 PM,1:30 PM,3:00 PM,1,Romero,Romero ,,
141445,6,252,100 Cummington,12:45 PM,12:45 PM,1:30 PM,12:01:30 AM,1,Sammy ,,,
141631,9,200,725 Comm Ave,12:45 PM,12:45 PM,1:30 PM,12:01:30 AM,1,sammy,,,
141737,10,BUild Lab,730 Comm Ave,1:15 PM,1:15 PM,2:00 PM,3:00 PM,1,antonio,,,
139260,150,6th Floor,100 Bay State Rd,1:15 PM,1:15 PM,2:00 PM,4:00 PM,1,Jose,,,
141658,15,103B,718 Comm Ave,1:15 PM,1:15 PM,2:00 PM,3:00 PM,1,Sammy,,,
139325,100,Stone Gallery -1st floor,855 Comm Ave,12:00 PM,1:00 PM,2:00 PM,4:00 PM,2,Luis,Antonio,Molly ,
141714,16,330,1010 Comm Ave,1:15 PM,1:15 PM,2:00 PM,3:00 PM,1,Jose,,,
141494,20,Bay State Room,121 Bay State Rd,1:15 PM,1:15 PM,2:00 PM,3:30 PM,1,Sammy,,,
141657,15,103B,718 Comm Ave,1:15 PM,1:15 PM,2:00 PM,3:00 PM,1,Elvin,,,
140476,50,Lobby,610 Comm Ave,1:15 PM,1:15 PM,2:00 PM,4:00 PM,1,Sammy,,,
141459,15,664,635 Comm Ave,1:15 PM,1:15 PM,2:00 PM,3:00 PM,1,Jordan,,,
139302,15,804E,765 Comm Ave,1:15 PM,1:15 PM,2:00 PM,4:00 PM,1,Romero,,,
141447,40,Basement,735 Comm Ave,1:15 PM,1:15 PM,2:00 PM,3:00 PM,1,Sammy,,,
141457,15,534,635 Comm Ave,1:15 PM,1:15 PM,2:00 PM,3:00 PM,1,Jose,,,
139301,15,804E,765 Comm Ave,1:15 PM,1:15 PM,2:00 PM,4:00 PM,1,Sammy,,,
141458,15,534,635 Comm Ave,1:15 PM,1:15 PM,2:00 PM,3:00 PM,1,Juan,,,
140503,50,"Ladd Room Theatre, Living Room Foyer, Reception Space",43 Hawes Street,1:00 PM,1:00 PM,2:00 PM,5:00 PM,1,Antonio,,,
141656,15,103B,718 Comm Ave,1:15 PM,1:15 PM,2:00 PM,3:00 PM,1,Luis,,,
139300,15,804E,765 Comm Ave,1:15 PM,1:15 PM,2:00 PM,4:00 PM,1,Sammy,,,
140553,15,Basement,745 Comm Ave,1:15 PM,1:15 PM,2:00 PM,2:30 PM,1,Jose ,Jordan,,
141057,25,12th Floor-Alumni Board Room,765 Comm Ave,1:15 PM,1:15 PM,2:00 PM,4:00 PM,1,Romero,Romero,,
139268,30,Seminar Room,91 Bay State Rd,12:30 PM,1:30 PM,2:30 PM,4:00 PM,2,Romero,Jordan,Molly ,
139267,30,Seminar Room,91 Bay State Rd,12:30 PM,1:30 PM,2:30 PM,4:00 PM,2,Luis,Romero,Jamie ,
140498,30,2nd floor -Arts Iniative Office,775 Comm Ave,1:45 PM,1:45 PM,2:30 PM,12:01:30 AM,1,Bruce,,,
139250,30,Seminar Room,91 Bay State Rd,12:30 PM,1:30 PM,2:30 PM,4:00 PM,2,Sammy,Sammy,Jamie ,
141036,60,Hiebert Lounge,72 E Concord St,1:45 PM,1:45 PM,2:30 PM,3:00 PM,1,Antonio,,,
139270,30,Seminar Room,91 Bay State Rd,12:30 PM,1:30 PM,2:30 PM,4:00 PM,2,Sammy,Sammy,Jamie ,
140500,30,2nd floor -Arts Iniative Office,775 Comm Ave,1:45 PM,1:45 PM,2:30 PM,12:01:30 AM,1,Romero,,,
141430,50,Lobby,610 Comm Ave,1:45 PM,1:45 PM,2:30 PM,2:45 PM,1,Sammy,,,
139269,30,Seminar Room,91 Bay State Rd,12:30 PM,1:30 PM,2:30 PM,4:00 PM,2,Jose,Romero ,NEEDS MANAGER,
140499,30,2nd floor -Arts Iniative Office,775 Comm Ave,1:45 PM,1:45 PM,2:30 PM,12:01:30 AM,1,Sammy,,,
141495,40,FLR 205,808 Comm Ave,1:45 PM,1:45 PM,2:30 PM,4:00 PM,1,Jose,,,
141575,35,Ladd Room,43 Hawest St.,1:45 PM,1:45 PM,2:30 PM,5:00 PM,1,Jose,,,
140480,100,906,8 St Mary's,2:00 PM,2:00 PM,2:45 PM,3:45 PM,1,sammy,Sammy ,,
139276,50,1st floor Gilbane Lounge,871 Comm Ave,2:00 PM,2:00 PM,2:45 PM,5:00 PM,1,Jose,,,
141041,30,G-170,100 E Newton St,2:00 PM,2:00 PM,3:00 PM,4:00 PM,1,Jose,,,
138004,50,210,8 St Mary's St,2:15 PM,2:15 PM,3:00 PM,4:00 PM,1,Sammy,Sammy,,
139131,200,Nickerson Bleachers,Nickerson Bleachers,1:00 PM,2:00 PM,3:00 PM,5:30 PM,2,Jordan,Jordan ,Molly ,
138010,50,210,8 St Mary's St,2:15 PM,2:15 PM,3:00 PM,4:00 PM,1,Jose,Romero ,,
140831,30,325,745 Comm Ave,2:15 PM,2:15 PM,3:00 PM,12:01:30 AM,1,Bruce,,,
140608,40,Pardee School,121 Bay State Rd,1:00 PM,2:00 PM,3:00 PM,5:30 PM,2,Sammy,Sammy ,nate,
141306,50,101,610 Comm Ave,2:15 PM,2:15 PM,3:00 PM,4:00 PM,1,Romero,ROmero ,,
141084,70,Barristers Hall - Law School,765 Commonwealth Ave,1:00 PM,1:00 PM,3:00 PM,5:00 PM,3,Antonio,,Monique ,
140507,100,906,8 Saint Marys,2:15 PM,2:15 PM,3:00 PM,5:00 PM,1,sammy,,,
138005,50,210,8 St Mary's St,2:15 PM,2:15 PM,3:00 PM,4:00 PM,1,Sammy,Romero,,
141360,25,Pastry Bench ,775 Comm Ave ,,,3:00 PM,12:01:30 AM,,,,,
141053,40,210,8 St. Mary's,2:15 PM,2:15 PM,3:00 PM,3:15 PM,1,Sammy,,,
141100,60,Alley ,808 Comm Ave,2:15 PM,2:15 PM,3:00 PM,12:01:30 AM,1,Romero,,,
141344,1,Various,700 Comm Ave,3:00 PM,3:00 PM,3:00 PM,3:00 PM,1,Romero,NO P/U,,
141268,10,Hillel,Hillel,3:00 PM,3:00 PM,3:00 PM,3:00 PM,1,Romero,NO P/U,,
141639,20,Colloquium,610 Comm Ave,2:15 PM,2:15 PM,3:00 PM,4:00 PM,1,Jose,,,
141305,35,213,640 Comm Ave,2:15 PM,2:15 PM,3:00 PM,5:00 PM,1,Jose,,,
138011,50,210,8 St Mary's St,2:15 PM,2:15 PM,3:00 PM,4:00 PM,1,Sammy,Sammy ,,
141710,25,Various,Various,0,0,3:00 PM,12:01:30 AM,0,Jordan,,,
141699,40,Colloquium,610 Comm Ave,2:15 PM,2:15 PM,3:00 PM,4:00 PM,1,Jose,,,
141568,40,Lobby,610 Comm Ave,1:00 PM,2:00 PM,3:00 PM,5:00 PM,3,Romero,sammy,Amro ,
141640,200,Grotto/Nickerson,Nickerson Field,1:00 PM,1:00 PM,3:00 PM,9:30 PM,2,Jose,Jordan,Molly,
138006,50,210,8 St Mary's St,2:15 PM,2:15 PM,3:00 PM,4:00 PM,1,Antonio,,,
140506,1,Law Aud,765 Comm Ave,3:15 PM,3:15 PM,3:15 PM,3:15 PM,1,Jose,,,
141120,50,Meeting Space,808 Comm Ave,2:45 PM,2:45 PM,3:30 PM,5:00 PM,1,Jordan,Jordan,,
141119,50,Meeting Space,808 Comm Ave,2:45 PM,2:45 PM,3:30 PM,5:00 PM,1,Jordan ,Jordan ,,
140746,20,220,635 Commonwealth Ave,2:45 PM,2:45 PM,3:30 PM,4:30 PM,1,Antonio,,,
141027,12,PICK UP,775 Comm Ave,,,3:30 PM,12:01:30 AM,1,,,,
140999,50,lobby,44 Cummington,2:45 PM,2:45 PM,3:30 PM,4:30 PM,1,Romero,Romero ,,
141000,50,1st floor student lounge,855 Comm Ave,2:45 PM,2:45 PM,3:30 PM,4:30 PM,1,Romero,Jordan,,
141001,50,set by bank of america,GSU Link,3:00 PM,3:00 PM,3:30 PM,4:30 PM,1,sammy,sammy,,
141600,20,Terrace Lounge,775 Comm Ave,2:45 PM,2:45 PM,3:30 PM,5:00 PM,1,Antonio,Antonio,,
141612,50,Wilkins Board Room - 1st. Floor,72 E. Concord,2:30 PM,2:30 PM,3:30 PM,5:00 PM,1,Sammy,Antonio,,
141381,25,Barristers,765 Comm Ave,2:45 PM,2:45 PM,3:30 PM,4:30 PM,1,Jordan,Jordan,,
140414,125,CGS in the Katzenberg Center,871 Comm Ave.,2:15 PM,3:00 PM,3:45 PM,6:00 PM,2,antonio,antonio,Molly ,
140607,25,The Commons,808 Comm Ave,3:00 PM,3:00 PM,3:45 PM,5:00 PM,1,Romero,Romero,,
140724,35,Heibert Lounge-14th Floor,72 E. Concord Street,3:00 PM,3:00 PM,4:00 PM,6:00 PM,1,jordan ,,,
141069,10,115,91 Bay State Rd,3:15 PM,3:15 PM,4:00 PM,5:00 PM,1,Jordan,,,
140580,50,Lobby,610 Comm Ave,2:00 PM,3:00 PM,4:00 PM,6:00 PM,2,Antonio,Antonio,Nate ,
141248,20,220,610 Commonwealth Ave,3:15 PM,3:15 PM,4:00 PM,5:00 PM,1,-,,,
140628,160,115,771 Comm Ave,2:45 PM,2:45 PM,4:00 PM,6:00 PM,1,Sammy,,,
141070,10,115,91 Bay State Rd,3:15 PM,3:15 PM,4:00 PM,5:00 PM,1,Sammy,,,
141426,25,3rd floor lounge Undergraduate,635 Comm Ave,3:15 PM,3:15 PM,4:00 PM,4:00 PM,1,Christian,,,
138266,15,Room 423,2 Silber Way,3:15 PM,3:15 PM,4:00 PM,6:00 PM,1,Jordan,,,
138268,3,Room 423,2 Silber Way,3:15 PM,3:15 PM,4:00 PM,6:00 PM,1,Jordan,,,
140722,20,325,745 Comm Ave,3:15 PM,3:15 PM,4:00 PM,5:00 PM,1,Antonio ,Jordan,,
140749,50,Terrace Lounge,775 Comm Ave,2:00 PM,3:15 PM,4:00 PM,5:00 PM,2,Jose,,COnor ,
141071,75,Plaza - No Tent,590 Comm Ave,3:15 PM,3:15 PM,4:00 PM,6:00 PM,1,Jordan,,,
139271,20,901,8 St Marys,2:15 PM,2:15 PM,4:00 PM,6:00 PM,1,Sammy,Sammy,,
140652,50,COM Lawn,640 Comm Ave,2:00 PM,3:00 PM,4:00 PM,6:00 PM,2,Jose,Antonio,Molly ,
141413,50,Lobby,121 Bay State Rd,2:00 PM,2:00 PM,4:00 PM,7:00 PM,2,Sammy,Jordan,Nate ,
141512,15,STH B24,745 Comm Ave,3:15 PM,3:15 PM,4:00 PM,5:30 PM,1,Sammy,,,
141431,50,Lobby,610 Comm Ave,3:30 PM,3:30 PM,4:15 PM,4:30 PM,1,Sammy,,,
141055,40,210,8 St. Mary's,3:30 PM,3:30 PM,4:15 PM,4:30 PM,1,Sammy,,,
141318,50,1st Floor Multipurpose Room,610 Beacon Street,3:45 PM,3:45 PM,4:30 PM,6:00 PM,1,Antonio,Jordan,,
141097,35,552,855 COmm Ave,3:45 PM,3:45 PM,4:30 PM,7:30 PM,1,Jordan,,,
141184,20,201,775 Comm Ave,3:45 PM,3:45 PM,4:30 PM,5:30 PM,1,Jordan,,,
141546,16,Gathering Space - Kitchenette,808 Comm Ave,3:45 PM,3:45 PM,4:30 PM,5:15 PM,1,Jordan,,,
138348,10,Room 250,2 Silber Way,3:45 PM,3:45 PM,4:30 PM,6:00 PM,1,Sammy,,,
141003,100,Lobby,610 Comm Ave,2:30 PM,3:30 PM,4:30 PM,8:00 PM,3,Sammy,Antonio,Alex,
140639,45,Sloane House,135 Ivy Street,2:30 PM,3:30 PM,4:30 PM,6:15 PM,3,Antonio,Antonio,Christine,
141066,15,104,53 Bay STate Rd,3:45 PM,3:45 PM,4:30 PM,6:00 PM,1,Sammy,,,
141609,40,Rm STO 250,675 Comm Ave,3:45 PM,3:45 PM,4:30 PM,6:00 PM,1,sammy,,,
141525,75,PICK UP,775 Comm Ave,4:30 PM,4:30 PM,4:45 PM,6:00 PM,1,Sammy,,,
141124,30,Lobby,226 Bay State Rd,4:00 PM,4:00 PM,4:45 PM,6:30 PM,1,Sammy,,,
141291,3,see timeline notes,West Campus Dining Hall,3:30 PM,3:30 PM,5:00 PM,7:00 PM,3,Sammy,Jordan,Lynn ,
140953,70,906,8 St Marys,4:15 PM,4:15 PM,5:00 PM,9:00 PM,1,Sammy,Jordan,,
141351,15,BUild Lab,730 Comm Ave,4:15 PM,4:15 PM,5:00 PM,6:00 PM,1,-,,,
140590,60,Conf Aud,775 Comm Ave,4:15 PM,4:15 PM,5:00 PM,6:30 PM,1,Jordan,,,
138356,100,Hiebert Lounge,72 East Concord St.,2:30 PM,3:30 PM,5:00 PM,8:00 PM,3,Antonio,Antonio,Molly ,
140504,80,"Ladd Room Theatre, Living Room Foyer, Reception Space",43 Hawes Street,3:00 PM,4:00 PM,5:00 PM,6:30 PM,2,Jordan,Antonio,Lynn ,
141049,1,Catering office,Catering office,0,0,5:00 PM,12:01:30 AM,1,-,,,
141518,30,5th Flr - Charles River Rm,765 Comm Ave,4:15 PM,4:15 PM,5:00 PM,7:00 PM,1,Jordan ,,,
141325,150,0,890 Comm Ave,4:30 PM,4:30 PM,5:00 PM,7:30 PM,1,-,,,
141347,75,Tsai Center Lobby,685 Commonwealth Ave,3:00 PM,4:00 PM,5:00 PM,6:00 PM,3,Antonio,Antonio,Christine ,
141372,25,COM 209,640 Comm Ave,3:00 PM,4:15 PM,5:00 PM,7:00 PM,2,Antonio,Antonio,Molly ,
141655,60,B24,745 Comm Ave,4:15 PM,4:15 PM,5:00 PM,7:00 PM,1,Jordan,,,
140549,65,PHO 906,8 Saint Marys,3:00 PM,4:15 PM,5:00 PM,8:00 PM,3,Jordan,Jordan,Molly ,
138973,40,Barristers,765 Comm Ave,3:00 PM,4:00 PM,5:00 PM,6:30 PM,3,antonio ,,Molly ,
138668,60,Room 209,640 Comm Ave,4:15 PM,4:15 PM,5:00 PM,6:00 PM,1,Romero,,,
140646,100,BackCourt,775 Comm Ave,3:00 PM,4:00 PM,5:00 PM,7:30 PM,2,Jordan,,Monique,
141282,20,101,565 Comm Ave,4:15 PM,4:15 PM,5:00 PM,6:00 PM,1,Romero ,,,
141181,30,122,1010 Comm Ave,4:15 PM,4:15 PM,5:00 PM,7:00 PM,1,Jordan,,,
139110,100,The Castle,225 Bay State Rd,3:00 PM,4:00 PM,5:00 PM,6:30 PM,2,Romero,Jordan,Lynn ,
141577,50,Pickup in GSU Kitchen,775 Comm Ave,4:15 PM,4:15 PM,5:00 PM,7:00 PM,1,jordan,,,
141540,24,Ladd Room/Living Room/Foyer,43 Hawes St.,3:00 PM,4:00 PM,5:00 PM,9:00 PM,3,sammy ,jordan,Lynn,
141114,150,Heibert Lounge-14th Floor,72 East Concord Street,3:00 PM,3:00 PM,5:00 PM,7:00 PM,2,Jordan,Jordan,JOse ,
140502,90,Lobby,610 Comm Ave,3:00 PM,4:15 PM,5:00 PM,6:00 PM,2,Romero,Romero,CHristine ,
141520,15,Barristers,765 Comm Ave,4:15 PM,4:15 PM,5:00 PM,6:00 PM,1,Jordan,,,
140742,15,GSU Kitchen,775 Comm Ave,0,0,5:15 PM,12:01:30 AM,1,Claudia ,,,
140761,40,0,890 Comm Ave,4:30 PM,4:30 PM,5:30 PM,8:30 PM,1,Jordan ,,,
140778,55,HTC Center - 1st Level,808 Comm Ave,12:00 PM,4:00 PM,5:30 PM,8:00 PM,3,Luis/Antonio,Jordan ,Lynn,
140784,25,409,808 Comm Ave,4:45 PM,4:45 PM,5:30 PM,12:01:30 AM,1,antonio,,,
140763,100,0,890 Comm Ave,4:30 PM,4:30 PM,5:30 PM,8:30 PM,1,Antonio ,,,
140497,13,B18,755 Comm Ave,4:45 PM,4:45 PM,5:30 PM,12:01:30 AM,1,jordan ,,,
140760,170,0,890 Comm Ave,4:30 PM,4:30 PM,5:30 PM,8:30 PM,1,Jordan,,,
140762,100,0,890 Comm Ave,4:30 PM,4:30 PM,5:30 PM,8:30 PM,1,Romero,,,
140945,15,Newbury Center,755 Comm Ave,4:45 PM,4:45 PM,5:30 PM,6:30 PM,1,Sammy,,,
140840,100,PHO 906,8 Saint Marys,3:30 PM,4:45 PM,5:30 PM,7:00 PM,2,Romero,Romero ,,
141320,230,0,890 Comm Ave,5:00 PM,5:00 PM,5:30 PM,10:00 PM,1,-,,,
141534,75,Colloquium Rm,610 Comm Ave,4:45 PM,4:45 PM,5:30 PM,6:30 PM,1,Jordan,,,
141324,150,0,890 Comm Ave,5:00 PM,5:00 PM,5:30 PM,8:00 PM,1,Jordan,,,
140587,60,castle,castle,3:30 PM,4:30 PM,5:30 PM,9:00 PM,3,Jordan,Jordan,Molly ,
140951,25,Newbury Center,755 Comm Ave,4:45 PM,4:45 PM,5:30 PM,6:30 PM,1,Sammy,,,
140949,12,B18,755 Comm Ave,4:45 PM,4:45 PM,5:30 PM,12:01:30 AM,1,Jordan,,,
141321,100,0,890 Comm Ave,5:00 PM,5:00 PM,5:30 PM,8:00 PM,1,Sammy,,,
138271,45,Barrister Hall,765 Comm Ave,3:30 PM,4:30 PM,5:30 PM,7:30 PM,2,antonio,,Alex ,
140481,50,906,8 St Mary's,3:45 PM,5:00 PM,5:45 PM,8:00 PM,2,Jordan ,Jordan ,Nate ,
139307,70,5th Flr - Charles River Rm,765 Comm Ave,3:45 PM,4:45 PM,5:45 PM,7:30 PM,2,Sammy ,,Molly ,
139288,110,613 A&B,100 Bay State Rd .,3:30 PM,4:45 PM,5:45 PM,9:00 PM,3,Romero,Romero ,Monique ,
140793,50,Terrace Lounge,775 COmm Ave,5:15 PM,5:15 PM,6:00 PM,7:00 PM,1,Jordan ,,,
138720,33,Castle,225 Bay State Rd,4:00 PM,5:00 PM,6:00 PM,7:30 PM,3,Jordan,Jordan,Lynn ,
139275,35,Barristers,765 Comm Ave,4:00 PM,5:00 PM,6:00 PM,8:00 PM,3,Romero,,Molly ,
140850,40,205 - HTC Center,808 Comm Ave,5:15 PM,5:15 PM,6:00 PM,8:00 PM,1,Jordan,,,
140929,7,322,775 Comm Ave,5:15 PM,5:15 PM,6:00 PM,6:00 PM,1,Jordan,,,
139373,30,The Castle,225 Bay State Rd,4:00 PM,5:00 PM,6:00 PM,8:00 PM,3,Jordan,Jordan,Lynn ,
138974,60,2nd Floor-McCausland Common,765 Comm Ave,4:00 PM,5:00 PM,6:00 PM,7:00 PM,2,Sammy ,,Lynn ,
139111,50,The Castle,225 Bay State Rd,4:00 PM,5:00 PM,6:00 PM,6:45 PM,2,Antonio,Jordan,Lynn ,
141290,100,0,775 Comm Ave,,,6:00 PM,12:01:30 AM,1,Sammy,,,
140474,50,Terrace Lounge,775 Comm Ae,5:15 PM,5:15 PM,6:00 PM,7:00 PM,1,Sammy,,,
138563,50,Charles River Room,765 Comm Ave,4:00 PM,5:15 PM,6:00 PM,9:00 PM,3,Sammy,,Lynn ,
140711,100,Castle,225 Bay State Rd,4:00 PM,5:00 PM,6:00 PM,8:00 PM,3,Romero,Jordan,Lynn ,
140723,40,Library,928 Comm Ave,4:00 PM,5:15 PM,6:00 PM,9:00 PM,3,Jose,Jordan,Conor ,
140832,30,325,745 Comm Ave,4:00 PM,5:00 PM,6:00 PM,8:00 PM,2,Jordan,Jordan,Needs Manager,
139159,31,Initiative of Cities Lobby,75 Bay State Rd,4:00 PM,5:00 PM,6:00 PM,8:30 PM,2,Sammy,Romero,Molly ,
141054,150,BackCourt,775 Comm Ave,5:15 PM,5:15 PM,6:00 PM,9:00 PM,1,Jordan,,,
141359,45,Lobby/Colloquium,610 Comm Ave,4:00 PM,5:00 PM,6:00 PM,8:00 PM,2,Romero,Jordan,Amro,
141616,1,Pickup in GSU Kitchen,775 Comm Ave,0,0,6:00 PM,7:00 PM,1,-,,,
140839,50,STH Community Center,745 Comm Ave,4:00 PM,4:00 PM,6:00 PM,8:00 PM,2,Jordan,NO P/U,Molly ,
139238,60,906,8 Saint Marys,4:00 PM,5:15 PM,6:00 PM,8:00 PM,2,Sammy,Antonio,Lynn,
141154,40,Heibert Lounge,72 E. Concord Street,5:00 PM,5:00 PM,6:00 PM,7:30 PM,1,Jordan,,,
141056,65,Castle,Castle,4:00 PM,5:00 PM,6:00 PM,8:00 PM,2,Jordan,Jordan,Molly ,
141208,60,Barristers,765 Comm Ave,4:00 PM,5:00 PM,6:00 PM,8:00 PM,2,Romero,,Nate ,
141527,20,Lobby,43 Hawes Street,5:15 PM,5:15 PM,6:00 PM,8:00 PM,1,Jordan,,,
141390,120,Meeting Space,808 Comm Ave,5:00 PM,5:00 PM,6:00 PM,9:00 PM,1,Jordan,Jordan,,
141582,20,AAS 101,138 Mountfort St,5:15 PM,5:15 PM,6:00 PM,7:00 PM,1,Romero,,,
141530,50,House,135 Ivy Street,4:00 PM,5:00 PM,6:00 PM,9:00 PM,3,Jordan,Jordan,Christine,
141096,17,Castle,225 Bay State Road,4:00 PM,5:00 PM,6:00 PM,9:00 PM,3,Sammy,Antonio,Lynn,
140708,35,Castle,225 Bay state rd,4:00 PM,5:00 PM,6:00 PM,8:30 PM,3,Romero,Jordan,Lynn ,
141200,600,Small Ballroom,775 Comm Ave,4:00 PM,5:00 PM,6:00 PM,9:30 PM,3,Jordan,,Lynn ,
141329,60,Castle,225 Bay State,4:00 PM,5:00 PM,6:00 PM,8:00 PM,2,jordan,antonio,Brody Oversee ,
141389,175,906,8 st. Mary's,4:00 PM,5:00 PM,6:00 PM,9:00 PM,2,sammy,jordan ,Jen ,
141326,50,0,890 Comm Ave,5:30 PM,5:30 PM,6:00 PM,8:00 PM,1,Sammy ,,,
141633,12,25 Lenox St,25 Lenox St,4:00 PM,5:00 PM,6:00 PM,8:00 PM,3,antonio,antonio ,Christine,
141734,50,0,890 Comm Ave,5:15 PM,5:15 PM,6:00 PM,7:30 PM,1,Sammy,,,
139261,150,Room 101-Common Room,91 Bay State Road,4:00 PM,5:15 PM,6:00 PM,8:30 PM,2,Sammy,Jordan,Lynn ,
141392,400,HTC in great space area,808 Comm Ave,5:00 PM,5:00 PM,6:00 PM,9:00 PM,1,Romero,Jordan,Jen ,
141712,20,PICK UP,775 Comm Ave,6:00 PM,6:00 PM,6:15 PM,9:00 PM,1,Antonio,,,
141404,40,PICK UP,775 Comm Ave,6:00 PM,6:00 PM,6:15 PM,12:01:30 AM,1,Sammy,,,
141378,30,PICK UP,775 Comm Ave,6:00 PM,6:00 PM,6:15 PM,12:01:30 AM,1,Antonio,,,
140827,50,PICK UP,775 Comm Ave,6:00 PM,6:00 PM,6:15 PM,9:00 PM,1,Antonio,,,
139060,65,The Castle,225 Bay State Rd,4:30 PM,5:45 PM,6:30 PM,9:00 PM,3,Jordan,Jordan ,Conor ,
140586,70,0,890 Comm Ave,5:30 PM,5:30 PM,6:30 PM,8:30 PM,1,Sammy,,,
140524,50,Castle,225 Bay State Rd,4:30 PM,5:30 PM,6:30 PM,9:00 PM,3,antonio,Jordan ,Nate ,
141017,50,Event space,808 Comm Ave,5:45 PM,5:45 PM,6:30 PM,8:00 PM,1,Jordan,,,
140640,12,House,135 Ivy Street,5:00 PM,5:00 PM,6:30 PM,9:30 PM,3,Romero,Romero ,Christine,
140505,18,Lobby,43 Hawes Street,4:30 PM,5:30 PM,6:30 PM,9:00 PM,3,Romero,Romero ,Molly ,
141314,30,Pickup in GSU Kitchen,775 Comm Ave,5:45 PM,5:45 PM,6:30 PM,8:00 PM,1,Sammy,,,
141242,25,Boathouse,619 Memorial Drive,4:30 PM,5:30 PM,6:30 PM,8:30 PM,2,Antonio,Jordan,Nate ,
141150,150,Common Room,91 Bay State Rd,5:45 PM,5:45 PM,6:30 PM,8:00 PM,1,Sammy,,,
141450,15,1st Flr - SARP Office,930 Comm Ave,5:45 PM,5:45 PM,6:30 PM,7:30 PM,1,Antonio,,,
141705,50,Event space,808 Comm Ave,5:45 PM,5:45 PM,6:30 PM,8:00 PM,1,Antonio,,,
140648,125,WBUR Lobby,890 Comm Ave,4:30 PM,4:30 PM,6:30 PM,7:30 PM,3,jordan,jordan,Conor ,
141759,8,Rm 613A,100 Bay State,5:45 PM,5:45 PM,6:30 PM,7:30 PM,1,Sammy,,,
139309,24,The Castle,225 Bay State Rd,4:45 PM,5:45 PM,6:45 PM,9:00 PM,3,Romero,jordan ,Lynn ,
140426,150,906,8 St Marys,5:00 PM,5:45 PM,7:00 PM,9:00 PM,2,Antonio,Jordan ,Molly,
140764,100,0,890 Comm Ave,6:15 PM,6:15 PM,7:00 PM,8:30 PM,1,Jordan ,Jordan ,,
140739,150,Terrace Lounge,775 Comm Ave,6:15 PM,6:15 PM,7:00 PM,9:00 PM,1,Jordan,,,
140944,120,906,8 St. mary's,5:00 PM,5:00 PM,7:00 PM,10:00 PM,1,Sammy,Jordan,,
141019,30,Terrace,775 Comm Ave,5:00 PM,6:45 PM,7:00 PM,11:00 PM,3,Sammy,No P/U,Christine ,
140606,100,The Castle,225 Bay State Rd,5:00 PM,6:00 PM,7:00 PM,10:00 PM,2,Antonio,Jordan,Conor ,
141348,60,Castle,225 Bay State Rd,5:00 PM,6:00 PM,7:00 PM,9:00 PM,2,Jordan,Jordan,needs manager,
140912,100,Barristers,765 Comm Ave,5:00 PM,6:00 PM,7:00 PM,9:00 PM,2,Sammy,Jordan,Molly ,
140638,400,Grand Ballroom,775 Comm Ave,5:00 PM,5:00 PM,7:00 PM,10:00 PM,1,Romero,,Molly ,
139304,30,325,745 Comm Ave,5:00 PM,6:00 PM,7:00 PM,9:00 PM,2,Jordan,NO P/U,Lynn ,
141270,180,PHO 906,8 Saint Marys,5:00 PM,6:15 PM,7:00 PM,10:00 PM,3,Jordan,Jordan,Molly ,
141521,50,343 - Lounge,100 Bay State Rd,6:15 PM,6:15 PM,7:00 PM,9:00 PM,1,Antonio,,,
141156,60,Castle,225 Bay State Rd,5:00 PM,6:00 PM,7:00 PM,8:30 PM,2,Antonio,Antonio,Lynn ,
140813,120,Terrace Lounge/Patio,775 Comm Ave,5:00 PM,6:00 PM,7:00 PM,8:00 PM,2,Jordan,,Jen ,
141821,100,Old HTC - Basement,775 Comm Ave,6:15 PM,6:15 PM,7:15 PM,9:15 PM,1,Jordan ,,,
141740,150,Old HTC - Basement,775 Comm Ave,6:15 PM,6:15 PM,7:15 PM,9:15 PM,1,Conor,,,
140941,100,Old HTC - Basement,775 Comm Ave,6:15 PM,6:15 PM,7:15 PM,9:15 PM,1,bruce ,,,
140939,100,Old HTC - Basement,775 Comm Ave,6:15 PM,6:15 PM,7:15 PM,9:15 PM,1,Conor,,,
141085,100,Old HTC - Basement,775 Comm Ave,6:15 PM,6:15 PM,7:15 PM,9:15 PM,1,Jordan,,,
140938,80,Old HTC - Basement,775 Comm Ave,6:15 PM,6:15 PM,7:15 PM,9:15 PM,1,Antonio,,,
141569,100,Old HTC - Basement,775 Comm Ave,6:15 PM,6:15 PM,7:15 PM,9:15 PM,1,Antonio,,,
141303,30,CAS114A,725 Comm Ave,6:30 PM,6:30 PM,7:15 PM,8:30 PM,1,Jordan,,,
140937,100,Old HTC - Basement,775 Comm Ave,6:15 PM,6:15 PM,7:15 PM,9:15 PM,1,Romero,,,
141295,100,Old HTC - Basement,775 Comm Ave,6:15 PM,6:15 PM,7:15 PM,9:15 PM,1,Conor,,,
141296,100,Old HTC - Basement,775 Comm Ave,6:15 PM,6:15 PM,7:15 PM,9:15 PM,1,Jordan ,,,
141552,30,CAS204B,725 Comm Ave,6:30 PM,6:30 PM,7:15 PM,8:30 PM,1,Jordan,,,
141570,100,Old HTC - Basement,775 Comm Ave,6:15 PM,6:15 PM,7:15 PM,9:15 PM,1,Antonio,,,
141083,100,Old HTC - Basement,775 Comm Ave,6:15 PM,6:15 PM,7:15 PM,9:15 PM,1,Jordan,,,
140940,100,Old HTC - Basement,775 Comm Ave,6:15 PM,6:15 PM,7:15 PM,9:15 PM,1,Jordan,,,
141421,50,3rd Floor Events Room,890 Comm Ave,5:15 PM,6:30 PM,7:15 PM,8:15 PM,2,Antonio,Antonio,Renee/Jose ,
141082,100,Old HTC - Basement,775 Comm Ave,6:15 PM,6:15 PM,7:15 PM,9:15 PM,1,Jordan,,,
141081,100,Old HTC - Basement,775 Comm Ave,6:15 PM,6:15 PM,7:15 PM,9:15 PM,1,Conor ,,,
140936,100,Old HTC - Basement,775 Comm Ave,6:15 PM,6:15 PM,7:15 PM,9:15 PM,1,Conor,,,
141247,100,Old HTC - Basement,775 Comm Ave,6:15 PM,6:15 PM,7:15 PM,9:15 PM,1,Antonio,,,
138976,47,Barristers,765 Comm Ave,5:15 PM,6:30 PM,7:15 PM,9:00 PM,3,Jordan ,,Lynn ,
140930,100,Old HTC - Basement,775 Comm Ave,6:15 PM,6:15 PM,7:15 PM,9:15 PM,1,Jordan,,,
140935,100,Old HTC - Basement,775 Comm Ave,6:15 PM,6:15 PM,7:15 PM,9:15 PM,1,Jordan,,,
140934,100,Old HTC - Basement,775 Comm Ave,6:15 PM,6:15 PM,7:15 PM,9:15 PM,1,Jordan ,,,
138788,40,500,725 Comm Ave,6:30 PM,6:30 PM,7:30 PM,9:00 PM,1,Antonio,,,
141549,100,Lobby,610 Comm Ave,5:30 PM,6:30 PM,7:30 PM,8:30 PM,1,Jordan,Jordan,Conor Lipchus,
141519,80,Terrace Lounge,775 Comm Ave,6:45 PM,6:45 PM,7:30 PM,9:30 PM,1,Jordan,,,
141388,125,Meeting Space,808 Comm Ave,6:00 PM,7:00 PM,7:30 PM,10:00 PM,2,Jordan,Jordan,Nate ,
140654,125,WBUR Lobby,890 Comm Ave,6:00 PM,6:00 PM,7:30 PM,9:30 PM,3,n/a,,Conor ,
141576,150,BU Central,775 Commonwealth Ave,7:15 PM,7:15 PM,8:00 PM,12:00 AM,1,Antonio,,,
140820,120,PICK UP,775 Comm Ave,7:00 PM,7:00 PM,8:30 PM,11:00 PM,1,Jordan,,,
141301,100,206,8 St Marys,7:45 PM,7:45 PM,8:30 PM,9:30 PM,1,Jordan,,,
140668,125,WBUR Lobby,890 Comm Ave,0,0,9:30 PM,10:00 PM,3,n/a,,,
Grand Totals,,,,,,,,,,,,
,,,,,,,,,,,,
Event ID,Guest Count,,,,,,,,,,,
664,"37,193.00",,,,,,,,,,,
