Daily Run Sheet - GSU  -  5/1/2022 to 5/31/2022,,,,,,,,,,,,
Event ID,Guest Count,Building Room,Street Address,SuppliesTime,Food Time,Event Start Time,End Time,Tier,Drop Steward,Pick Up Steward,Event Manager,Select
141815,75,hallway behind rock wall,915 Comm Ave,5:15 AM,5:15 AM,6:00 AM,7:45 AM,1,Romero,,,
141837,1,Various,775 Comm Ave,0,0,6:30 AM,0,CTG,Jose,,,
141844,1,Various,775 Comm Ave,0,0,6:30 AM,0,CTG,Luis,,,
141847,1,Various,775 Comm Ave,0,0,6:30 AM,0,CTG,Luis,,,
141853,1,Various,775 Comm Ave,0,0,6:30 AM,0,CTG,Luis,,,
141856,1,Various,775 Comm Ave,0,0,6:30 AM,0,CTG,Luis,,,
141860,1,Various,775 Comm Ave,0,0,6:30 AM,0,CTG,Luis,,,
141865,1,Various,775 Comm Ave,0,0,6:30 AM,0,CTG,-,,,
141838,1,Various,775 Comm Ave,0,0,6:30 AM,0,CTG,Antonio,,,
141843,1,Various,775 Comm Ave,0,0,6:30 AM,0,CTG,Luis ,,,
141848,1,Various,775 Comm Ave,0,0,6:30 AM,0,CTG,Luis ,,,
141852,1,Various,775 Comm Ave,0,0,6:30 AM,0,CTG,Luis ,,,
141836,1,Various,775 Comm Ave,0,0,6:30 AM,0,CTG,Romero,,,
141845,1,Various,775 Comm Ave,0,0,6:30 AM,0,CTG,Luis,,,
141846,1,Various,775 Comm Ave,0,0,6:30 AM,0,CTG,Luis,,,
141854,1,Various,775 Comm Ave,0,0,6:30 AM,0,CTG,Luis,,,
141855,1,Various,775 Comm Ave,0,0,6:30 AM,0,CTG,Luis,,,
141861,1,Various,775 Comm Ave,0,0,6:30 AM,0,CTG,Luis,,,
141866,1,Various,775 Comm Ave,0,0,6:30 AM,0,CTG,Romero,,,
141857,1,Various,775 Comm Ave,0,0,6:30 AM,0,CTG,Luis,,,
141859,1,Various,775 Comm Ave,0,0,6:30 AM,0,CTG,Luis,,,
141864,1,Various,775 Comm Ave,0,0,6:30 AM,0,CTG,Luis,,,
141839,1,Various,775 Comm Ave,0,0,6:30 AM,0,CTG,Luis,,,
141842,1,Various,775 Comm Ave,0,0,6:30 AM,0,CTG,Antonio,,,
141849,1,Various,775 Comm Ave,0,0,6:30 AM,0,CTG,Luis,,,
141851,1,Various,775 Comm Ave,0,0,6:30 AM,0,CTG,Luis,,,
141858,1,Various,775 Comm Ave,0,0,6:30 AM,0,CTG,Luis,,,
141862,1,Various,775 Comm Ave,0,0,6:30 AM,0,CTG,Luis,,,
141863,1,Various,775 Comm Ave,0,0,6:30 AM,0,CTG,Juan,,,
141840,1,Various,775 Comm Ave,0,0,6:30 AM,0,CTG,Antonio,,,
141841,1,Various,775 Comm Ave,0,0,6:30 AM,0,CTG,Antonio,,,
141850,1,Various,775 Comm Ave,0,0,6:30 AM,0,CTG,Luis,,,
141593,100,2nd floor Conference ROom,32 Harry Agganis Way,6:15 AM,6:15 AM,7:00 AM,11:00 AM,1,Antonio,Romero,,
141896,12,G13,10 Buick,6:15 AM,6:15 AM,7:00 AM,12:01:30 AM,1,Luis,No P/U,,
142229,25,GSU kitchen,775 Comm Ave,6:15 AM,6:15 AM,7:00 AM,12:01:30 AM,1,Andy Flores,No P/U,,
141796,12,G13,10 Buick St.,6:15 AM,6:15 AM,7:00 AM,12:01:30 AM,1,Luis,No P/U,,
142155,60,Kitchen,285 Babcock St.,6:15 AM,6:15 AM,7:00 AM,12:01:30 AM,1,Luis,No P/U,,
142224,1,4th floor,595 Comm Ave,7:00 AM,7:00 AM,7:00 AM,12:01:30 AM,1,Antonio,No P/U,,
141792,12,G13,10 Buick St,6:15 AM,6:15 AM,7:00 AM,12:01:30 AM,1,Luis,No P/U,,
142258,1,Kenmore Starbucks,526 Comm. Ave,6:30 AM,6:30 AM,7:00 AM,0,1,Rudy,,,
141785,1,Kenmore Starbucks,526 Comm. Ave,6:30 AM,6:30 AM,7:00 AM,12:01:30 AM,1,Rudy,,,
141867,1,Law Cart - 2nd floor,765 Comm Ave - Redstone,6:30 AM,6:30 AM,7:00 AM,0,1,Luis,NO P/U,,
142141,1,Kenmore Starbucks,526 Comm. Ave,6:30 AM,6:30 AM,7:00 AM,12:01:30 AM,1,Rudy,,,
141789,900,FIT REC 3 court gym,915 Comm Ave,5:00 AM,5:00 AM,7:15 AM,10:00 AM,1,Jose/Jen ,,,
141684,40,101,33 Harry Agganis Way,6:30 AM,6:30 AM,7:15 AM,12:01:30 AM,1,Antonio,No P/U,,
142296,30,Deans Conf Room 112,72 East Concord St.,6:30 AM,6:30 AM,7:15 AM,12:01:30 AM,1,Luis,No P/U,,
142305,30,Deans Conf Room 112,72 East Concord St.,6:30 AM,6:30 AM,7:15 AM,12:01:30 AM,1,Luis,No P/U,,
142301,15,2nd Floor,147 Bay State Road,7:30 AM,7:30 AM,7:30 AM,7:30 AM,1,Romero,No P/U,,
142300,15,2nd Floor,147 Bay State Road,7:30 AM,7:30 AM,7:30 AM,7:30 AM,1,Jose,No P/U,,
142195,8,Marsh Chapel - Basement Kitchen,735 Comm Ave,6:45 AM,6:45 AM,7:30 AM,12:01:30 AM,1,Romero,No P/U,,
142225,30,West Campus Kitchen,275 Babcock St.,7:30 AM,7:30 AM,7:30 AM,12:01:30 AM,1,Rudy,No P/U,,
141637,30,L131/132,915 Comm Ave,6:45 AM,6:45 AM,7:30 AM,9:00 AM,1,Jose,No P/U,,
141794,12,G13,10 Buick St.,6:45 AM,6:45 AM,7:30 AM,12:01:30 AM,1,Luis,No P/U,,
132701,50,L131,915 comm,6:30 AM,6:30 AM,7:30 AM,9:00 AM,1,Jen ,,,
141814,1100,FIT REC 3 court gym,915 Comm Ave,6:15 AM,6:15 AM,7:30 AM,10:00 AM,1,Juan/Romero,,,
142001,12,221,915 Comm Ave,6:45 AM,6:45 AM,7:30 AM,9:30 AM,1,Juan,,,
142002,12,221,915 Comm Ave,6:45 AM,6:45 AM,7:30 AM,9:30 AM,1,Jose,,,
141926,25,Room 530B,590 Comm Ave,6:45 AM,6:45 AM,7:30 AM,12:00 PM,1,Romero,,,
141647,15,Lobby,141 Bay State,7:00 AM,7:00 AM,7:45 AM,11:00 AM,1,Luis,,,
142285,12,GSU Kitchen,775 Comm Ave-,7:00 AM,7:00 AM,7:45 AM,12:01:30 AM,1,Andy Flores,No P/U,,
141588,15,Friends of Hockey Lounge,915 Comm Ave,7:00 AM,7:00 AM,7:45 AM,10:00 AM,1,Romero,No P/U,,
141591,15,Friends of Hockey Lounge,915 Comm Ave,7:00 AM,7:00 AM,7:45 AM,10:00 AM,1,Luis,No P/U,,
141590,15,Friends of Hockey Lounge,915 Comm Ave,7:00 AM,7:00 AM,7:45 AM,10:00 AM,1,Jose,No P/U,,
141592,15,Friends of Hockey Lounge,915 Comm Ave,7:00 AM,7:00 AM,7:45 AM,10:00 AM,1,Luis,No P/U,,
142281,25,GSU Terrace,775 Comm Ave,7:15 AM,7:15 AM,8:00 AM,9:00 AM,1,Luis,Antonio,,
142452,50,Setterburg Lounge,635 Comm Ave,7:15 AM,7:15 AM,8:00 AM,9:00 AM,1,Jose,Luis,,
141581,75,GSU Terrance Lounge,775 Commonwealth Ave,6:30 AM,7:15 AM,8:00 AM,10:00 AM,3,Antonio,No P/U,Jamie ,
141780,25,1 st. floor,75 Bay State Rd,7:15 AM,7:15 AM,8:00 AM,11:00 AM,1,Luis,,,
142005,25,204,775 Comm Ave,7:15 AM,7:15 AM,8:00 AM,12:01:30 AM,1,,,,
141987,100,Faculty Lounge,765 Comm Ave,7:30 AM,7:30 AM,8:00 AM,8:00 AM,1,Antonio,,,
141773,20,1st floor - old child care center,32 Harry Agganis Way,7:15 AM,7:15 AM,8:00 AM,11:00 AM,1,Luis,,,
142165,100,Faculty Lounge,765 Comm Ave,7:30 AM,7:30 AM,8:00 AM,8:00 AM,1,Antonio,,,
141921,10,Room 530B,590 Comm Ave,7:15 AM,7:15 AM,8:00 AM,12:00 PM,1,Luis,,,
141920,20,Room 530B,590 Comm Ave,7:45 AM,7:45 AM,8:30 AM,12:45 PM,1,Jose,Jose,,
142187,12,401,44 Cummington,7:45 AM,7:45 AM,8:30 AM,9:30 AM,1,Luis ,NO P/U,,
141733,50,Lower Level Kitchen,881 Comm Ave,7:45 AM,7:45 AM,8:30 AM,9:30 AM,1,Jose,Jose,,
139363,250,2nd floor lobby,8 St Marys,6:30 AM,6:30 AM,8:30 AM,9:30 AM,2,Romero,Romero ,Jamie ,
141960,40,Conference Aud,775 Comm Ave,7:45 AM,7:45 AM,8:30 AM,12:00 PM,1,Juan,Juan,,
142287,20,105,15 Saint Marys,7:45 AM,7:45 AM,8:30 AM,10:30 AM,1,Luis,No P/U,,
142251,6,0,985 Comm Ave,7:45 AM,7:45 AM,8:30 AM,12:01:30 AM,1,Andy Flores,No P/U,,
141683,40,101,32 Harry Agganis Way,7:45 AM,7:45 AM,8:30 AM,12:01:30 AM,1,Andy Flores,,,
142191,30,212,72 E Concord St,7:45 AM,7:45 AM,8:30 AM,9:30 AM,1,Jose,Jose,,
142254,100,Alley,775 Comm Ave,6:45 AM,7:30 AM,8:30 AM,9:30 AM,2,Luis,Luis,Molly ,
142289,10,Conference Cloths,125 Bay State,7:45 AM,7:45 AM,8:30 AM,10:30 AM,1,Romero,No P/U,,
142048,25,FGH Conference Room - 1st Floor,820 Harrison Ave - FGH Building,7:30 AM,7:30 AM,8:30 AM,9:30 AM,1,Luis,No P/U,,
142115,15,Lobby,121 Bay State Rd,7:45 AM,7:45 AM,8:30 AM,9:30 AM,1,Sammy,Jose,,
141371,28,Foyer,43 Hawes Street,8:00 AM,8:00 AM,8:45 AM,11:30 AM,1,Luis,Romero,,
141932,12,Lobby,121 Bay State Rd,8:00 AM,8:00 AM,8:45 AM,12:01:30 AM,1,Jose,,,
141707,20,Living Room/Foyer,43 Hawes St,8:15 AM,8:15 AM,9:00 AM,10:00 AM,1,Romero,Romero,,
141981,20,423,2 Silber Way,8:15 AM,8:15 AM,9:00 AM,10:00 AM,1,Jose,Jose,,
141023,350,911,8 St Marys,8:15 AM,8:15 AM,9:00 AM,10:00 AM,1,Romero,Romero,,
141038,15,339,8 St Marys,8:15 AM,8:15 AM,9:00 AM,10:00 AM,1,Romero,Romero,,
141104,30,Rm 545,100 Bay State,8:15 AM,8:15 AM,9:00 AM,11:00 AM,1,Rudy,Romero,,
141103,30,Rm 545,100 Bay State,8:15 AM,8:15 AM,9:00 AM,11:00 AM,1,Luis ,Sammy,,
142104,55,201 - Atrium,43 Hawes,8:15 AM,8:15 AM,9:00 AM,10:00 AM,1,Romero,Sammy,,
142101,55,201 - Atrium,43 Hawes,8:15 AM,8:15 AM,9:00 AM,10:00 AM,1,Luis ,Antonio,,
141005,30,Rm 545,100 Bay State,8:15 AM,8:15 AM,9:00 AM,11:00 AM,1,Andy Flores,Antonio,,
142016,25,15th floor faculty Lounge,765 Comm Ave,8:15 AM,8:15 AM,9:00 AM,11:00 AM,1,Romero,Romero,,
141977,90,Lobby,2 Silber Way,8:15 AM,8:15 AM,9:00 AM,11:00 AM,1,Romero,,,
141720,15,Room 545,100 Bay State Rd,8:15 AM,8:15 AM,9:00 AM,10:00 AM,1,Jose,,,
141446,280,BU Beach,270 Bay State Rd,8:00 AM,9:00 AM,9:00 AM,11:30 AM,2,Luis,Rudy,Kyle/Caitlin,
142078,150,Marsh Plaza,Marsh Plaza,8:15 AM,8:15 AM,9:00 AM,12:00 PM,1,Antonio,Romero,,
141271,1,BU Academy,1 University Rd.,7:00 AM,0,9:00 AM,12:01:30 AM,1,Luis,No P/U,,
142791,25,Plaza,775 Comm Ave,8:15 AM,8:15 AM,9:00 AM,9:00 AM,1,COTC,COTC,,
142310,1,Kitchen,775 Comm Ave,,,9:00 AM,12:01:30 AM,1,Juan,No P/U,,
141272,1,BU Academy,1 University Rd.,9:00 AM,0,9:00 AM,12:01:30 AM,1,Luis,No P/U,,
142782,35,Terrace Lounge,775 Commonwealth Ave,8:15 AM,8:15 AM,9:00 AM,11:45 AM,1,Jose,,,
142049,25,FGH Conference Room - 1st Floor,820 Harrison Ave - FGH Building,8:15 AM,8:15 AM,9:00 AM,9:30 AM,1,Luis,NO P/U,,
132702,60,L131,915 comm,7:30 AM,7:30 AM,9:00 AM,11:00 AM,1,Jen ,,,
139144,160,Lobby,820 Comm Ave,7:00 AM,8:00 AM,9:00 AM,11:00 AM,2,Jose,Luis,Jamie ,
139184,60,2nd Floor Atrium,8 St. Mary's,7:00 AM,8:00 AM,9:00 AM,11:00 AM,2,Juan,Juan,Sean/Rich,
141406,80,CAS Room 522,725 Commonwealth Ave,7:00 AM,8:00 AM,9:00 AM,11:00 AM,2,Antonio,Andy Flores,Chris Rousseau,
141461,40,Lounge/Lobby,928 Comm Ave,7:00 AM,8:00 AM,9:00 AM,11:00 AM,2,Romero,Sammy,Lynn Mahan,
139224,400,BU Beach,270 Bay State Rd,7:00 AM,8:00 AM,9:00 AM,11:30 AM,2,Sammy,Sammy,Kyle/Caitlin,
139150,100,Booth Lobby,820 Comm Ave,7:00 AM,8:00 AM,9:00 AM,11:00 AM,2,Romero,Romero,Lynn Cody/Laurel ,
139176,750,Ziskind,775 Comm Ave,7:00 AM,8:15 AM,9:00 AM,11:30 AM,2,Andy Flores,No P/U,Jamie/Mark/Tao/Chris Yee ,
139178,500,CGS Auditorium,871 Comm Ave,7:00 AM,8:00 AM,9:00 AM,11:00 AM,2,Jose,Jose,Chris R/Nasiba ,
139187,40,2nd Floor Atrium,8 St. Mary's St,7:00 AM,8:00 AM,9:00 AM,11:00 AM,2,Antonio,Sammy,Sean,
139154,1100,Metcalf/Ziskind,775 Comm Ave,7:00 AM,8:00 AM,9:00 AM,11:30 AM,2,Sammy,NO P/U,Tao/Mark C./Chris Yee ,
142128,1,Hillel Loading Dock,213 Bay State Road,9:00 AM,0,9:00 AM,9:00 AM,1,Luis,No P/U,,
139173,260,CGS Auditorium,871 Comm Ave,7:00 AM,8:00 AM,9:00 AM,11:30 AM,2,Antonio,Antonio,Jamie,
139180,100,2nd Floor Atrium,8 St. Mary's,7:00 AM,8:15 AM,9:00 AM,11:00 AM,2,Jose,Juan,Sean ,
139193,80,Lobby,610 Comm Ave,7:00 AM,8:00 AM,9:00 AM,11:30 AM,2,Juan,Sammy,Judy Le,
142108,55,201 - Atrium,43 Hawes,8:15 AM,8:15 AM,9:00 AM,10:00 AM,1,Luis ,Sammy,,
142127,1,Hillel Loading Dock,213 Bay State Road,9:00 AM,0,9:00 AM,9:00 AM,1,Romero,NO P/U,,
141105,30,Rm 545,100 Bay State,8:15 AM,8:15 AM,9:00 AM,11:00 AM,1,Jose,Romero,,
141405,50,Photonics Colloqium Rm,8 St. Mary's St.,7:00 AM,7:00 AM,9:00 AM,12:00 PM,2,Jose,Luis,Sean ,
142037,25,410/411,808 Comm Ave,8:15 AM,8:15 AM,9:00 AM,10:00 AM,1,Luis,Luis,,
142110,55,201 - Atrium,43 Hawes,8:15 AM,8:15 AM,9:00 AM,10:00 AM,1,Antonio,Romero,,
142461,15,105,2 Cummington,8:30 AM,8:30 AM,9:15 AM,2:00 PM,1,Luis,No P/U,,
141240,28,Foyer,43 Hawes Street,8:30 AM,8:30 AM,9:15 AM,11:30 AM,1,Luis,Sammy,,
141956,15,324,8 St Marys,8:30 AM,8:30 AM,9:15 AM,12:00 PM,1,Juan,Juan,,
141974,25,3rd Floor,928 Comm Ave,8:45 AM,8:45 AM,9:30 AM,11:30 AM,1,Romero,Romero,,
142015,25,15th floor faculty Lounge,765 Comm Ave,8:45 AM,8:45 AM,9:30 AM,11:30 AM,1,Romero,Romero ,,
141982,15,200,725 Comm Ave,8:45 AM,8:45 AM,9:30 AM,11:30 AM,1,Juan,Juan,,
141276,2000,GSU,775 Commonwealth Avenue,6:00 AM,8:00 AM,9:30 AM,12:00 PM,3,Romero,,Bruce ,
132504,12,Marsh Chapel Thurman Room (Lower level),735 Comm Ave,8:45 AM,8:45 AM,9:30 AM,11:30 AM,1,Andy Flores,No P/U,,
141887,1,Various,580 Comm Ave,9:00 AM,9:00 AM,10:00 AM,10:00 AM,1,Luis,NO P/U,,
142077,150,Marsh Plaza,Marsh Plaza,9:15 AM,9:15 AM,10:00 AM,2:00 PM,1,Juan,Luis,,
142074,150,Marsh Plaza,Marsh Plaza,9:00 AM,9:00 AM,10:00 AM,2:00 PM,1,Luis,Sammy,,
141884,1,Various,580 Comm Ave,9:00 AM,9:00 AM,10:00 AM,10:00 AM,1,Luis,NO P/U,,
142250,25,15th Floor-Faculty Lounge,765 Comm Ave,9:15 AM,9:15 AM,10:00 AM,12:00 PM,1,Romero,No P/U,,
141886,1,Various,580 Comm Ave,9:00 AM,9:00 AM,10:00 AM,10:00 AM,1,Luis,NO P/U,,
142274,15,804,765 COmm Ave,9:15 AM,9:15 AM,10:00 AM,1:00 PM,1,Antonio,No P/U,,
141892,1,Various,580 Comm Ave,9:00 AM,9:00 AM,10:00 AM,10:00 AM,1,Jose,NO P/U,,
142180,15,2nd Floor,147 Bay State Road,10:00 AM,10:00 AM,10:00 AM,10:00 AM,1,Antonio,No P/U,,
141891,1,Various,580 Comm Ave,9:00 AM,9:00 AM,10:00 AM,10:00 AM,1,Luis,NO P/U,,
141893,1,Various,580 Comm Ave,9:00 AM,9:00 AM,10:00 AM,10:00 AM,1,Romero,NO P/U,,
142455,1,Sloane House,135 Ivy Street,0,0,10:00 AM,10:00 AM,0,-,,,
141894,1,Various,580 Comm Ave,9:00 AM,9:00 AM,10:00 AM,10:00 AM,1,Luis,NO P/U,,
141888,1,Various,580 Comm Ave,9:00 AM,9:00 AM,10:00 AM,10:00 AM,1,Juan,NO P/U,,
141889,1,Various,580 Comm Ave,9:00 AM,9:00 AM,10:00 AM,10:00 AM,1,Luis,NO P/U,,
141890,1,Various,580 Comm Ave,9:00 AM,9:00 AM,10:00 AM,10:00 AM,1,Luis,NO P/U,,
142232,30,106C,610 Comm Ave,9:15 AM,9:15 AM,10:00 AM,12:30 PM,1,Antonio,Luis,,
141871,1,Various,580 Comm Ave,9:00 AM,9:00 AM,10:00 AM,10:00 AM,1,Luis,NO P/U,,
141872,1,Various,580 Comm Ave,9:00 AM,9:00 AM,10:00 AM,10:00 AM,1,luis,NO P/U,,
138258,25,rm 102,24 Cummington Ave,9:15 AM,9:15 AM,10:00 AM,11:00 AM,1,Luis,,,
141742,30,Room G-170,635 Albany St,9:15 AM,9:15 AM,10:00 AM,12:00 PM,1,Romero,,,
141912,1,Various,580 Comm Ave,9:00 AM,9:00 AM,10:00 AM,10:00 AM,1,Romero,NO P/U,,
141868,1,Various,580 Comm Ave,9:00 AM,9:00 AM,10:00 AM,10:00 AM,1,Luis,NO P/U,,
141895,1,Faculty Dining,Faculty Dining,9:00 AM,9:00 AM,10:00 AM,10:00 AM,0,Luis,NO P/U,,
141769,30,Room G-170,635 Albany St,9:15 AM,9:15 AM,10:00 AM,12:00 PM,1,Romero,,,
141771,17,512,775 Comm Ave,9:15 AM,9:15 AM,10:00 AM,1:00 PM,1,Luis,,,
139019,25,2nd floor Fit Rec Office,915 Comm Ave,9:15 AM,9:15 AM,10:00 AM,12:01:30 AM,1,Luis,,,
141869,1,Various,580 Comm Ave,9:00 AM,9:00 AM,10:00 AM,10:00 AM,1,Luis,NO P/U,,
141870,1,Various,580 Comm Ave,9:00 AM,9:00 AM,10:00 AM,10:00 AM,1,Luis,NO P/U,,
142017,20,613A,100 Bay State Rd,9:15 AM,9:15 AM,10:00 AM,11:00 AM,1,Jose,,,
141877,1,Various,580 Comm Ave,9:00 AM,9:00 AM,10:00 AM,10:00 AM,1,Luis,NO P/U,,
141876,1,Various,580 Comm Ave,9:00 AM,9:00 AM,10:00 AM,10:00 AM,1,Luis,NO P/U,,
141879,1,Various,580 Comm Ave,9:00 AM,9:00 AM,10:00 AM,10:00 AM,1,Luis,NO P/U,,
141878,1,Various,580 Comm Ave,9:00 AM,9:00 AM,10:00 AM,10:00 AM,1,Luis,NO P/U,,
138259,25,rm 102,24 Cummington Ave,9:15 AM,9:15 AM,10:00 AM,11:00 AM,1,Romero,,,
141880,1,Various,580 Comm Ave,9:00 AM,9:00 AM,10:00 AM,10:00 AM,1,Jose,NO P/U,,
141873,1,Various,580 Comm Ave,9:00 AM,9:00 AM,10:00 AM,10:00 AM,1,Sammy,NO P/U,,
141973,20,WBUR Green Room,820 Comm Ave,9:15 AM,9:15 AM,10:00 AM,12:00 PM,1,Jose,Jose,,
141875,1,Various,580 Comm Ave,9:00 AM,9:00 AM,10:00 AM,10:00 AM,1,Luis,NO P/U,,
142154,1,Various,700 Comm Ave,9:00 AM,9:00 AM,10:00 AM,10:00 AM,1,Juan,NO P/U,,
142160,5,252,100 Cummington Mall,9:15 AM,9:15 AM,10:00 AM,11:00 AM,1,Luis,,,
141874,1,Various,580 Comm Ave,9:00 AM,9:00 AM,10:00 AM,10:00 AM,1,Romero,NO P/U,,
141522,35,170,635 Albany St,9:00 AM,9:00 AM,10:00 AM,11:00 AM,1,Antonio,,,
141881,1,Various,580 Comm Ave,9:00 AM,9:00 AM,10:00 AM,10:00 AM,1,Antonio,NO P/U,,
138260,25,rm 102,24 Cummington Ave,9:15 AM,9:15 AM,10:00 AM,11:00 AM,1,Romero,NO P/U,,
141882,1,Various,580 Comm Ave,9:00 AM,9:00 AM,10:00 AM,10:00 AM,1,Luis ,NO P/U,,
141885,1,Various,580 Comm Ave,9:00 AM,9:00 AM,10:00 AM,10:00 AM,1,Luis ,NO P/U,,
141883,1,Various,580 Comm Ave,9:00 AM,9:00 AM,10:00 AM,10:00 AM,1,Luis ,NO P/U,,
141979,1,0,0,0,0,10:15 AM,12:01:30 AM,0,-,,,
142792,1,0,0,0,0,10:15 AM,12:01:30 AM,0,-,,,
142270,25,GSU Kitchen,775 Comm Ave,,,10:15 AM,10:15 AM,1,Andy Flores,NO P/U,,
142407,25000,,Various ,,,10:15 AM,12:01:30 AM,,,,,
141465,150,"426,428, 430,432",595 Commonwealth Avenue,7:00 AM,8:00 AM,10:15 AM,12:00 PM,0,N/A,Juan,,
140781,40,Eilberg Lounge,285 Babcock - Case Center,8:30 AM,8:30 AM,10:30 AM,4:00 PM,3,Sammy,Jordan,Lynn Mahan/Mia,
141801,11,2nd Floor-Conference Room 3,25 Buick Street,10:00 AM,10:00 AM,10:30 AM,12:45 PM,1,Luis,,,
140526,250,2nd floor atrium,8 St Marys,9:45 AM,9:45 AM,10:30 AM,11:00 AM,1,Romero ,,,
141937,12,4th floor,881 Comm Ave,9:45 AM,9:45 AM,10:30 AM,12:01:30 AM,1,Jose,,,
140798,150,18th Floor,10 Buick Street,8:30 AM,9:45 AM,10:30 AM,12:30 PM,2,Romero,Romero,Molly/Colby,
142607,10,Room 512,775 Comm Ave,9:45 AM,9:45 AM,10:30 AM,12:30 PM,1,Romero ,NO P/U,,
142172,50,Atrium,595 Commonwealth Ave,9:45 AM,9:45 AM,10:30 AM,1:00 PM,0,Antonio,,,
141994,75,Kennel Club,Nickerson,9:00 AM,9:00 AM,10:30 AM,12:00 PM,2,Jose,,Jen ,
141726,10,Room 308,226 Bay State Rd,10:00 AM,10:00 AM,10:45 AM,11:45 AM,1,Elvin,,,
141418,150,Lobby 1st Floor,808 Comm Ave,9:00 AM,10:00 AM,11:00 AM,2:00 PM,2,Romero,Romero,Conor ,
141784,25,Front Entrance,10 Lennox St.,10:15 AM,10:15 AM,11:00 AM,12:01:30 AM,1,Luis,,,
141761,40,Newbury Center,755 Comm Ave,10:15 AM,10:15 AM,11:00 AM,1:00 PM,1,Sammy,,,
141787,25,Main Entrance,10 Lenox St.,10:15 AM,10:15 AM,11:00 AM,2:00 PM,1,Luis,,,
141998,80,PICK UP,775 Comm Ave,10:15 AM,10:15 AM,11:00 AM,12:00 PM,1,-,,,
141788,25,Main Entrance,10 Lenox St.,10:15 AM,10:15 AM,11:00 AM,2:00 PM,1,Juan,,,
141978,15,Room 200,635 Comm Ave,10:15 AM,10:15 AM,11:00 AM,1:00 PM,1,Jose,,,
141536,35,Castle,225 Bay State,9:00 AM,10:00 AM,11:00 AM,4:00 PM,3,Juan,Sammy,Lynn ,
141993,200,Bleachers,Nickerson Bleachers,9:00 AM,10:00 AM,11:00 AM,1:00 PM,2,Jose,Antonio,Jen Skikas ,
139009,15,E&C Office,928 Comm Ave,10:15 AM,10:15 AM,11:00 AM,12:01:30 AM,1,Romero,,,
141925,11,Room 530B,590 Comm Ave,10:15 AM,10:15 AM,11:00 AM,1:30 PM,1,Romero,,,
141697,112,BU Beach Tent,270 Bay State Rd,9:00 AM,10:15 AM,11:00 AM,1:00 PM,2,Jose,Jose,Lynn ,
141983,9,106C,610 Comm Ave,10:15 AM,10:15 AM,11:00 AM,1:30 PM,1,Luis ,NO P/U,,
129330,3000,4 Court Gym ,915 Comm Ave,9:00 AM,10:00 AM,11:00 AM,12:30 PM,2,Rudy,Sammy,Rob/Conor/Mike,
140779,25,Rich Hall Cinema Room,277 Babcock Street,8:30 AM,8:30 AM,11:00 AM,4:00 PM,3,West,West,,
140780,165,Gym C,285 Babcock - Case Center,8:30 AM,8:30 AM,11:00 AM,4:00 PM,3,Jose,Jordan,Lynn Mahan/Mia,
142133,8,8,285 Babcock St,10:15 AM,10:15 AM,11:00 AM,1:00 PM,1,Luis,No P/U,,
142231,24,PICK UP,775 Comm Ave,10:15 AM,10:15 AM,11:00 AM,12:01:30 AM,1,Romero,No P/U,,
142268,8,Marsh Plaza - under tent,735 Comm Ave,10:15 AM,10:15 AM,11:00 AM,12:01:30 AM,1,LeMarc,No P/U,,
141239,50,Lobby,2 Silber Way,10:15 AM,10:15 AM,11:00 AM,2:00 PM,1,Juan,Antonio,,
141498,65,4th floor C-Tower Lounge by Laundry Room,700 Comm Ave,10:15 AM,10:15 AM,11:00 AM,12:01:30 AM,1,Christian (Jocelyn),No P/U,,
141499,60,Custodial Room Near Rear Loading Dock,140 BSR,10:15 AM,10:15 AM,11:00 AM,12:01:30 AM,1,Juan,No P/U,,
141500,105,rear stairwell to Nickerson Field,285 Babcock St,10:15 AM,10:15 AM,11:00 AM,12:01:30 AM,1,Luis,No P/U,,
141501,60,basement custodial room,775 Comm Ave,10:15 AM,10:15 AM,11:00 AM,12:01:30 AM,1,Romero,No P/U,,
141502,120,1st floor Conference Room,120 Ashford St.,10:15 AM,10:15 AM,11:00 AM,12:01:30 AM,1,Sammy,No P/U,,
141503,45,Lower Level #125 Custodial Room,925 Comm Ave,10:15 AM,10:15 AM,11:00 AM,12:01:30 AM,1,Sammy,No P/U,,
142230,30,PICK UP,775 Comm Ave,0,0,11:00 AM,12:01:30 AM,1,Andy Flores,NO P/U,,
142267,8,Marsh Plaza - under tent,735 Comm Ave,10:15 AM,10:15 AM,11:00 AM,12:01:30 AM,1,LeMarc,NO P/U,,
139195,50,LSE 103,24 Cummington Mall,9:00 AM,10:00 AM,11:00 AM,12:30 PM,3,Jose,Juan,Lynn mahan,
139204,3000,FITREC 4 Court Gym,915 Comm Ave,9:00 AM,10:00 AM,11:00 AM,12:30 PM,2,Antonio,NO P/U,Conor/Rob,
142223,20,105,15 Saint Marys,10:15 AM,10:15 AM,11:00 AM,12:00 PM,1,Luis,No P/U,,
141532,25,Eilberg,285 Babcock Street,10:15 AM,10:15 AM,11:00 AM,12:01:30 AM,CTG,Antonio,No P/U,Steve Baldwin,
142344,15,Arena Events Office,925 Comm Ave,10:15 AM,10:15 AM,11:00 AM,12:01:30 AM,1,Juan,No P/U,,
142144,15,B04,755 Comm Ave,10:15 AM,10:15 AM,11:00 AM,12:00 PM,1,Luis,No P/U,,
142184,75,TBD,928 Comm Ave,10:00 AM,10:00 AM,11:00 AM,2:00 PM,1,Jose,No P/U,,
141504,45,Lower Level #125 Custodial Room,925 Comm Ave,10:15 AM,10:15 AM,11:00 AM,12:01:30 AM,1,Jose,No P/U,,
141505,65,4th floor C-Tower by Laundry Room,700 Comm Ave,10:15 AM,10:15 AM,11:00 AM,12:01:30 AM,1,Christian (Jocelyn),No P/U,,
141506,120,1st floor Conference Room,120 Ashford St.,10:15 AM,10:15 AM,11:00 AM,12:01:30 AM,1,Jose,No P/U,,
141507,60,Custodial Room Near Rear Loading Dock,140 Bay State Rd,10:15 AM,10:15 AM,11:00 AM,12:01:30 AM,1,Romero,No P/U,,
141508,110,rear stairwell to Nickerson Field,285 Babcock St,10:15 AM,10:15 AM,11:00 AM,12:01:30 AM,1,Sammy,No P/U,,
141509,60,Basement Custodial Room,775 Comm Ave,10:15 AM,10:15 AM,11:00 AM,12:01:30 AM,1,Christian (Jocelyn),No P/U,,
132500,25,Dance Studio,285 Babcock Street,10:15 AM,10:15 AM,11:00 AM,4:00 PM,1,Sammy,No P/U,Steve,
142041,8,613A,100 Bay State Rd,10:15 AM,10:15 AM,11:00 AM,1:00 PM,1,Sammy,No P/U,,
142266,35,Large Tent Outside Babcock,285 Babcock st.,10:15 AM,10:15 AM,11:00 AM,12:01:30 AM,1,Sammy,No P/U,,
142269,8,Marsh Plaza - under tent,735 Comm Ave,10:15 AM,10:15 AM,11:00 AM,12:01:30 AM,1,Jordan,No P/U,,
141638,100,255,808 Comm Ave,10:30 AM,10:30 AM,11:15 AM,2:00 PM,1,Sammy,Romero,,
132502,45,Small Tent on Nickerson Field,Nickerson Field,10:00 AM,10:45 AM,11:30 AM,1:30 PM,2,Rudy,Rudy,Mia ,
142297,30,Deans Conf Room 112,72 East Concord St.,10:45 AM,10:45 AM,11:30 AM,12:01:30 AM,1,Romero,No P/U,,
142196,8,Marsh Chapel - Basement Kitchen,735 Comm Ave,10:45 AM,10:45 AM,11:30 AM,12:01:30 AM,1,Lamarc,No P/U,,
142072,28,BU Today Suite,985 Comm Ave,10:45 AM,10:45 AM,11:30 AM,12:30 PM,1,Luis,No P/U,,
142459,20,Build Lab- Front Room,730 Comm Ave,10:45 AM,10:45 AM,11:30 AM,12:30 PM,1,Sammy,No P/U,,
138141,12,401,44 Cummington,10:45 AM,10:45 AM,11:30 AM,2:00 PM,1,Sammy,No P/U,,
141109,24,Rm 545,100 Bay State,10:45 AM,10:45 AM,11:30 AM,1:30 PM,1,Romero,Rudy,,
142129,70,Room 106,725 Commonwealth Ave,11:15 AM,11:15 AM,11:30 AM,2:00 PM,3,Rudy,No Pick Up,Christine ,
141462,150,BU Beach,270 Bay State Rd,10:30 AM,11:30 AM,11:30 AM,1:30 PM,2,Sammy,Jose,Kyle/Caitlin ,
139135,16,JSC 202,147 Bay State Rd,9:30 AM,10:45 AM,11:30 AM,1:30 PM,3,Juan,Sammy,Chris Rousseau,
129328,3000,4 court,915 Comm Ave,9:30 AM,10:30 AM,11:30 AM,1:30 PM,2,Jose,Jose,Conor/Rob/Mia ,
139169,800,Ziskind,775 Comm Ave,9:30 AM,10:45 AM,11:30 AM,1:30 PM,2,Romero,No P/U,Jamie/Tao/Mark/Chris Yee ,
141108,24,Rm 545,100 Bay State,10:45 AM,10:45 AM,11:30 AM,1:30 PM,1,Romero,Romero,,
141107,24,Rm 545,100 Bay State,10:45 AM,10:45 AM,11:30 AM,1:30 PM,1,Jose,Sammy,,
138139,12,401,44 Cummington,10:45 AM,10:45 AM,11:30 AM,2:00 PM,1,Romero,NO P/U,,
142161,55,324,8 St Marys,10:45 AM,10:45 AM,11:30 AM,2:30 PM,1,Sammy,,,
141106,22,Rm 545,100 Bay State,10:45 AM,10:45 AM,11:30 AM,1:30 PM,1,Romero,NO P/U,,
141957,10,Office,1 University Rd,10:45 AM,10:45 AM,11:30 AM,12:30 PM,1,Luis,,,
141958,10,Office,1 University Rd,10:45 AM,10:45 AM,11:30 AM,12:30 PM,1,Romero ,,,
142105,120,GSU Alley,775 COmm Ave,10:45 AM,10:45 AM,11:30 AM,12:01:30 AM,1,Luis,,,
138138,12,401,44 Cummington,10:45 AM,10:45 AM,11:30 AM,2:00 PM,1,Jose,,,
141898,20,Gilbane Lounge,871 COmm Ave,10:45 AM,10:45 AM,11:30 AM,12:01:30 AM,1,Sammy,,,
141942,24,Setterberg Lounge,635 Comm Ave,10:45 AM,10:45 AM,11:30 AM,12:01:30 AM,1,Romero,,,
138137,12,106C,610 Comm Ave,10:45 AM,10:45 AM,11:30 AM,2:00 PM,1,Jose ,,,
141747,55,Barristers,765 Comm Ave,11:00 AM,11:00 AM,11:45 AM,1:00 PM,1,Sammy,Sammy,,
141933,1,outside B13,881 Comm Ave,11:00 AM,11:00 AM,11:45 AM,12:01:30 AM,1,Sammy,,,
142045,10,Lobby,121 BSR,11:00 AM,11:00 AM,11:45 AM,12:01:30 AM,1,Sammy,,,
141686,40,101,33 Harry Agganis Way,11:00 AM,11:00 AM,11:45 AM,12:01:30 AM,1,Antonio,No P/U,,
141795,20,G13,10 Buick St.,11:00 AM,11:00 AM,11:45 AM,12:01:30 AM,1,Jordan,No P/U,,
142211,15,304,24 Cummington Mall,11:00 AM,11:00 AM,11:45 AM,12:45 PM,1,Rudy,NO P/U,,
141793,10,G13,10 Buick St,11:00 AM,11:00 AM,11:45 AM,12:01:30 AM,1,Jose ,NO P/U,,
141748,55,15th Floor - Faculty Lounge,765 Comm Ave,11:00 AM,11:00 AM,11:45 AM,1:00 PM,1,Sammy,No P/U,,
141791,7,G13,10 Buick St.,11:00 AM,11:00 AM,11:45 AM,12:01:30 AM,CTG,Luis,NO P/U,,
142304,30,Deans Conf Room 112,72 East Concord St.,10:45 AM,10:45 AM,11:45 AM,12:01:30 AM,1,Romero,No P/U,,
142282,35,GSU Terrace,775 Comm Ave,11:00 AM,11:00 AM,11:45 AM,1:30 PM,1,Antonio,No P/U,,
141897,20,G13,10 Buick St.,11:00 AM,11:00 AM,11:45 AM,12:01:30 AM,1,Jordan,No P/U,,
141685,40,101,33 Harry Agganis Way,11:00 AM,11:00 AM,11:45 AM,12:01:30 AM,1,Rudy,No P/U,,
141370,25,Foyer,43 Hawes Street,11:00 AM,11:00 AM,11:45 AM,2:00 PM,1,Romero,Romero,,
142280,27,346,100 Bay State Rd,11:15 AM,11:15 AM,12:00 PM,1:00 PM,1,Luis,No P/U,,
142264,30,Housing Office,25 Buick St,11:15 AM,11:15 AM,12:00 PM,1:00 PM,1,Rudy,No P/U,,
141241,28,Foyer,43 Hawes Street,11:15 AM,11:15 AM,12:00 PM,2:00 PM,1,Sammy,Romero,,
141595,110,2nd floor Conference ROom,33 Harry Agganis Way,11:00 AM,11:00 AM,12:00 PM,1:00 PM,1,Rudy,No P/U,,
142079,150,Marsh Plaza,Marsh Plaza,11:15 AM,11:15 AM,12:00 PM,6:00 PM,1,Luis,Jordan,,
142302,15,2nd Floor,147 Bay State Road,12:00 PM,12:00 PM,12:00 PM,12:00 PM,1,Sammy,No P/U,,
142121,40,Outdoor Plaza,233 Bay State Rd,10:00 AM,11:00 AM,12:00 PM,1:30 PM,2,Luis,No P/U,Molly ,
142174,35,Terrace Lounge,775 Comm Ave,10:00 AM,11:00 AM,12:00 PM,2:00 PM,2,Jamal,No P/U,Jen ,
141917,25,Room 205,540 Comm Ave,11:15 AM,11:15 AM,12:00 PM,2:00 PM,1,-,,,
142284,27,346,100 Bay State Rd,11:15 AM,11:15 AM,12:00 PM,1:00 PM,1,Antonio,No P/U,,
142454,12,2nd floor Lowy Lounge,264 Bay State Rd,11:15 AM,12:00 PM,12:00 PM,12:01:30 AM,1,Jose,No P/U,,
142368,12,1st Floor Conference Room,67 Bay State Rd,11:15 AM,11:15 AM,12:00 PM,2:00 PM,1,Luis,No P/U,,
142111,55,201 - Atrium,43 Hawes,11:15 AM,11:15 AM,12:00 PM,1:00 PM,1,Romero,NO P/U,,
142109,55,201 - Atrium,43 Hawes,11:15 AM,11:15 AM,12:00 PM,1:00 PM,1,Sammy,No P/U,,
142147,19,6th Floor - Common Area,2 Silber Way,11:15 AM,11:15 AM,12:00 PM,1:00 PM,1,Jose,No P/U,,
142183,40,Rm 613 A&B,100 Bay State,11:15 AM,11:15 AM,12:00 PM,1:00 PM,1,Romero,No P/U,,
142089,60,BUild Lab,730 Comm Ave,11:00 AM,11:00 AM,12:00 PM,2:00 PM,0,Antonio,NO P/U,,
142156,600,BU Beach,BU Beach,10:00 AM,10:00 AM,12:00 PM,4:00 PM,2,Jose,Romero,Conor/Rob Luther ,
140758,33,First Floor,121 Bay State Road,10:00 AM,11:00 AM,12:00 PM,2:00 PM,3,Rudy,Luis,Laurel ,
139167,80,26th Floor,33 Harry Agganis Way,9:00 AM,10:30 AM,12:00 PM,2:00 PM,3,Antonio,Jose,Lynn Cody,
142219,40,L131 -L132,915 Comm Ave,11:15 AM,11:15 AM,12:00 PM,12:01:30 AM,1,Antonio,Antonio,,
142050,25,FGH Conference Room - 1st Floor,820 Harrison Ave - FGH Building,11:00 AM,11:00 AM,12:00 PM,1:00 PM,1,Luis,NO P/U,,
142117,15,Lobby,121 Bay State Rd,11:15 AM,11:15 AM,12:00 PM,1:00 PM,1,Jose,NO P/U,,
142202,800,FIT Rec 3 Court Gym,915 Fit Rec,11:15 AM,11:15 AM,12:00 PM,2:00 PM,1,Antonio,Antonio,,
141919,15,Room 530B,590 Comm Ave,11:15 AM,11:15 AM,12:00 PM,1:15 PM,1,Romero,,,
142091,16,FitRec 221,915 Comm Ave,11:15 AM,11:15 AM,12:00 PM,1:00 PM,1,Sammy,,,
142040,12,435,2 Silber Way,11:15 AM,11:15 AM,12:00 PM,1:00 PM,1,Jose,,,
142000,11,303,635 Comm Ave,11:15 AM,11:15 AM,12:00 PM,1:00 PM,1,Romero,,,
142080,1,B19,881 Comm Ave,11:00 AM,11:00 AM,12:00 PM,12:01:30 AM,1,Luis,,,
142102,55,201 - Atrium,43 Hawes,11:15 AM,11:15 AM,12:00 PM,1:00 PM,1,Luis ,NO P/U,,
142097,50,BU Beach,BU Beach,11:00 AM,11:00 AM,12:00 PM,1:30 PM,1,Sammy,Antonio,,
142106,55,201 - Atrium,43 Hawes,11:15 AM,11:15 AM,12:00 PM,1:00 PM,1,Sammy,NO P/U,,
141991,85,Lobby,610 Comm Ave,11:15 AM,11:15 AM,12:00 PM,2:00 PM,1,Luis ,NO P/U,,
142173,600,BU Beach,BU Beach,11:15 AM,11:15 AM,12:00 PM,4:00 PM,1,Luis ,Jordan,,
142222,20,105,15 Saint Marys,11:15 AM,11:15 AM,12:00 PM,1:00 PM,1,Romero,NO P/U,,
141288,25,Hiebert Lounge,72 E Concord St,10:30 AM,10:30 AM,12:00 PM,1:00 PM,3,Jose,Jose,,
140903,20,Riverside Room,121 Bay State Rd,10:00 AM,11:00 AM,12:00 PM,1:30 PM,3,Romero,Romero,Molly ,
141416,16,Front Desk,152 Bay State Rd,11:15 AM,11:15 AM,12:00 PM,1:00 PM,1,Romero,,,
141620,11,25 Lenox St,25 Lenox St,10:00 AM,11:00 AM,12:00 PM,2:00 PM,3,Luis,Jose,Christine ,
141750,25,423,2 Silber Way,11:15 AM,11:15 AM,12:00 PM,1:30 PM,1,Romero,,,
141330,60,Boathouse,619 Memorial Drive,10:00 AM,11:00 AM,12:00 PM,2:00 PM,3,Romero,Sammy,Molly,
142003,1,B13,881 Comm Ave,11:15 AM,11:15 AM,12:00 PM,12:01:30 AM,1,Juan,,,
142004,35,Front Desk,152 Bay State Rd,11:15 AM,11:15 AM,12:00 PM,1:00 PM,1,Sammy,,,
140527,250,2nd floor atrium,8 St Marys,10:00 AM,11:00 AM,12:00 PM,1:00 PM,2,Luis,Antonio,Jamie ,
141039,350,911,8 St Marys,11:15 AM,11:15 AM,12:00 PM,1:00 PM,1,Luis,,,
141415,16,Lobby,121 Bay State Rd,11:15 AM,11:15 AM,12:00 PM,1:00 PM,1,Sammy,,,
141709,20,Living Room/Foyer,43 Hawes St,11:15 AM,11:15 AM,12:00 PM,1:00 PM,1,Romero,,,
141770,30,4th floor,1010 Comm Ave,11:00 AM,11:00 AM,12:00 PM,1:00 PM,1,Jose,,,
141913,150,GSU Plaza,GSU,11:00 AM,11:00 AM,12:00 PM,2:00 PM,1,Luis,,,
141915,9,Metcalf Ballroom,775 Comm Ave,11:15 AM,11:15 AM,12:00 PM,2:00 PM,1,Sammy,,,
141938,24,BU Today/Bostonia Suite,985 Comm Ave,11:15 AM,11:15 AM,12:00 PM,12:01:30 AM,1,Jose,,,
141916,25,Library,928 Comm Ave,11:15 AM,11:15 PM,12:00 PM,2:00 PM,1,Jose,,,
141756,27,Main Office,185 Bay State Rd,11:30 AM,11:30 AM,12:15 PM,1:00 PM,1,Jose,,,
139141,60,Conference Room 102F,100 Ashford St.,11:30 AM,11:30 AM,12:15 PM,12:01:30 AM,1,Luis,NO P/U,,
142206,25,Front Lobby,890 Comm Ave,11:45 AM,11:45 AM,12:30 PM,1:30 PM,1,Rudy,No P/U,,
141829,700,Fit Rec 3 Court Gym,915 Comm Ave,11:30 AM,11:30 AM,12:30 PM,2:45 PM,1,Jose and Jordan,No P/U,,
142255,100,Alley,775 Comm ave,11:45 AM,11:45 AM,12:30 PM,1:30 PM,1,Sammy,No P/U,,
142339,5,Pick up in loading dock fridge,100 BSR,12:30 PM,12:30 PM,12:30 PM,12:01:30 AM,1,Antonio,No P/U,,
142199,25,BOH Tent,135 Ivy street,11:45 AM,11:45 AM,12:30 PM,12:30 PM,CTG,Antonio,No P/U,,
141401,250,Alpert Mall,270 Bay State Rd,10:30 AM,11:45 AM,12:30 PM,2:00 PM,2,Romero,Romero,Molly ,
142076,15,411,2 Silber Way,11:45 AM,11:45 AM,12:30 PM,2:00 AM,1,Jose,,,
141975,25,3rd Floor,928 Comm Ave,11:45 AM,11:45 PM,12:30 PM,2:00 PM,1,Sammy,Sammy,,
141936,40,352,590 Comm Ave,11:45 AM,11:45 AM,12:30 PM,1:30 PM,1,Jordan ,,,
141436,25,339,8 St. Mary's,11:45 AM,11:45 AM,12:30 PM,3:30 PM,1,Luis,,,
142096,8,Room 305-Graduate Lounge,635 Comm Ave,12:00 PM,12:00 PM,12:45 PM,2:00 PM,1,Luis,,,
141976,15,Suite 230,855 COmm Ave,12:00 PM,12:00 PM,12:45 PM,1:45 PM,1,Sammy,,,
142142,12,325,745 Comm Ave,12:00 PM,12:00 PM,12:45 PM,12:01:30 AM,1,Sammy,NO P/U,,
142146,55,201 - Atrium,43 Hawes,12:15 PM,12:15 PM,1:00 PM,3:00 PM,1,Sammy,Romero,,
142112,55,201 - Atrium,43 Hawes,12:15 PM,12:15 PM,1:00 PM,3:00 PM,1,Jose,No P/U,,
139225,200,BU Beach,270 Bay State Rd,11:00 AM,12:00 PM,1:00 PM,3:00 PM,2,Rudy,Antonio,Kyle/Caitlin ,
139222,175,Barristers,765 Comm Ave,11:00 AM,12:00 PM,1:00 PM,3:00 PM,2,Luis,Walk Back,Nasiba/Chris R. ,
141484,300,0,BU Beach/Alpert Mall,11:00 AM,12:00 PM,1:00 PM,4:00 PM,2,Rudy,Rudy,Lynn/Mia ,
142453,50,Comm Lawn,Comm Lawn,12:15 PM,12:15 PM,1:00 PM,2:00 PM,1,Sammy,Sammy,,
141393,40,The Castle,225 Bay State Rd,11:00 AM,12:00 PM,1:00 PM,2:30 PM,2,Luis,Antonio ,Molly,
141986,24,207,635 Comm Ave,12:15 PM,12:15 PM,1:00 PM,2:00 PM,1,Sammy,,,
141999,50,Terrace Lounge,775 Comm Ave,12:15 PM,12:15 PM,1:00 PM,3:30 PM,1,Luis,Jordan,,
142103,55,201 - Atrium,43 Hawes,12:15 PM,12:15 PM,1:00 PM,3:00 PM,1,Romero,Antonio,,
142069,12,209,640 Comm Ave,12:15 PM,12:15 PM,1:00 PM,3:00 PM,1,Sammy,NO P/U,,
142787,20,Cinema Room ,700 Comm Ave ,12:15 PM,12:15 PM,1:00 PM,12:01:30 AM,1,-,,,
142071,12,B31,640 Comm Ave,12:15 PM,12:15 PM,1:00 PM,3:00 PM,1,Romero,NO P/U,,
142107,55,201 - Atrium,43 Hawes,12:15 PM,12:15 PM,1:00 PM,3:00 PM,1,Jose,Jordan,,
141717,30,218,635 Comm Ave,12:15 PM,12:15 PM,1:00 PM,2:00 PM,1,Sammy ,,,
142793,20,Cinema Room ,700 Comm Ave ,12:15 PM,12:15 PM,1:00 PM,12:01:30 AM,1,-,,,
141433,50,339,8 St Marys,12:15 PM,12:15 PM,1:00 PM,4:00 PM,1,Jose,Antonio,,
141011,150,COM Lawn,640 Comm Ave,11:00 AM,12:15 PM,1:00 PM,3:00 PM,2,Luis,Antonio,Conor,
141971,25,1503,765 Comm Ave,12:15 PM,12:15 PM,1:00 PM,2:00 PM,1,Elvin,,,
141762,40,Newbury Center,755 Comm Ave,12:15 PM,12:15 PM,1:00 PM,4:00 PM,1,Romero,,,
141924,30,Room 530B,590 Comm Ave,12:30 PM,12:30 PM,1:15 PM,6:00 PM,1,Romero,Jordan,,
141493,20,GDPC Conference Room,53 Bay STate Rd,12:45 PM,12:45 PM,1:30 PM,3:00 PM,1,Romero,,,
141768,24,105,8 Saint Marys,12:45 PM,12:45 PM,1:30 PM,2:30 PM,1,Antonio,,,
142012,14,108,64 Cummington,12:45 PM,12:45 PM,1:30 PM,12:01:30 AM,1,Juan,,,
141961,40,Conference Aud,775 Comm Ave,12:45 PM,12:45 PM,1:30 PM,3:30 PM,1,Antonio,Antonio,,
142181,15,2nd Floor,147 Bay State Road,1:30 PM,1:30 PM,1:30 PM,1:30 PM,1,Romero,No P/U,,
142182,15,2nd Floor,147 Bay State Road,1:30 PM,1:30 PM,1:30 PM,1:30 PM,1,Jordan,No P/U,,
142189,50,Mugar-1st Floor Reserve Room,775 Comm Ave,1:15 PM,1:15 PM,2:00 PM,4:00 PM,1,Jamal,Romero,,
142073,150,Marsh Plaza,Marsh Plaza,1:00 PM,1:00 PM,2:00 PM,5:00 PM,1,Juan,Andy Flores,,
141828,80,Mulitpurpose Room 5,915 Comm Ave,1:15 PM,1:15 PM,2:00 PM,6:00 PM,1,Jose and Jordan,Jordan,,
142043,50,Lobby,610 Comm Ave,12:00 PM,1:00 PM,2:00 PM,4:00 PM,1,Antonio,Rudy,Mike Leo ,
142075,150,Marsh Plaza,Marsh Plaza,1:00 PM,1:00 PM,2:00 PM,5:00 PM,1,Sammy,Rudy,,
142094,150,Student Lounge-Room 102,855 Comm Av e,1:15 PM,1:15 PM,2:00 PM,4:00 PM,1,Sammy,No P/U,,
141113,30,Rm 545,100 Bay State,1:15 PM,1:15 PM,2:00 PM,4:00 PM,1,Rudy,No P/U,,
142126,1,Garage,135 Ivy Street,1:45 PM,1:45 PM,2:00 PM,2:00 PM,1,Romero,No P/U,,
142185,3000,Storage area behind 4 court gym,915 Comm Ave,1:15 PM,1:15 PM,2:00 PM,4:00 PM,1,Romero,No P/U,,
142148,30,5th Flr - Charles River Rm,765 Comm Ave,1:15 PM,1:15 PM,2:00 PM,4:00 PM,1,Romero,No P/U,,
141996,300,Nickerson Under Bleachers,Nickerson under bleachers,1:00 PM,1:00 PM,2:00 PM,12:01:30 AM,1,Juan/Romero,,,
141985,10,512,775 Comm Ave,1:15 PM,1:15 PM,2:00 PM,12:01:30 AM,1,Antonio,,,
141990,24,121,8 Saint Marys,1:15 PM,1:15 PM,2:00 PM,3:00 PM,1,Antonio,,,
141988,8,252,100 Cummington Mall,1:15 PM,1:15 PM,2:00 PM,3:00 PM,1,Antonio,,,
141439,300,GSU Courtyard,775 Comm Ave,1:15 PM,1:15 PM,2:00 PM,4:00 PM,1,jose,,,
141538,15,346,100 Bay State Rd,1:15 PM,1:15 PM,2:00 PM,4:00 PM,1,Elvin,,,
141618,75,Castle,270 Bay State Rd,12:00 PM,1:00 PM,2:00 PM,4:00 PM,2,Luis ,Jordan ,Christine,
141693,500,Talbot Green,72 East Concord St.,12:00 PM,12:00 PM,2:00 PM,4:00 PM,2,Luis,Jordan,Lynn,
141391,100,Terrace Lounge/Patio,775 Comm Ave,12:00 PM,1:00 PM,2:00 PM,6:00 PM,2,Antonio,,Amro ,
141995,15,720,650 Albany St,1:00 PM,1:00 PM,2:00 PM,4:00 PM,1,Jose,,,
141980,50,The Castle,225 Bay State Rd,12:00 PM,12:00 PM,2:00 PM,3:30 PM,2,Romero,Romero,Molly ,
141923,25,Room 530B,590 Comm Ave,1:15 PM,1:15 PM,2:00 PM,5:00 PM,1,Romero,Jordan,,
141934,22,Rm 423,2 Silber Way,11:45 AM,0,2:00 PM,8:00 PM,1,Jose,,,
141111,30,Rm 545,100 Bay State,1:15 PM,1:15 PM,2:00 PM,4:00 PM,1,Sammy,Jordan,,
141112,30,Rm 545,100 Bay State,1:15 PM,1:15 PM,2:00 PM,4:00 PM,1,Rudy,Jordan,,
141110,30,Rm 545,100 Bay State,1:15 PM,1:15 PM,2:00 PM,4:00 PM,1,Sammy,Sammy,,
142140,10,122,1010 Comm Ave,1:15 PM,1:15 PM,2:00 PM,3:00 PM,1,Antonio,,,
141939,14,936,8 St. Mary's,1:30 PM,1:30 PM,2:15 PM,5:00 PM,1,Antonio,Antonio,,
142252,50,GSU Kitchen,775 Comm Ave,1:30 PM,1:30 PM,2:15 PM,12:01:30 AM,1,Luis,No P/U,,
139196,45,LSE 103,24 Cummington Mall,12:30 PM,1:30 PM,2:30 PM,4:30 PM,2,Sammy,Luis,Morgan ,
142253,85,HTC -Event Space,808 Comm Ave,1:45 PM,1:45 PM,2:30 PM,5:00 PM,1,Sammy,Jordan,,
141571,300,Sloane House,135 Ivy Street,10:00 AM,11:30 AM,2:30 PM,5:15 PM,3,Antonio,Jordan,Christine/Joann ,
142114,65,Lobby,610 Comm Ave,1:45 PM,1:45 PM,2:30 PM,5:00 PM,1,Rudy,Rudy,,
140529,250,2nd floor atrium,8 St Marys,1:45 PM,1:45 PM,2:30 PM,3:00 PM,1,Jose,Sammy,,
141772,100,Lobby,871 COmm Ave,1:45 PM,1:45 PM,2:30 PM,5:00 PM,1,Jordan ,Jordan ,,
141437,70,906,8 St. Mary's,1:45 PM,1:45 PM,2:30 PM,3:30 PM,1,Jose,,,
140702,12,215H,871 Comm ave,1:45 PM,1:45 PM,2:30 PM,12:01:30 AM,1,Sammy,,,
141350,15,211,808 Commonwealth Ave,2:00 PM,2:00 PM,2:45 PM,4:00 PM,1,Sammy,,,
141728,10,Room 308,226 Bay State Rd,2:00 PM,2:00 PM,2:45 PM,3:45 PM,1,Sammy,,,
142311,50,6th floor common space,610 Comm Ave,2:00 PM,2:00 PM,2:45 PM,12:01:30 AM,1,Jordan,,,
141927,75,Castle,225 Bay State Rd,1:00 PM,2:00 PM,3:00 PM,5:30 PM,3,Romero,Romero,needs manager,
141524,22,343,100 Bay State Rd,2:15 PM,2:15 PM,3:00 PM,5:00 PM,1,Jordan,No P/U,,
142299,50,COM Lawn,COM Lawn,1:00 PM,1:00 PM,3:00 PM,5:00 PM,2,Antonio,Romero,Molly ,
142345,24,Colloquium Rm,610 Comm Ave,2:15 PM,2:15 PM,3:00 PM,4:00 PM,1,Jose,Jordan,,
141827,70,Mulitpurpose Room 5,915 Comm Ave,2:15 PM,2:15 PM,3:00 PM,6:00 PM,1,Jose and Jordan,Jordan,,
141754,160,Heibert Lounge,72 E. Concord,2:00 PM,2:00 PM,3:00 PM,5:00 PM,1,Luis,Jordan,,
142204,800,FIT Rec 3 Court Gym,915 Fit Rec,2:15 PM,2:15 PM,3:00 PM,7:00 PM,1,Antonio,Antonio,,
142051,25,FGH Conference Room - 1st Floor,820 Harrison Ave - FGH Building,2:00 PM,2:00 PM,3:00 PM,4:00 PM,1,Luis,NO P/U,,
142298,1,Hillel ,213 Bay State Rd ,3:00 PM,3:00 PM,3:00 PM,12:01:30 AM,1,,,,
141790,1,Terrace Lounge,775 Comm Ave,3:00 PM,3:00 PM,3:00 PM,12:01:30 AM,1,Jordan,,,
141767,125,Lobby,610 Comm Ave,2:15 PM,2:15 PM,3:00 PM,5:00 PM,1,Jose ,Sammy,,
141820,75,Towers Lawn,Bay State Rd.,2:15 PM,2:15 PM,3:00 PM,4:30 PM,1,Sammy,Sammy ,,
140834,100,BU Beach,270 Bay State Rd,1:00 PM,2:00 PM,3:00 PM,5:00 PM,2,Luis,Jordan,NEEDS MANAGER,
141040,350,911,8 St Marys,1:00 PM,2:00 PM,3:00 PM,5:00 PM,2,Antonio,Antonio,Molly ,
141333,10,339,8 St Marys,2:15 PM,2:15 PM,3:00 PM,4:00 PM,1,Juan,,,
141691,80,Katzenberg Center,871 Com Ave,1:00 PM,2:00 PM,3:00 PM,5:00 PM,2,Sammy,Sammy,Lynn ,
141969,15,423,2 Silber Way,2:15 PM,2:15 PM,3:00 PM,12:01:30 AM,1,Sammy,,,
141970,75,3 Court Gym,915 Comm Ave,2:15 PM,2:15 PM,3:00 PM,5:00 PM,1,Romero,,,
141819,6,BU HUB OFFICE 5th floor,775 Comm Ave,2:15 PM,2:15 PM,3:00 PM,12:01:30 AM,1,Jose,,,
141417,50,Lobby,121 Bay State Rd,1:00 PM,2:00 PM,3:00 PM,5:00 PM,3,Sammy,Jordan,Lynn ,
141355,80,Terrace Lounge,775 Comm Ave,2:15 PM,2:15 PM,3:00 PM,12:01:30 AM,1,Jose,,,
141615,70,Lobby,610 Comm Ave,1:00 PM,2:00 PM,3:00 PM,5:00 PM,3,Jose,Jordan,Lynn ,
141721,60,552,855 Comm Ave,2:15 PM,2:15 PM,3:00 PM,12:01:30 AM,1,Romero,,,
142070,15,106C,610 Comm Ave,2:15 PM,2:15 PM,3:00 PM,4:00 PM,1,Jose,Jordan,,
142123,20,Community Rm,745 Comm Ave,2:15 PM,2:15 PM,3:00 PM,5:00 PM,1,Juan,Jordan,,
142064,20,The Castle,225 Bay State Rd,2:15 PM,2:15 PM,3:00 PM,4:30 PM,1,Sammy,NO P/U,,
142159,90,Lobby,610 Comm Ave,2:00 PM,2:00 PM,3:00 PM,5:00 PM,1,Antonio,Antonio,,
142221,40,L131 -L132,915 Comm Ave,2:30 PM,2:30 PM,3:15 PM,12:01:30 AM,1,Antonio,No P/U,,
142059,300,HTC -Event Space,808 Comm Ave,1:30 PM,2:45 PM,3:30 PM,5:30 PM,2,Rudy,Rudy,Laurel ,
139203,3600,FITREC 4 court gym,915 Comm ave FITREC,1:45 PM,1:45 PM,3:30 PM,5:00 PM,2,Antonio,Antonio,Conor/Rob ,
141463,350,BU Beach,270 Bay State Rd,1:30 PM,2:30 PM,3:30 PM,5:30 PM,2,Romero,Rudy,Kyle/Caitlin ,
142100,40,HTC -Great Room,808 Comm Ave,1:30 PM,2:45 PM,3:30 PM,5:30 PM,2,Jose,Jose,Needs Manager,
139188,150,Towers Lawn,140 Bay State Rd,1:30 PM,2:45 PM,3:30 PM,5:30 PM,2,Luis,Sammy,Mia,
141022,58,Castle,225 Bay State Rd,1:30 PM,2:30 PM,3:30 PM,8:30 PM,3,Jordan,Jordan,Molly,
141487,175,BU Beach Tent,Alpert Mall/BU Beach,1:00 PM,2:30 PM,3:30 PM,5:30 PM,3,Antonio,Antonio,Christine,
141646,115,522,725 Comm Ave,2:45 PM,2:45 PM,3:30 PM,12:01:30 AM,1,Antonio,,,
141438,60,East End Lounge,8 St. Mary's,2:30 PM,2:30 PM,3:30 PM,5:30 PM,2,Antonio,Antonio,Molly ,
141729,40,2nd Floor Conf. Room-240/242,888 Comm Ave,3:15 PM,3:15 PM,4:00 PM,5:00 PM,1,Antonio,,,
141611,60,Common Room 101,91 Bay State Rd,3:15 PM,3:15 PM,4:00 PM,7:30 PM,1,Sammy,Sammy,,
141914,30,102,855 Comm Ave,3:15 PM,3:15 PM,4:00 PM,7:00 PM,1,Sammy ,,,
142613,20,PICK UP,775 Comm Ave,0,0,4:00 PM,6:00 PM,1,Christian,,,
141825,40,313,725 Comm Ave,3:15 PM,3:15 PM,4:00 PM,5:00 PM,1,Antonio,,,
141822,100,Lobby,233 Bay State Rd,3:15 PM,3:15 PM,4:00 PM,6:00 PM,1,Sammy,,,
141992,20,COM Lawn,640 Comm Ave,3:15 PM,3:15 PM,4:00 PM,5:00 PM,1,Jordan,,,
141664,50,CAS Room 502,725 Commonwealth Ave,2:00 PM,3:15 PM,4:00 PM,5:30 PM,2,Antonio,Antonio,Lynn ,
141489,100,Sloane House,135 Ivy Street,2:00 PM,2:00 PM,4:00 PM,5:30 PM,3,Romero,Jordan,Christine ,
141964,25,First Floor Conference Room,121 Bay State,3:15 PM,3:15 PM,4:00 PM,6:30 PM,1,Antonio,,,
141700,65,25 Lenox,25 Lenox,1:30 PM,3:00 PM,4:00 PM,6:00 PM,3,Antonio,Jordan,Lynn Mahan ,
141636,80,1st floor student lounge,855 COmm Ave,2:00 PM,2:00 PM,4:00 PM,6:00 PM,2,Jose,Rudy,Jose ,
139139,150,Booth Theatre Lobby,820 Comm Ave,2:00 PM,3:15 PM,4:00 PM,7:00 PM,3,Jordan,Jordan,Brook,
141460,50,Lounge/Library,928 Comm Ave,2:00 PM,3:00 PM,4:00 PM,6:00 PM,2,Juan,Romero,Mia ,
139223,550,Oxnam & Hartman Lounge - Basement,745 Comm Ave,2:00 PM,3:00 PM,4:00 PM,5:30 PM,2,Juan,Jordan,Lynn Mahan ,
139177,300,CGS Auditorium,871 Comm Ave,2:00 PM,3:00 PM,4:00 PM,6:30 PM,2,Sammy,Rudy,Brook,
141510,80,rear stairwell to Nickerson Field,285 Babcock St,3:15 PM,3:15 PM,4:00 PM,12:01:30 AM,1,Jordan,No P/U,,
141782,35,202,145 Bay State Rd,3:45 PM,3:45 PM,4:15 PM,5:30 PM,1,Sammy,Sammy,,
141153,200,COM Lawn,640 Comm Ave,2:30 PM,3:30 PM,4:30 PM,7:00 PM,2,Antonio,Jordan,Molly ,
141302,50,Towers Lawn,140 Bay State Rd,3:45 PM,3:45 PM,4:30 PM,6:00 PM,1,jordan,,,
140838,60,Castle,225 Bay State Rd,2:30 PM,3:45 PM,4:30 PM,6:30 PM,2,Sammy,Jordan,needs manager,
141304,50,Setterberg Lounge,635 Comm Ave,2:30 PM,2:30 PM,4:30 PM,6:30 PM,2,Antonio,Jordan,Lynn ,
142162,100,Hiebert Lounge,72 E Concord St,2:00 PM,3:00 PM,4:30 PM,6:30 PM,2,Jose,Antonio,Conor ,
139219,60,Barristers,765 Comm Ave,2:30 PM,3:30 PM,4:30 PM,6:00 PM,2,Jordan,Jordan,Lynn/Colby ,
142279,50,Lobby,610 Comm Ave,2:30 PM,3:30 PM,4:30 PM,6:00 PM,2,Romero,Romero,Mia ,
142283,31,GSU Terrace,775 Comm Ave,4:00 PM,4:00 PM,5:00 PM,6:30 PM,2,Sammy,No P/U,Conor ,
141516,55,The Castle,225 Bay State Rd,3:00 PM,4:00 PM,5:00 PM,7:00 PM,2,Antonio,Antonio,Jose M. ,
142286,30,Housing Office,25 Buick St,4:15 PM,4:15 PM,5:00 PM,5:00 PM,1,Jordan,No P/U,,
141492,60,Sloane House Tent,135 Ivy Street,3:00 PM,3:00 PM,5:00 PM,7:30 PM,3,Romero,Rudy,,
142220,40,L131 -L132,915 Comm Ave,4:15 PM,4:15 PM,5:00 PM,12:01:30 AM,1,Antonio,No P/U,,
139220,60,5th Flr - Charles River,765 Comm Ave,3:00 PM,4:00 PM,5:00 PM,7:00 PM,2,Jose ,Walk Back,Nasiba ,
141614,100,The Castle,225 Bay State Rd,4:15 PM,4:15 PM,5:00 PM,7:00 PM,1,Juan,NO P/U,,
142186,70,WBUR Lobby,820 Comm Ave,3:00 PM,4:00 PM,5:00 PM,8:30 PM,2,Sammy,Juan,needs manager,
141396,100,18th Floor,10 Buick Street,3:00 PM,4:00 PM,5:00 PM,7:30 PM,2,Romero,Juan,Mike Leo ,
139183,100,The Castle,225 Bay State Rd,3:00 PM,4:00 PM,5:00 PM,10:00 PM,3,Jordan,Juan,Brody ,
142188,1,Marciano Kitchen,Marciano,5:00 PM,5:00 PM,5:00 PM,5:00 PM,1,Sammy,NO P/U,,
141453,60,BU Beach,270 Bay State Rd,3:00 PM,4:00 PM,5:00 PM,8:00 PM,2,Rudy,Jordan,Jose ,
141800,150,Lobby/Com Lawn,610 Comm Ave/Com Lawn,3:00 PM,4:15 PM,5:00 PM,7:00 PM,2,Sammy,Jordan,Conor ,
141652,25,250,2 Silber Way,3:00 PM,4:00 PM,5:00 PM,6:30 PM,2,Jordan ,Jordan,Lynn ,
141643,100,Lobby,610 Comm Ave,3:00 PM,4:00 PM,5:00 PM,7:00 PM,2,Sammy,Antonio,Molly ,
140751,150,Student Lounge-Room 102,855 Comm Ave,3:00 PM,4:15 PM,5:00 PM,7:00 PM,2,Antonio,,Lynn ,
141561,50,B23-B24,745 Comm Ave,3:00 PM,4:00 PM,5:00 PM,7:30 PM,2,Sammy,N/A,Jose M ,
141997,20,BUild Lab,730 Comm Ave,4:15 PM,4:15 PM,5:00 PM,6:00 PM,1,Jordan,,,
141356,150,Large and Small Ballroom,775 Comm Ave,4:00 PM,4:00 PM,5:00 PM,7:00 PM,1,Sammy,,,
140752,75,Lobby,610 Comm Ave,3:00 PM,4:15 PM,5:00 PM,7:00 PM,3,Antonio,Antonio,Molly ,
141596,15,250,2 Silber Way,4:15 PM,4:15 PM,5:00 PM,6:00 PM,1,Sammy,,,
141313,60,Lobby,610 Comm Ave,3:00 PM,4:15 PM,5:00 PM,8:30 PM,2,-,,Jose ,
138996,250,Small Ballroom,775 Comm Ave,3:00 PM,4:00 PM,5:00 PM,9:00 PM,2,Antonio,,Molly ,
142060,72,Rotunda/Ladd Room,43 Hawes,3:00 PM,3:00 PM,5:15 PM,7:00 PM,2,Jose,Antonio,Molly ,
142343,40,Pardee School,121 Bay State Rd,4:45 PM,4:45 PM,5:30 PM,6:30 PM,1,Jordan,Jordan,,
139185,175,2nd Floor Atrium,8 St. Mary's,3:30 PM,4:30 PM,5:30 PM,8:00 PM,2,Jordan,Jordan,Sean/Rich ,
139226,225,BU Beach,270 Bay State Rd,3:30 PM,4:30 PM,5:30 PM,7:30 PM,2,Antonio,Jordan,Kyle/Caitlin ,
140893,55,Terrace Lounge,775 Comm Ave,3:30 PM,4:30 PM,5:30 PM,6:30 PM,2,Jordan,,Molly ,
140754,100,Student Lounge-Room 102,855 Comm Ave,3:30 PM,4:45 PM,5:30 PM,7:00 PM,2,Jordan,Jordan,Molly ,
141586,50,Setterberg Lounge,635 Commonwealth Ave,5:00 PM,5:00 PM,5:45 PM,7:00 PM,1,Sammy ,,,
141681,105,Call Contact upon arrival- Room 505,871 Comm Ave,5:00 PM,5:00 PM,5:45 PM,12:01:30 AM,1,Antonio,,,
141808,140,WBUR Lobby,890 Comm Ave,3:45 PM,3:45 PM,5:45 PM,7:00 PM,3,Jordan,Jordan,Lynn ,
141807,140,WBUR Lobby,890 Comm Ave,3:45 PM,3:45 PM,5:45 PM,7:00 PM,3,Jose,No P/U,Lynn ,
141802,140,WBUR Lobby,890 Comm Ave,3:45 PM,3:45 PM,5:45 PM,7:00 PM,3,Jordan,No P/U,Molly ,
142400,45,Hiebert Lounge,72 E Concord,3:30 PM,4:30 PM,6:00 PM,7:30 PM,3,Sammy,Juan,NEEDS MANAGER,
129329,1900,Fit Rec 4 Court Gym,915 Commonwealth Avenue,4:00 PM,5:00 PM,6:00 PM,8:00 PM,2,Rudy,Jordan,Conor/rob ,
139163,115,26th Flr,33 Harry Agganis Way,3:00 PM,5:00 PM,6:00 PM,10:00 PM,3,Rudy,Jordan,Lynn Cody/Chris Rousseau,
141704,200,Metcalf,775 Comm Ave,4:00 PM,7:00 PM,6:00 PM,9:30 PM,2,Juan ,NO P/U,Jamie/Mark C./Tao/Chris Yee ,
139137,85,Burke Club Room,43 Hawes Street,4:00 PM,5:00 PM,6:00 PM,8:00 PM,2,Rudy,Rudy,Lynn Mahan ,
141491,20,Sloane House-INSIDE,135 Ivy Street,4:00 PM,4:00 PM,6:00 PM,9:00 PM,3,Romero,Romero,Christine ,
139164,600,Ziskind,775 Comm Ave,4:00 PM,5:15 PM,6:00 PM,8:00 PM,2,Jordan ,NO P/U,Jamie/Tao/Mark C/Chris Yee ,
139166,50,26th Floor,33 Harry Agganis Way,4:00 PM,5:00 PM,6:00 PM,8:00 PM,2,Andy Flores,Romero,Lynn Cody ,
141642,100,Lobby,8 St Marys,4:00 PM,5:00 PM,6:00 PM,8:30 PM,2,Jordan ,Jordan ,Lynn ,
141602,300,Large Ballroom,775 Comm Ave,4:00 PM,5:00 PM,6:00 PM,9:00 PM,2,Jordan,,Conor,
141523,50,Pickup in GSU Kitchen,775 Comm Ave,5:15 PM,5:15 PM,6:00 PM,8:00 PM,1,Antonio,,,
141298,50,Towers Lawn,140 Comm Ave,4:00 PM,5:00 PM,6:00 PM,7:00 PM,2,Jordan,Jordan,Conor ,
140753,70,Castle,225 Bay State Rd,4:00 PM,5:00 PM,6:00 PM,7:30 PM,2,Antonio,Antonio,Lynn ,
141603,22,Rm 423,2 Silber Way,4:00 PM,5:00 PM,6:00 PM,8:00 PM,2,Jordan,Jordan,Molly ,
141152,125,The Castle,225 Bay State Rd,4:00 PM,5:00 PM,6:00 PM,8:00 PM,2,Jordan,Jordan,Lynn ,
142099,75,Heirbert Lounge,72 East Concord,5:00 PM,5:00 PM,6:00 PM,8:00 PM,1,Jordan,No P/U,,
142152,150,0,890 Comm Ave,4:30 PM,4:30 PM,6:00 PM,7:30 PM,1,Antonio,Jordan,,
139152,190,Metcalf,775 Comm Ave.,4:00 PM,5:15 PM,6:00 PM,9:00 PM,2,Sammy,NO P/U,Molly/Mia ,
141488,80,25 Lenox,25 Lenox,3:30 PM,5:00 PM,6:00 PM,9:00 PM,3,Jordan,Jordan,Lynn ,
141029,200,Lobby,820 Comm Ave,4:15 PM,5:15 PM,6:15 PM,7:15 PM,2,Sammy,Jordan,Molly ,
141257,300,Ballroom,595 Commonwealth Avenue,0,0,6:15 PM,8:30 PM,0,N/A,NO P/U,,
139104,200,Booth Theatre Lobby,820 Commonwealth Avenue,4:30 PM,5:45 PM,6:15 PM,7:30 PM,2,Sammy,Rudy,Jose,
141490,60,Sloane House,135 Ivy Street,4:30 PM,4:30 PM,6:30 PM,9:30 PM,3,Jose,Juan,,
139174,300,Ziskind Lounge,775 Commonwealth Ave,4:30 PM,5:45 PM,6:30 PM,8:00 PM,2,Juan,No P/U,Jamie/Tao/Mark/Chris Yee ,
141245,63,Terrace Lounge,775 Comm Ave,5:45 PM,5:45 PM,6:30 PM,7:30 PM,1,Antonio,,,
141745,125,9th Floor,8 Saint Marys,5:45 PM,5:45 PM,6:30 PM,7:30 PM,1,Jordan,,,
142058,150,0,890 Comm Ave,5:30 PM,5:30 PM,6:30 PM,9:00 PM,1,Jordan ,Jordan,,
142056,150,0,890 Comm Ave,5:30 PM,5:30 PM,6:30 PM,9:00 PM,1,Antonio,,,
142057,150,0,890 Comm Ave,5:30 PM,5:30 PM,6:30 PM,9:00 PM,1,Jordan,Jordan,,
141694,150,Castle,225 Bay State Rd,4:30 PM,4:30 PM,6:30 PM,10:00 PM,2,Antonio,Jordan,Brody ,
141533,4,House,135 Ivy Street,5:30 PM,5:30 PM,6:30 PM,9:30 PM,3,Jordan,Jordan,Christine,
141641,50,Lobby,610 Comm Ave,4:30 PM,5:30 PM,6:30 PM,7:30 PM,2,Sanmy ,Jordan ,Molly ,
141935,150,0,890 Comm Ave,5:00 PM,5:00 PM,6:30 PM,9:00 PM,1,Sammy ,,,
141361,150,Ziskind,775 Comm Ave,5:00 PM,6:00 PM,7:00 PM,8:00 PM,2,Jordan,,Jen ,
141424,24,Rm 14,71 Bay State Rd,5:00 PM,6:15 PM,7:00 PM,9:00 PM,2,Jordan,Jordan,Conor ,
141617,150,14th Hiebert Lounge,72 East Concord St.,5:00 PM,5:00 PM,7:00 PM,10:00 PM,2,Jordan,Jordan,Jose ,
142055,230,0,890 Comm Ave,6:00 PM,6:00 PM,7:00 PM,10:30 PM,1,Jordan,,,
140817,90,Playwright Theatre Lobby,949 Comm Ave,5:00 PM,6:00 PM,7:00 PM,9:00 PM,2,Jordan,Jordan,Lynn ,
139190,40,The Castle,225 Bay State Rd,3:15 PM,6:00 PM,7:00 PM,9:00 PM,3,Jordan,Jordan,Brody ,
141955,70,HTC -Great Room,808 Comm Ave,5:00 PM,6:00 PM,7:00 PM,9:00 PM,2,Romero,Rudy,Laurel ,
141810,140,WBUR Lobby,890 Comm Ave,6:00 PM,6:00 PM,7:00 PM,9:00 PM,3,n/a,Jordan,Lynn ,
141803,140,WBUR Lobby,890 Comm Ave,6:00 PM,6:00 PM,7:00 PM,9:00 PM,3,n/a,Jordan,Molly ,
141809,150,WBUR Lobby,890 Comm Ave,6:00 PM,6:00 PM,7:00 PM,9:00 PM,3,n/a,Jose,Lynn,
141256,275,Atrium,595 Commonwealth Avenue,4:00 PM,4:00 PM,7:15 PM,9:30 PM,0,N/A,NO P/U,,
139221,75,108 - Barristers,765 Comm Ave,6:30 PM,6:30 PM,7:30 PM,9:00 PM,1,Rudy,Walk Back,monique,
141394,3600,FITREC 4 court gym,915 Comm ave FITREC,5:30 PM,5:30 PM,7:30 PM,9:00 PM,2,Jordan,Jordan,Conor/Mike Leo/Rob Luther,
142326,6,Kenmore,595 Commonwealth Ave - Questrom,5:30 PM,5:30 PM,8:00 PM,9:00 PM,3,Jordan,,,
Grand Totals,,,,,,,,,,,,
,,,,,,,,,,,,
Event ID,Guest Count,,,,,,,,,,,
560,"88,535.00",,,,,,,,,,,
