Daily Run Sheet - GSU  -  10/1/2022 to 10/31/2022,,,,,,,,,,,,
Event ID,Guest Count,Building Room,Street Address,SuppliesTime,Food Time,Event Start Time,End Time,Tier,Drop Steward,Pick Up Steward,Event Manager,Select
143754,1,GSU,775 Comm Ave,6:30 AM,6:30 AM,6:30 AM,6:30 AM,1,Luis,NO P/U,,
143755,1,GSU,775 Comm Ave,6:30 AM,6:30 AM,6:30 AM,6:30 AM,1,Luis,NO P/U,,
143756,1,GSU,775 Comm Ave,6:30 AM,6:30 AM,6:30 AM,6:30 AM,1,Luis,NO P/U,,
143757,1,GSU,775 Comm Ave,6:30 AM,6:30 AM,6:30 AM,6:30 AM,1,Luis,NO P/U,,
143758,1,GSU,775 Comm Ave,6:30 AM,6:30 AM,6:30 AM,6:30 AM,1,Antonio,NO P/U,,
143759,1,GSU,775 Comm Ave,6:30 AM,6:30 AM,6:30 AM,6:30 AM,1,Luis,NO P/U,,
143760,1,GSU,775 Comm Ave,6:30 AM,6:30 AM,6:30 AM,6:30 AM,1,Luis,NO P/U,,
143761,1,GSU,775 Comm Ave,6:30 AM,6:30 AM,6:30 AM,6:30 AM,1,Luis,NO P/U,,
143762,1,GSU,775 Comm Ave,6:30 AM,6:30 AM,6:30 AM,6:30 AM,1,Luis,NO P/U,,
143763,1,GSU,775 Comm Ave,6:30 AM,6:30 AM,6:30 AM,6:30 AM,1,Luis,NO P/U,,
143764,1,GSU,775 Comm Ave,6:30 AM,6:30 AM,6:30 AM,6:30 AM,1,Luis,NO P/U,,
143765,1,GSU,775 Comm Ave,6:30 AM,6:30 AM,6:30 AM,6:30 AM,1,Luis,NO P/U,,
143766,1,GSU,775 Comm Ave,6:30 AM,6:30 AM,6:30 AM,6:30 AM,1,Luis,NO P/U,,
143767,1,GSU,775 Comm Ave,6:30 AM,6:30 AM,6:30 AM,6:30 AM,1,Luis,NO P/U,,
143768,1,GSU,775 Comm Ave,6:30 AM,6:30 AM,6:30 AM,6:30 AM,1,Luis,NO P/U,,
143769,1,GSU,775 Comm Ave,6:30 AM,6:30 AM,6:30 AM,6:30 AM,1,Luis,NO P/U,,
143770,1,GSU,775 Comm Ave,6:30 AM,6:30 AM,6:30 AM,6:30 AM,1,Luis,NO P/U,,
143771,1,GSU,775 Comm Ave,6:30 AM,6:30 AM,6:30 AM,6:30 AM,1,Luis,NO P/U,,
143772,1,GSU,775 Comm Ave,6:30 AM,6:30 AM,6:30 AM,6:30 AM,1,Luis,NO P/U,,
143773,1,GSU,775 Comm Ave,6:30 AM,6:30 AM,6:30 AM,6:30 AM,1,Luis,NO P/U,,
143774,1,GSU,775 Comm Ave,6:30 AM,6:30 AM,6:30 AM,6:30 AM,1,Luis,NO P/U,,
143542,1,"Stone, Ballroom, East Balcony",775 Comm Ave,6:15 AM,6:15 AM,7:00 AM,8:00 AM,1,Antonio,No P/U,,
147699,150,Stone Lobby outside of ballroom,775 Comm Ave,6:30 AM,6:30 AM,7:15 AM,8:15 AM,1,Luis,Romero,,
147700,150,Stone Lobby outside of ballroom,775 Comm Ave,6:30 AM,6:30 AM,7:15 AM,8:15 AM,1,Luis,Antonio,,
147701,150,Stone Lobby outside of ballroom,775 Comm Ave,6:30 AM,6:30 AM,7:15 AM,8:15 AM,1,Luis and Jose,Antonio,,
143827,1,GSU,775 Comm Ave,7:30 AM,7:30 AM,7:30 AM,7:30 AM,1,Jose,NO P/U,,
143832,1,GSU,775 Comm Ave,7:30 AM,7:30 AM,7:30 AM,7:30 AM,1,Juan,NO P/U,,
143831,1,GSU,775 Comm Ave,7:30 AM,7:30 AM,7:30 AM,7:30 AM,1,Antonio,NO P/U,,
143826,1,GSU,775 Comm Ave,7:30 AM,7:30 AM,7:30 AM,7:30 AM,1,Jose,NO P/U,,
143830,1,GSU,775 Comm Ave,7:30 AM,7:30 AM,7:30 AM,7:30 AM,1,Antonio,NO P/U,,
143825,1,GSU,775 Comm Ave,7:30 AM,7:30 AM,7:30 AM,7:30 AM,1,Jose,NO P/U,,
143834,1,GSU,775 Comm Ave,7:30 AM,7:30 AM,7:30 AM,7:30 AM,1,Antonio,NO P/U,,
143829,1,GSU,775 Comm Ave,7:30 AM,7:30 AM,7:30 AM,7:30 AM,1,Antonio,NO P/U,,
143828,1,GSU,775 Comm Ave,7:30 AM,7:30 AM,7:30 AM,7:30 AM,1,Antonio,NO P/U,,
143833,1,GSU,775 Comm Ave,7:30 AM,7:30 AM,7:30 AM,7:30 AM,1,Antonio,NO P/U,,
147820,25,Living Room,43 Hawes St,6:00 AM,7:00 AM,8:00 AM,9:00 AM,2,Luis,Luis,NEEDS MANAGER,
147959,1000,GSU Link,775 Comm Ave,7:00 AM,7:00 AM,8:00 AM,5:00 PM,1,Luis,No P/U,,
147911,90,1st Flr,100 East Newton St,7:00 AM,7:00 AM,8:00 AM,9:00 AM,1,Antonio,Antonio,,
147690,24,Einstein's,725 Comm Ave ,0,0,8:00 AM,9:30 AM,1,-,,,
147770,215,Stone Lobby,775 Comm Ave,7:15 AM,7:15 AM,8:00 AM,9:00 AM,1,Antonio,Antonio,,
148196,20,PLS 102,232 Bay State Rd,7:15 AM,7:15 AM,8:00 AM,9:00 AM,1,Jamal,No P/U,,
148293,100,Metcalf Large and Stone Lobby,775 Comm Ave ,7:15 AM,7:15 AM,8:00 AM,5:00 PM,1,-,,,
138704,75,HTC FLR 205,808 Comm Ave,6:00 AM,7:15 AM,8:00 AM,9:00 AM,2,Luis,Jamal,needs manager,
148123,20,525,765 Comm Ave,7:00 AM,7:00 AM,8:00 AM,10:30 AM,1,Luis,Romero,,
148276,100,Faculty Lounge,765 Comm Ave,7:30 AM,7:30 AM,8:00 AM,8:00 AM,1,-,,,
142621,100,WBUR Lobby,890 Comm Ave,7:15 AM,7:15 AM,8:00 AM,10:00 AM,1,Luis,Antonio,needs manager,
147641,39,Einstein's,725 Comm Ave ,0,0,8:00 AM,9:30 AM,1,-,,,
146042,100,Lobby,2 Silber Way,7:15 AM,7:15 AM,8:00 AM,9:00 AM,1,Jose,Jose,,
147745,10,Terrace Lounge,775 Comm Ave,7:15 AM,7:15 AM,8:00 AM,9:00 AM,1,Antonio,Luis,,
147638,39,Einstein's,725 Comm Ave ,0,0,8:00 AM,9:30 AM,1,-,,,
147689,24,Einstein's,725 Comm Ave ,0,0,8:00 AM,9:30 AM,1,-,,,
147821,100,Faculty Lounge,765 Comm Ave,7:30 AM,7:30 AM,8:00 AM,8:00 AM,1,-,,,
146061,35,325,745 Comm Ave,7:30 AM,7:30 AM,8:15 AM,10:00 AM,1,Romero,Antonio,,
146062,35,325,745 Comm Ave,7:30 AM,7:30 AM,8:15 AM,9:30 AM,1,Antonio,Antonio,,
147363,75,Lobby,610 Comm Ave,7:30 AM,7:30 AM,8:15 AM,9:15 AM,1,Luis,Jose,,
148195,20,PLS 102,232 Bay State Rd,7:30 AM,7:30 AM,8:15 AM,9:15 AM,1,Antonio,No P/U,,
147932,100,Lobby,610 Comm Ave,7:30 AM,7:30 AM,8:15 AM,10:30 AM,1,Luis,Luis,,
147781,15,"1st Floor, Child Care Center",32 Harry Agganis Way,6:00 AM,7:00 AM,8:15 AM,10:00 AM,1,Luis,No P/U,,
148079,12,PICK UP,775 Comm Ave,,,8:15 AM,12:01:30 AM,1,-,,,
148124,24,103,24 Cummington Mall,7:45 AM,7:45 AM,8:30 AM,10:00 AM,1,Jose,Sammy,,
146033,40,B18,755 Comm Ave,7:45 AM,7:45 AM,8:30 AM,9:30 AM,1,Jamal,No P/U,,
147614,60,PICK UP,725 Comm Ave,0,0,8:30 AM,12:01:30 AM,1,-,,,
146034,40,B18,755 Comm Ave,7:45 AM,7:45 AM,8:30 AM,9:30 AM,1,Antonio,No P/U,,
147544,300,Ziskind Lounge,775 Comm Ave,6:30 AM,6:30 AM,8:30 AM,11:30 AM,2,Antonio,No P/U,NEEDS MANAGER,
147615,60,PICK UP,725 Comm Ave,0,0,8:30 AM,12:01:30 AM,1,-,,,
148087,25,Lobby,928 Comm Ave,6:30 AM,7:30 AM,8:30 AM,9:00 AM,2,Antonio,Sammy,,
147856,25,2nd flr. lounge,928 Comm Ave,8:00 AM,8:00 AM,8:30 AM,12:30 PM,1,Antonio,Jose,,
148220,30,906,8 St Marys,7:45 AM,7:45 AM,8:30 AM,9:30 AM,1,Luis,Antonio,,
147859,25,Lobby,928 Comm Ave,6:30 AM,7:30 AM,8:30 AM,9:00 AM,2,Antonio,Antonio,,
147860,25,2nd flr. lounge,928 Comm Ave,8:00 AM,8:00 AM,8:30 AM,10:30 AM,1,Antonio,Antonio,,
147353,85,Lobby ,610 Comm Ave ,7:45 AM,7:45 AM,8:30 AM,12:01:30 AM,CTG,Luis,Luis,,
146249,25,906,8 St marys,7:15 AM,7:15 AM,8:30 AM,11:30 AM,2,Antonio,Jordan,,
147425,10,PICK UP,264 Bay State Rd,7:45 AM,7:45 AM,8:30 AM,10:00 AM,1,Jose,No P/U,,
145602,25,Room 301,43 Hawes,7:45 AM,7:45 AM,8:30 AM,9:00 AM,1,Romero,Jordan,,
147612,60,PICK UP,725 Comm Ave,0,0,8:30 AM,12:01:30 AM,1,N/A,,,
147541,700,Ziskind Lounge,775 Comm Ave,6:30 AM,6:30 AM,8:30 AM,11:30 AM,2,Antonio and Luis,No P/U,NEEDS MANAGER,
146031,40,B18,755 Comm Ave,7:45 AM,7:45 AM,8:30 AM,9:30 AM,1,Luis,No P/U,,
147500,100,Lobby,610 Comm Ave,7:45 AM,7:45 AM,8:30 AM,10:30 AM,1,Luis,Jose,,
147540,250,Ziskind Lounge,775 Commonwealth Ave,6:30 AM,7:30 AM,8:30 AM,11:00 AM,0,Antonio,No P/U,Needs Manager,
147836,15,12 FLR.(Law Alumni Board Room,765 Comm Ave,7:45 AM,7:45 AM,8:30 AM,9:30 AM,1,Luis,No P/U,,
147842,15,12 FLR.(Law Alumni Board Room,765 Comm Ave,7:45 AM,7:45 AM,8:30 AM,9:30 AM,1,Antonio,No P/U,,
147779,60,Lobby,928 Comm Ave,7:45 AM,7:45 AM,8:30 AM,11:30 AM,1,Antonio,Antonio,,
146032,40,B18,755 Comm Ave,7:45 AM,7:45 AM,8:30 AM,9:30 AM,1,Luis,No P/U,,
147613,60,PICK UP,755 Comm Ave,0,0,8:30 AM,12:01:30 AM,1,-,,,
147649,15,105,44 Cummington Mall,8:00 AM,8:00 AM,8:45 AM,9:45 AM,1,Jose,No P/U,,
143096,85,WBUR Lobby,890 Comm Ave,8:00 AM,8:00 AM,8:45 AM,11:00 AM,1,Jose,Romero,,
147707,9,216,621 Comm Ave,8:00 AM,8:00 AM,8:45 AM,11:00 AM,1,Jose,No P/U,,
147573,15,In The Electrical Shop,120 Ashford St,8:00 AM,8:00 AM,8:45 AM,10:00 AM,1,Luis,No P/U,,
147576,15,In The Electrical Shop,120 Ashford St,8:00 AM,8:00 AM,8:45 AM,10:00 AM,1,Antonio,No P/U,,
147575,15,In The Electrical Shop,120 Ashford St,8:00 AM,8:00 AM,8:45 AM,10:00 AM,1,Luis,No P/U,,
146138,15,200,725 Comm Ave,8:15 AM,8:15 AM,9:00 AM,12:00 PM,1,Antonio,No P/U,,
147326,15,102,24 Cummington Mall,8:15 AM,8:15 AM,9:00 AM,10:00 AM,1,Luis,No P/U,,
147971,1000,GSU Link,775 Comm Ave,8:00 AM,8:00 AM,9:00 AM,5:00 PM,1,Sammy,No P/U,,
148022,75,Marsh Plaza,270 Bay State Rd,8:15 AM,8:15 AM,9:00 AM,10:30 AM,1,Jordan,Jordan,,
147608,50,B23/24,745 Comm Ave,8:15 AM,8:15 AM,9:00 AM,10:00 AM,1,Antonio,Sammy,,
147675,20,Student Lounge,640 Comm Ave,8:15 AM,8:15 AM,9:00 AM,10:00 AM,1,Antonio,No P/U,,
148010,50,610,635 Comm. Ave.,8:15 AM,8:15 AM,9:00 AM,9:30 AM,1,Antonio,No P/U,,
146139,15,200,725 Comm Ave,8:15 AM,8:15 AM,9:00 AM,12:00 PM,1,Antonio,No P/U,,
148150,12,250,2 Silber Way,8:15 AM,8:15 AM,9:00 AM,11:00 AM,1,Luis,No P/U,,
148193,20,PLS 102,232 Bay State Rd,8:15 AM,8:15 AM,9:00 AM,10:00 AM,1,-,,,
148199,40,Lobby,2 Silber Way,8:15 AM,8:15 AM,9:00 AM,10:00 AM,1,Antonio,Jose,,
147327,15,102,24 Cummington Mall,8:15 AM,8:15 AM,9:00 AM,10:00 AM,1,Luis,No P/U,,
148131,10,3rd Flr Estin Rm,771 Comm Ave,8:15 AM,8:15 AM,9:00 AM,10:00 AM,1,Jamal,No P/U,,
148121,55,WET Rm Next to Pool,915 Comm Ave,7:00 AM,8:00 AM,9:00 AM,10:00 AM,2,Sammy,Antonio,,
146288,200,6th Flr,100 Bay State Rd,8:15 AM,8:15 AM,9:00 AM,11:00 AM,1,Jose,Antonio,,
143543,200,East Balcony & Stone Lobby,775 Comm Ave,7:45 AM,7:45 AM,9:00 AM,11:30 AM,1,Antonio and Jose,Antonio,,
146136,15,200,725 Comm Ave,8:15 AM,8:15 AM,9:00 AM,12:00 PM,1,Jose,No P/U,,
146234,70,Lobby,610 Comm Ave,8:15 AM,8:15 AM,9:00 AM,10:00 AM,1,Antonio,Sammy,,
146110,50,Dahod Library,225 Bay State Rd,8:15 AM,8:15 AM,9:00 AM,6:00 PM,1,Antonio,Jamal,,
145697,100,Room 101,610 Comm Ave,8:15 AM,8:15 AM,9:00 AM,12:00 PM,1,Jose,Jose,,
147324,15,102,24 Cummington Mall,8:15 AM,8:15 AM,9:00 AM,10:00 AM,1,Luis,No P/U,,
147496,12,2nd FL Conference room,704 Comm Ave,8:15 AM,,9:00 AM,8:15 AM,1,Luis,No P/U,,
147677,30,2nd Flr Lowy Lounge,264 Bay State Rd,8:15 AM,8:15 AM,9:00 AM,10:00 AM,1,Antonio,Jose,,
146225,37,340 Student Lounge,635 Comm,8:15 AM,8:15 AM,9:00 AM,10:00 AM,1,Jose,Jose,,
146137,15,200,725 Comm Ave,8:15 AM,8:15 AM,9:00 AM,12:00 PM,1,Jose,No P/U,,
147592,15,1203,765 Comm Ave,8:15 AM,8:15 AM,9:00 AM,10:15 AM,1,Antonio,No P/U,,
147415,125,Ziskind Lounge,775 Comm Ave,8:15 AM,8:15 AM,9:00 AM,9:30 AM,1,Antonio,Jose,,
147325,15,102,24 Cummington Mall,8:15 AM,8:15 AM,9:00 AM,10:00 AM,1,Luis,No P/U,,
147732,10,L107,72 E Concord St,8:00 AM,8:00 AM,9:00 AM,10:00 AM,1,Antonio,No P/U,,
147817,55,613,100 Bay State Rd,8:15 AM,8:15 AM,9:00 AM,10:00 AM,1,-,,,
147759,10,310,775 Comm Ave,8:15 AM,8:15 AM,9:00 AM,10:30 AM,1,Luis,No P/U,,
147673,15,324,8 St Marys,8:30 AM,8:30 AM,9:15 AM,12:30 PM,1,Antonio,No P/U,,
147654,50,Atrium,765 Comm Ave,8:15 AM,8:15 AM,9:30 AM,11:15 AM,1,Jose,Jose,,
144373,24,PICK UP @ Einstein,725 Comm Ave,9:15 AM,9:15 AM,9:30 AM,11:00 AM,1,N/A,,,
145961,24,PICK UP @ Einstein,725 Comm Ave,9:15 AM,9:15 AM,9:30 AM,11:00 AM,1,N/A,,,
146006,420,Ziskind Lounge,775 Comm Ave,8:45 AM,8:45 AM,9:30 AM,10:00 AM,1,Antonio and Romero,Romero,,
144372,24,PICK UP @ Einstein,725 Comm Ave,9:15 AM,9:15 AM,9:30 AM,11:00 AM,1,N/A,,,
145960,24,PICK UP @ Einstein,725 Comm Ave,9:15 AM,9:15 AM,9:30 AM,11:00 AM,1,N/A,,,
147393,25,Front Lawn,1 University Rd,8:45 AM,8:45 AM,9:30 AM,10:30 AM,1,Jamal,No P/U,,
146083,40,2nd Floor Lounge,213 Bay State Rd,8:45 AM,8:45 AM,9:30 AM,12:00 PM,1,Antonio,Antonio,Needs Manager,
145706,70,Setterberg Lounge,635 Comm Ave,8:45 AM,8:45 AM,9:30 AM,2:30 PM,1,Jose,Jordan,,
148069,15,401,881 Comm Ave,8:45 AM,8:45 AM,9:30 AM,10:00 AM,1,Jose,No P/U,,
148200,30,423,2 Silber Way,8:15 AM,8:15 AM,9:30 AM,10:30 AM,1,-,,,
145963,24,PICK UP @ Einstein,725 Comm Ave,9:15 AM,9:15 AM,9:30 AM,11:00 AM,1,N/A,,,
144375,24,PICK UP @ Einstein,725 Comm Ave,9:15 AM,9:15 AM,9:30 AM,11:00 AM,1,N/A,,,
147862,50,Library,928 Comm Ave,8:45 AM,8:45 AM,9:30 AM,12:30 PM,1,Jamal,No P/U,,
144374,24,PICK UP @ Einstein,725 Comm Ave,9:15 AM,9:15 AM,9:30 AM,11:00 AM,1,N/A,,,
145962,24,PICK UP @ Einstein,725 Comm Ave,9:15 AM,9:15 AM,9:30 AM,11:00 AM,1,N/A,,,
145694,24,Pick Up at GSU,725 Comm Ave,9:00 AM,9:00 AM,9:45 AM,10:00 AM,1,Flex,No P/U,,
148044,44,202,43 Hawes St,9:45 AM,9:45 AM,9:45 AM,10:45 AM,1,Jamal,Romero,,
148147,30,B06,179 Amory St,9:00 AM,9:00 AM,9:45 AM,10:45 AM,1,Luis,Antonio,,
145695,24,Pick Up at GSU,725 Comm Ave,9:00 AM,9:00 AM,9:45 AM,10:00 AM,1,Antonio,No P/U,,
145692,24,Pick Up at GSU,725 Comm Ave,9:00 AM,9:00 AM,9:45 AM,10:00 AM,1,Flex,No P/U,,
146004,420,Ziskind Lounge,775 Comm Ave,9:00 AM,9:00 AM,9:45 AM,10:00 AM,1,Luis and Romero,Luis and Romero,,
146005,420,Ziskind Lounge,775 Comm Ave,9:00 AM,9:00 AM,9:45 AM,10:00 AM,1,Antonio and Jose,Antonio and Jose,,
145693,24,Pick Up at GSU,725 Comm Ave,9:00 AM,9:00 AM,9:45 AM,10:00 AM,1,Flex,No P/U,,
147474,40,BUild Lab,730 Comm Ave,9:15 AM,9:15 AM,10:00 AM,11:00 AM,1,Jose,No P/U,,
147738,10,L211,72 E Concord St,9:00 AM,9:00 AM,10:00 AM,11:00 AM,1,Antonio,No P/U,,
147739,10,L213,72 E Concord St,9:00 AM,9:00 AM,10:00 AM,11:00 AM,1,Antonio,No P/U,,
143941,170,Lobby,610 Comm. Ave,9:15 AM,9:15 AM,10:00 AM,11:00 AM,2,Jose,Jose,,
147434,195,Barristers,765 Comm Ave,9:15 AM,9:15 AM,10:00 AM,1:00 PM,1,Jose and Antonio,No P/U,,
147604,80,STH B23: Community Center,745 Comm Ave,9:15 AM,9:15 AM,10:00 AM,12:00 PM,1,Jose,Jose,,
146107,20,105 - Student Lounge,640 COmm Ave,9:15 AM,9:15 AM,10:00 AM,11:00 AM,1,Antonio,No P/U,,
146250,25,Academy Room,775 Comm AVE.,9:30 AM,9:30 AM,10:00 AM,12:00 PM,1,Jamal,Jamal,,
143383,25,Admin Office,915 Comm Ave,9:15 AM,9:15 AM,10:00 AM,12:01:30 AM,1,Jose,No P/U,,
143391,25,Housing Office,25 Buick,9:15 AM,9:15 AM,10:00 AM,12:01:30 AM,1,Antonio,No P/U,,
147396,15,Colloquium,610 Comm Ave,9:15 AM,9:15 AM,10:00 AM,11:00 AM,1,Antonio,No P/U,,
147598,150,Barristers,765 Comm Ave,8:00 AM,8:00 AM,10:00 AM,12:00 PM,2,Romero,Sammy,NEEDS MANAGER,
146291,475,SAO Gym,1 University Rd,9:15 AM,9:15 AM,10:00 AM,1:00 PM,2,Luis and Jose,No P/U,NEEDS MANAGER,
145916,12,PHO 428,8 Saint Marys,9:15 AM,9:15 AM,10:00 AM,11:00 AM,1,Antonio,No P/U,,
147814,77,202,43 Hawes St,9:15 AM,9:15 AM,10:00 AM,11:00 AM,1,Antonio,Antonio,,
147981,20,PICK UP,775 Comm Ave,9:45 AM,9:45 AM,10:00 AM,12:01:30 AM,1,Flex,,,
147371,85,Lobby ,610 Comm Ave ,9:30 AM,9:30 AM,10:15 AM,11:30 AM,1,Luis,Luis,,
147365,70,Lobby,610 Comm Ave,9:30 AM,9:30 AM,10:15 AM,12:01:30 AM,1,Jose,Jose,,
147793,1,0,0,0,0,10:15 AM,12:01:30 AM,0,-,,,
148031,1,0,0,0,0,10:15 AM,12:01:30 AM,0,-,,,
147800,65,202,43 Hawes St,8:45 AM,8:45 AM,10:30 AM,10:30 AM,1,Juan,Antonio,,
147679,15,411,2 Silber Way,9:45 AM,9:45 AM,10:30 AM,12:00 PM,1,Antonio,No P/U,,
147801,69,202,43 Hawes St,8:45 AM,8:45 AM,10:30 AM,10:30 AM,1,Jose,Jose,,
147786,20,201,8 St Marys,9:45 AM,9:45 AM,10:30 AM,12:00 PM,0,Jose,No P/U,,
147493,15,200,25 Buick St,9:45 AM,9:45 AM,10:30 AM,11:30 AM,1,Luis,No P/U,,
147483,25,B24,755 Comm Ave,9:45 AM,9:45 AM,10:30 AM,11:30 AM,1,Luis,Luis,,
144301,50,Barristers,765 Comm Ave,8:30 AM,9:30 AM,10:30 AM,1:00 PM,3,Romero,Antonio,NEEDS MANAGER,
147788,10,435,2 Silber Way,,,10:30 AM,12:00 PM,1,Luis,No P/U,,
147903,40,122,808 Comm Ave,9:45 AM,9:45 AM,10:30 AM,11:30 AM,1,Sammy,Antonio,,
142709,85,140,300 W. Babcock St (Entrance in Back of bldg on Ashford St),8:30 AM,9:30 AM,10:30 AM,12:00 PM,2,Romero,Antonio,Needs Manager ,
147905,40,122,808 Comm Ave,9:45 AM,9:45 AM,10:30 AM,11:30 AM,1,Juan,Romero,,
147822,25,Living Room,43 Hawes St,9:45 AM,9:45 AM,10:30 AM,10:45 AM,1,Jamal,No P/U,,
148261,10,Build Lab,730 Comm Ave,9:45 AM,9:45 AM,10:30 AM,11:30 AM,1,-,,,
148221,30,906,8 St Marys,9:45 AM,9:45 AM,10:30 AM,11:00 AM,1,Antonio,Romero,,
142622,100,WBUR Lobby,890 Comm Ave,9:45 AM,9:45 AM,10:30 AM,11:30 AM,1,Jose,Sammy,needs manager,
148190,80,906,8 St. Marys,10:00 AM,10:00 AM,10:45 AM,12:00 PM,1,Jose,No P/U,,
148061,15,1203,765 Comm Ave,10:00 AM,10:00 AM,10:45 AM,1:00 PM,1,Juan,No P/U,,
143939,170,Lobby,610 Comm. Ave,10:00 AM,10:00 AM,10:45 AM,11:45 AM,2,Antonio,Antonio,,
147498,10,HIS 504,226 Bay State Rd,10:00 AM,10:00 AM,10:45 AM,12:00 PM,1,Luis,No P/U,,
147658,30,339,8 ST. Mary's,10:00 AM,10:00 AM,10:45 AM,12:00 PM,1,Jose,Jose,,
147593,18,106C,610 Comm Ave,10:00 AM,10:00 AM,10:45 AM,11:45 AM,1,Antonio,No P/U,,
147722,7,107,44 Cummington Mall,10:15 AM,10:15 AM,11:00 AM,12:00 PM,1,Antonio,No P/U,,
147758,15,242,888 Comm Ave,10:15 AM,10:15 AM,11:00 AM,1:00 PM,1,Jose,No P/U,,
147578,20,355 FAB,180 Riverway,10:15 AM,10:15 AM,11:00 AM,1:00 PM,1,Jose,No P/U,,
144340,20,Dance Studio Lobby,915 Comm Ave,10:15 AM,10:15 AM,11:00 AM,12:00 PM,1,Romero,No P/U,,
139014,15,E&C Office,928 Comm Ave,10:15 AM,10:15 AM,11:00 AM,12:01:30 AM,1,Romero,No P/U,,
147605,25,5th FL Charles River Room,765 Comm Ave,10:15 AM,10:15 AM,11:00 AM,1:00 PM,1,Luis,Jose,,
144289,90,Ladd Room,43 Hawes Street,9:00 AM,9:00 AM,11:00 AM,1:00 PM,1,Jordan,Jose,Needs Manager,
145738,50,Terrace Lounge,775 Comm Ave,10:15 AM,10:15 AM,11:00 AM,12:00 PM,1,Jordan,Romero,,
146203,50,Dahod Library,225 Bay State Rd,10:15 AM,10:15 AM,11:00 AM,6:00 PM,1,Antonio,Jamal,,
147930,150,"BU Boathouse, Club Room",619 Memorial Drive,8:30 AM,10:15 AM,11:00 AM,2:00 PM,3,Romero,Antonio,Christine,
147993,15,315,775 Comm Ave,10:15 AM,10:15 AM,11:00 AM,12:00 PM,1,Flex,No P/U,,
147912,90,1st Flr,100 East Newton St,10:00 AM,10:00 AM,11:00 AM,1:00 PM,1,Antonio,Romero,,
147990,15,PICK UP,775 Comm Ave,10:45 AM,10:45 AM,11:00 AM,12:01:30 AM,1,Flex,,,
144348,20,Dance Studio Lobby,915 Comm Ave,10:15 AM,10:15 AM,11:00 AM,12:00 PM,1,Jose,No P/U,,
147771,235,East Balcony,775 Comm Ave,9:00 AM,10:00 AM,11:00 AM,2:30 PM,1,Jose,No P/U,NEEDS MANAGER,
147802,72,202,43 Hawes St,10:15 AM,10:15 AM,11:00 AM,12:00 PM,1,Romero,Jamal,,
144346,20,Dance Studio Lobby,915 Comm Ave,10:15 AM,10:15 AM,11:00 AM,12:00 PM,1,Antonio,No P/U,,
147501,800,Large Ballroom,775 Comm Ave,9:00 AM,9:00 AM,11:00 AM,1:00 PM,2,Juan,No P/U,NEEDS MANAGER,
146289,200,6th Flr,100 Bay State Rd,10:15 AM,10:15 AM,11:00 AM,12:30 PM,1,Sammy and Jose,Sammy,,
146290,27,6th Flr,100 Bay State Rd,10:15 AM,10:15 AM,11:00 AM,12:30 PM,1,Sammy and Jose,No P/U,,
148217,130,170,100 East newton St.,10:00 AM,10:00 AM,11:00 AM,1:00 PM,1,Antonio,Sammy,,
147633,75,HTC FLR 105 - Gathering Space,808 Comm Ave,10:15 AM,10:15 AM,11:00 AM,12:00 PM,1,Jose,Antonio,,
147350,10,PHO 339,8 Saint Mary's,10:15 AM,10:15 AM,11:00 AM,12:00 PM,1,Jamal,No P/U,,
147995,15,315,775 Comm Ave,10:15 AM,10:15 AM,11:00 AM,12:00 PM,1,Luis,No P/U,,
146208,60,245,110 Cummington Mall,10:45 AM,10:45 AM,11:30 AM,1:30 PM,1,Romero,No P/U,,
147994,15,315,775 Comm Ave,10:45 AM,10:45 AM,11:30 AM,12:30 PM,1,Jose,No P/U,,
148198,20,PLS 102,232 Bay State Rd,10:45 AM,10:45 AM,11:30 AM,12:30 PM,1,Sammy,No P/U,,
147785,40,205,808 Comm Ave,10:45 AM,10:45 AM,11:30 AM,12:30 PM,1,Romero,Antonio,,
147863,15,106B,610 Comm Ave,10:45 AM,10:45 AM,11:30 AM,1:00 PM,1,Sammy,No P/U,,
147368,100,Lobby,610 Comm Ave,10:45 AM,10:45 AM,11:30 AM,1:00 PM,1,Jose,Sammy,,
147357,175,Lobby,610 Comm Ave,10:45 AM,10:45 AM,11:30 AM,1:00 PM,1,Luis,No P/U,,
147606,21,CAS 200,725 Comm Ave,11:00 AM,11:00 AM,11:30 AM,1:00 PM,1,Antonio,Jamal,,
147587,25,Lobby 1st FL by Entrance,121 Bay State Rd,10:45 AM,10:45 AM,11:30 AM,1:00 PM,1,Antonio,Antonio,,
147590,5,102,125 Bay State Rd,10:45 AM,10:45 AM,11:30 AM,1:00 PM,1,Antonio,No P/U,,
147674,55,324,8 St Marys,10:45 AM,10:45 AM,11:30 AM,2:30 PM,1,Antonio,No P/U,,
147735,4,Estin Room 3rd FL,771 Comm Ave,10:45 AM,10:45 AM,11:30 AM,1:00 PM,1,Flex,No P/U,,
147542,100,Sloane House,135 Ivy Street,9:30 AM,10:30 AM,11:30 AM,1:30 PM,3,Luis,Antonio,Christine,
143097,85,WBUR Lobby,890 Comm Ave,10:45 AM,10:45 AM,11:30 AM,1:30 PM,1,Romero,No P/U,,
147681,6,208,264 Bay State Rd,10:45 AM,10:45 AM,11:30 AM,12:30 PM,1,Jose,No P/U,,
147419,25,15th FL,765 Comm Ave,9:45 AM,10:45 AM,11:45 AM,1:00 PM,2,Luis,Romero,NEEDS MANAGER ,
147423,75,Barristers Hall 1st FL,765 Comm Ave,11:00 AM,11:00 AM,11:45 AM,2:00 PM,0,Antonio,Jose,,
147787,30,BUild Lab,730 Comm Ave,11:00 AM,11:00 AM,11:45 AM,12:45 PM,1,Romero,Sammy,,
147705,25,106C,610 Comm Ave,11:00 AM,11:00 AM,11:45 AM,4:00 PM,0,Romero,No P/U,,
146008,440,Small Ballroom,775 Comm Ave,11:00 AM,11:00 AM,11:45 AM,12:45 PM,1,Antonio and Jose,No P/U,,
146007,440,Small Ballroom,775 Comm Ave,11:00 AM,11:00 AM,11:45 AM,12:45 PM,1,Luis and Romero,No P/U,,
147486,25,1st FL,53 Bay State Rd,11:00 AM,11:00 AM,11:45 AM,1:00 PM,1,Juan,Jamal,,
145707,60,Setterberg Lounge,635 Comm Ave,11:00 AM,11:00 AM,11:45 AM,2:30 PM,1,Romero,Jordan,,
147970,41,202,43 Hawes St,11:00 AM,11:00 AM,11:45 AM,1:00 PM,1,Romero,No P/U,,
147963,68,202,43 Hawes St,11:00 AM,11:00 AM,11:45 AM,1:00 PM,1,Sammy,No P/U,,
147992,15,312,775 Comm Ave,11:00 AM,11:00 AM,11:45 AM,12:45 PM,1,Flex,No P/U,,
148142,25,1st Flr Conf Rm,53 Bay State Rd,11:00 AM,11:00 AM,11:45 AM,2:00 PM,1,Luis,Jamal,,
148213,15,Terrace Lounge,775 Comm AVE,11:00 AM,11:00 AM,12:00 PM,1:30 PM,1,Luis,No P/U,,
148007,12,804 Suite,765 Comm Ave.,11:00 AM,11:00 AM,12:00 PM,2:00 PM,1,Romero,No P/U,,
147861,25,SHAW Lobby,928 Comm Ave,11:30 AM,11:30 AM,12:00 PM,1:30 PM,CTG,Antonio,No P/U,,
148075,75,Barristers,765 Comm Ave,11:15 AM,11:15 AM,12:00 PM,1:00 PM,1,Jamal,Jose,,
145938,5,324,8 St. Mary's Street,11:15 AM,11:15 AM,12:00 PM,2:00 PM,1,Sammy,No P/U,,
142623,100,WBUR Lobby,890 Comm Ave,11:15 AM,11:15 AM,12:00 PM,1:00 PM,1,Sammy,Jose,needs manager,
148083,90,Barristers,765 Comm Ave,10:00 AM,11:00 AM,12:00 PM,1:30 PM,3,Luis,Jose,Lynn ,
148219,7,906,8 ST. Marys,11:15 AM,11:15 AM,12:00 PM,1:00 PM,1,Jose,No P/U,,
147447,15,1st Flr Conf Room,121 Bay State Rd,11:15 AM,11:15 AM,12:00 PM,1:00 PM,1,Sammy,No P/U,,
147662,120,301,730 Comm Ave,10:00 AM,10:30 AM,12:00 PM,2:00 PM,1,Luis,Sammy,,
148006,5,OUTSIDE OF GSU,775 Comm Ave,11:45 AM,11:45 AM,12:00 PM,1:00 PM,1,Jose,No P/U,,
147968,25,"Conant Lounge, 2nd flr.",264 Bay St. Rd,11:00 AM,11:00 AM,12:00 PM,1:15 PM,1,Antonio,Antonio,,
148005,5,OUTSIDE OF GSU,775 comm Ave,11:45 AM,11:45 AM,12:00 PM,1:00 PM,1,Jose,No P/U,,
145937,5,324,8 St. Mary's Street,11:15 AM,11:15 AM,12:00 PM,2:00 PM,1,Sammy,No P/U,,
147421,22,121,15 St Marys,11:15 AM,11:15 AM,12:00 PM,1:00 PM,1,Luis,No P/U,,
147602,25,310,775 Comm Ave,11:15 AM,11:15 AM,12:00 PM,1:00 PM,1,Romero,No P/U,,
147952,65,202,43 Hawes St,11:15 AM,11:15 AM,12:00 PM,1:00 PM,1,Antonio,No P/U,,
147913,10,5th Flr Conference Rm,53 Bay State Rd,11:15 AM,11:15 AM,12:00 PM,1:00 PM,1,Antonio,No P/U,,
148057,30,0,775 Comm Ave,,,12:00 PM,12:01:30 AM,1,Flex,No P/U,,
148030,65,B23/B24,745 Comm. Ave,11:00 AM,11:00 AM,12:00 PM,1:00 PM,1,Jose,No P/U,,
147906,40,122,808 Comm Ave,11:15 AM,11:15 AM,12:00 PM,1:00 PM,1,Romero,Romero,,
147904,40,122,808 Comm Ave,11:15 AM,11:15 AM,12:00 PM,1:00 PM,1,Sammy,Antonio,,
145711,40,906,8 Saint Marys,10:00 AM,11:00 AM,12:00 PM,1:30 PM,2,Jose,Jamal,Needs Manager,
148168,11,940,8 St. Marys,11:15 AM,11:15 AM,12:00 PM,1:00 PM,1,-,,,
144497,15,CONF. RM 401 4th flr.,44 Cummington Mall,11:15 AM,11:15 AM,12:00 PM,2:00 PM,1,Sammy,No P/U,,
148130,4,3rd Flr Estin Rm,771 Comm Ave,11:45 AM,11:45 AM,12:00 PM,1:00 PM,1,-,,,
148149,18,1st Flr,121 Bay State Rd,11:30 AM,11:30 AM,12:00 PM,1:00 PM,1,-,,,
148016,45,0,0,,,12:00 PM,12:00 PM,1,Flex,No P/U,,
144109,115,BU Beach,270 Bay State Rd,10:00 AM,11:00 AM,12:00 PM,2:00 PM,2,Jamal,Jamal,NEEDS MANAGER,
145696,120,Room 101,610 Comm Ave,10:00 AM,10:00 AM,12:00 PM,2:00 PM,1,Jose,Romero,Needs Manager,
147314,20,HTC Center - 2nd Level,808 Commonwealth Ave - Thurman Center,9:45 AM,11:00 AM,12:00 PM,1:00 PM,3,Jamal,Romero,,
144494,15,CONF. RM 401 4th flr.,44 Cummington Mall,11:15 AM,11:15 AM,12:00 PM,2:00 PM,1,Jose,No P/U,,
147441,12,102,125 Bay State Rd,11:15 AM,11:15 AM,12:00 PM,1:00 PM,1,Juan,No P/U,,
147484,25,B24,755 Comm Ave,11:15 AM,11:15 AM,12:00 PM,1:00 PM,1,Luis,No P/U,,
147433,60,Barristers,765 Comm Ave,11:15 AM,11:15 AM,12:00 PM,1:00 PM,1,Sammy,Sammy,,
145935,5,324,8 St. Mary's Street,11:15 AM,11:15 AM,12:00 PM,2:00 PM,1,Jose,No P/U,,
144495,15,CONF. RM 401 4th flr.,44 Cummington Mall,11:15 AM,11:15 AM,12:00 PM,2:00 PM,1,Romero,No P/U,,
146237,70,Lobby,610 Comm Ave,11:15 AM,11:15 AM,12:00 PM,1:00 PM,1,Sammy,Jose,,
147452,15,Commons,808 Comm Ave,11:15 AM,11:15 AM,12:00 PM,1:30 PM,1,Luis,Jose,,
147394,15,Terrace Lounge,775 Comm Ave,11:15 AM,11:15 AM,12:00 PM,1:30 PM,1,Sammy,Sammy,,
147603,20,2nd Conf Rm,700 Albany St,11:00 AM,11:00 AM,12:00 PM,1:00 PM,1,Jose,No P/U,,
147404,140,255,808 Comm Ave,11:15 AM,11:15 AM,12:00 PM,1:00 PM,1,Sammy,No P/U,,
147686,10,3rd Flr Conf,928 Comm Ave,11:00 AM,11:00 AM,12:00 PM,1:00 PM,1,Luis,Jose,,
146009,440,Small Ballroom,775 Comm Ave,11:15 AM,11:15 AM,12:00 PM,12:45 PM,1,Luis and Antonio,No P/U,,
145936,5,324,8 St. Mary's Street,11:15 AM,11:15 AM,12:00 PM,2:00 PM,1,Sammy,No P/U,,
146068,100,Marsh Plaza,735 Commonwealth Ave,11:15 AM,11:15 AM,12:00 PM,4:00 PM,1,Jose,Jamal,,
147335,40,Evans Building Room 720,72 East Concord St.,11:15 AM,11:15 AM,12:00 PM,2:00 PM,1,Sammy,Sammy,,
147407,125,Ziskind Lounge,775 Comm Ave,11:15 AM,11:15 AM,12:00 PM,1:00 PM,1,Luis,Romero,,
147694,35,PHO 906,8 St Mary's St,11:15 AM,11:15 AM,12:00 PM,1:30 PM,1,Jose,Jose,,
147417,150,Ziskind Lounge,775 Comm Ave,11:15 AM,11:15 AM,12:00 PM,1:00 PM,1,Sammy,No P/U,NEEDS MANAGER,
147653,200,Basement ,590 Comm Ave ,10:00 AM,11:00 AM,12:00 PM,2:30 PM,2,Romero,Romero,NEEDS MANAGER,
147740,10,L211,72 E Concord St,11:00 AM,11:00 AM,12:00 PM,1:30 PM,1,Jamal,No P/U,,
144158,24,Lobby,121 Bay State Road,11:15 AM,11:15 AM,12:00 PM,1:15 PM,1,-,,,
146148,50,5th Flr,704 Comm Ave,11:15 AM,11:15 AM,12:00 PM,1:00 PM,1,Jose,No P/U,,
147825,59,202,43 Hawes St,11:15 AM,11:15 AM,12:00 PM,1:00 PM,1,Antonio,No P/U,,
147868,64,202,43 Hawes St,11:15 AM,11:15 AM,12:00 PM,1:00 PM,1,Sammy,No P/U,,
147841,15,12th flr. Law Alumni Board Rm.,765 Comm Ave,10:00 AM,10:00 AM,12:00 PM,2:00 PM,1,Luis,No P/U,,
147843,15,1st flr. Conf. Room,67 Bay St. Rd.,11:15 AM,11:15 AM,12:00 PM,1:00 PM,1,Luis,No P/U,,
147547,12,B02A,677 Beacon St,11:30 AM,11:30 AM,12:15 PM,1:30 PM,1,Luis,No P/U,,
147666,50,PICK UP,775 Comm Ave,12:15 PM,12:15 PM,12:15 PM,12:01:30 AM,1,Antonio,No P/U,,
147539,12,B02A,677 Beacon St,11:30 AM,11:30 AM,12:15 PM,1:30 PM,1,Romero,No P/U,,
147476,150,510,765 Comm Ave,11:30 AM,11:30 AM,12:15 PM,1:30 PM,1,Jamal,No P/U,,
144536,30,COM 317,640 Comm Ave,11:30 AM,11:30 AM,12:15 PM,1:30 PM,1,Luis,Jose,,
148074,7,Marsh Chapel,735 Comm Ave ,11:30 AM,11:30 AM,12:15 PM,1:30 PM,1,-,,,
147966,60,101,1010 Comm Ave,10:30 AM,10:30 AM,12:15 PM,1:30 PM,1,Luis,Jamal,,
147933,15,310,775 Comm Ave,11:45 AM,11:45 AM,12:15 PM,1:30 PM,1,Flex,No P/U,,
147548,12,B02A,677 Beacon St,11:30 AM,11:30 AM,12:15 PM,1:30 PM,1,Jamal,No P/U,,
147550,12,B02A,677 Beacon St,11:30 AM,11:30 AM,12:15 PM,1:30 PM,1,Jose,No P/U,,
148222,30,906,8 St Marys,11:30 AM,11:30 AM,12:15 PM,1:15 PM,1,Romero,Romero,,
148251,24,7th FL,765 Comm Ave,11:45 AM,11:45 AM,12:15 PM,1:30 PM,1,Romero,,,
147853,20,Commons,91 Bay State Rd,11:45 AM,11:45 AM,12:30 PM,1:30 PM,1,Luis,Romero,,
138705,125,HTC FLR 205,808 Comm Ave,10:30 AM,11:45 AM,12:30 PM,1:45 PM,2,Antonio,Jordan,needs manager,
148224,20,0,775 Comm Ave,,,12:30 PM,2:00 PM,1,Jose,No P/U,,
148138,35,1st Flr Conf Rm,53 Bay State Rd,11:45 AM,11:45 AM,12:30 PM,1:30 PM,1,Romero,Romero,,
147720,30,203,765 Comm Ave,,,12:30 PM,2:00 PM,1,Flex,No P/U,,
147772,20,325,745 Comm Ave,11:45 AM,11:45 AM,12:30 PM,2:00 PM,1,Jamal,No P/U,,
147824,30,Living Room,43 Hawes St,10:30 AM,11:30 AM,12:30 PM,1:30 PM,2,Jose,Jamal,NEEDS MANAGER,
147499,30,108,745 Comm Ave,11:45 AM,11:45 AM,12:30 PM,1:00 PM,1,-,,,
147494,50,PICK UP,775 Comm Ave,12:15 PM,12:15 PM,12:30 PM,12:01:30 AM,1,-,,,
146193,30,Lower Level,96 Bay State Rd,11:45 AM,11:45 AM,12:30 PM,2:00 PM,1,Antonio,No P/U,,
147546,25,325,745 Comm Ave,11:45 AM,11:45 AM,12:30 PM,1:30 PM,1,Jose,Romero,,
147596,5,BUild Lab,730 Comm Ave,11:45 AM,11:45 AM,12:30 PM,1:30 PM,1,Antonio,No P/U,,
143944,170,Lobby,610 Comm. Ave,11:45 AM,11:45 AM,12:30 PM,1:30 PM,2,Antonio,Antonio,Needs Manager,
143544,120,East Balcony,775 Comm Ave,10:30 AM,11:30 AM,12:30 PM,2:30 PM,2,-,,NEEDS MANAGER,
146229,40,Booth Lobby,820 Comm Ave,10:30 AM,11:30 AM,12:30 PM,1:00 PM,3,Romero,Sammy,NEEDS MANAGER,
147748,10,Terrace Lounge,775 Comm Ave,11:45 AM,11:45 AM,12:30 PM,1:30 PM,1,Jose,No P/U,,
147696,25,410,765 Comm Ave,12:00 PM,12:00 PM,12:45 PM,2:00 PM,1,Sammy,No P/U,,
147948,40,L405,72 E. Concord St,1:00 PM,1:00 PM,12:45 PM,2:00 PM,1,Jose,No P/U,,
143123,15,Room 230,855 Comm Ave,12:00 PM,12:00 PM,12:45 PM,2:00 PM,1,Jose,No P/U,,
148137,10,Faculty Lounge,765 Comm Ave,12:00 PM,12:00 PM,12:45 PM,1:45 PM,1,Sammy,No P/U,,
147846,12,Student Activities Office,1 University Rd,12:00 PM,12:00 PM,1:00 PM,2:00 PM,1,Romero,No P/U,,
148259,25,106B,610 Comm Ave,12:15 PM,12:15 PM,1:00 PM,2:00 PM,1,Luis,No P/U,,
148011,20,101,91 bay St. Rd.,12:30 PM,12:30 PM,1:00 PM,2:00 PM,1,Jordan,No P/U,,
148161,20,STH 413,745 Commonwealth Avenue,12:15 PM,12:15 PM,1:00 PM,2:00 PM,1,Sammy,No P/U,,
148209,45,204,765 Comm Ave,12:15 PM,12:15 PM,1:00 PM,2:00 PM,1,Antonio,No P/U,,
147997,15,315,775 Comm Ave,12:15 PM,12:15 PM,1:00 PM,2:00 PM,1,Flex,No P/U,,
147698,60,204,765 Comm Ave,12:15 PM,12:15 PM,1:00 PM,2:00 PM,1,Romero,No P/U,,
147508,25,226A/B,900 Comm Ave,12:00 PM,12:00 PM,1:00 PM,2:00 PM,1,Sammy,No P/U,,
144036,500,Nickerson Field-Grotto,NIckerson Field,10:00 AM,11:00 AM,1:00 PM,4:00 PM,2,Sammy and Jose,Sammy,Antonia,
145769,60,Front Lawn,1 University Rd,12:15 PM,12:15 PM,1:00 PM,3:00 PM,1,Antonio,No P/U,,
147545,35,B03,24 Cummington Mall,12:15 PM,12:15 PM,1:00 PM,2:00 PM,1,Sammy,No P/U,,
147400,20,106,725 Comm Ave,12:15 PM,12:15 PM,1:00 PM,2:00 PM,1,Luis,No P/U,,
147451,60,103,765 Comm Ave,12:15 PM,12:15 PM,1:00 PM,2:00 PM,1,Jamal,No P/U,,
143942,170,Lobby,610 Comm. Ave,12:15 PM,12:30 PM,1:15 PM,2:30 PM,2,Sammy,Sammy,Needs Manager,
148003,8,260,100 Cummington Ave,12:45 PM,12:45 PM,1:15 PM,2:15 PM,1,Jose,No P/U,,
148002,11,260,100 Cummington Ave,12:45 PM,12:45 PM,1:15 PM,2:15 PM,1,Sammy,No P/U,,
144156,25,105,15 St. Mary's,12:30 PM,12:30 PM,1:15 PM,2:15 PM,1,Luis,Jose,,
148088,8,260,100 Cummington Mall,12:30 PM,12:30 PM,1:15 PM,2:15 PM,1,Luis,No P/U,,
148089,8,260,100 Cummington Mall,12:30 PM,12:30 PM,1:15 PM,2:15 PM,1,Jose,No P/U,,
148274,10,260,100 Cummington Mall,10:45 AM,10:45 AM,1:15 PM,2:00 PM,1,Romero,,,
147852,25,2nd flr. lounge,928 Comm Ave,12:00 PM,12:00 PM,1:30 PM,6:00 PM,1,Jamal,No P/U,,
147857,25,2nd flr. lounge,928 Comm Ave,1:00 PM,1:00 PM,1:30 PM,5:00 PM,1,Jose,Jordan,,
148194,25,PLS 102,232 Bay State Rd,12:45 PM,12:45 PM,1:30 PM,5:00 PM,1,Romero,No P/U,,
148197,15,PLS 102,232 Bay State Rd,12:45 PM,12:45 PM,1:30 PM,4:00 PM,1,Romero,No P/U,,
146055,100,COM Lawn,640 Comm Ave,11:30 AM,12:30 PM,1:30 PM,3:00 PM,2,Sammy,Sammy,NEEDS MANAGER,
147491,10,260,100 Cummington Mall,12:45 PM,12:45 PM,1:30 PM,2:30 PM,1,Jamal,No P/U,,
147733,5,L107,72 E Concord St,12:30 PM,12:30 PM,1:30 PM,2:30 PM,1,Antonio,No P/U,,
147709,100,124,2 Silber Way,1:00 PM,1:00 PM,1:45 PM,5:00 PM,1,Jose,Jamal,,
147708,100,124,2 Silber Way,1:00 PM,1:00 PM,1:45 PM,5:00 PM,1,Jamal,Sammy,,
148041,300,METCALF HALL,775 Comm Ave,1:00 PM,1:00 PM,1:45 PM,2:00 PM,1,Antonio,No P/U,,
147818,72,202,43 Hawes St,1:00 PM,1:00 PM,1:45 PM,2:45 PM,1,Jamal,Romero,,
147609,100,2nd Flr Setterberg Lounge,635 Comm Ave,1:15 PM,1:15 PM,2:00 PM,6:00 PM,1,Antonio,No P/U,,
145920,14,315,8 St Marys,1:15 PM,1:15 PM,2:00 PM,3:00 PM,1,Sammy,No P/U,,
146155,25,Mugar 1st Flr - Reserve Room,771 Comm Ave,1:15 PM,1:15 PM,2:00 PM,3:00 PM,1,Jose,Sammy,,
148122,50,Marsh Chapel,735 Comm Ave,0,0,2:00 PM,6:00 PM,1,N/A,No P/U,,
146175,25,Mugar 1st Flr - Reserve Room,771 Comm Ave,1:15 PM,1:15 PM,2:00 PM,3:00 PM,1,Jamal,Romero,,
148086,56,East Balcony,775 Comm Ave,1:15 PM,1:15 PM,2:00 PM,3:00 PM,1,Sammy,No P/U,,
148020,78,B18,755 Comm Ave,1:15 PM,1:15 PM,2:00 PM,5:00 PM,1,Jamal,No P/U,,
148191,80,906,8 St. Marys,1:15 PM,1:15 PM,2:00 PM,3:00 PM,1,Jose,No P/U,,
147687,40,906,8 Saint Marys,1:15 PM,1:15 PM,2:00 PM,5:00 PM,1,Sammy,Jordan,,
146187,100,906 - Colloquium,8 St Marys,12:00 PM,1:00 PM,2:00 PM,5:00 PM,2,Sammy,Sammy,Daniel,
147490,30,150,64 Cummington Mall,1:15 PM,1:15 PM,2:00 PM,4:00 PM,1,Sammy,Sammy,,
147435,175,Barristers,765 Comm Ave,1:15 PM,1:15 PM,2:00 PM,3:00 PM,1,Sammy,Jordan,,
147373,70,Lobby,610 Comm Ave,1:15 PM,1:15 PM,2:00 PM,12:01:30 AM,1,Jamal,Romero,,
147485,25,B24,755 Comm Ave,1:30 PM,1:30 PM,2:15 PM,3:15 PM,1,Jordan,Sammy,,
147816,69,202,43 Hawes St,1:45 PM,1:45 PM,2:15 PM,3:00 PM,1,Jamal,Sammy,,
147815,65,202,43 Hawes St,10:45 AM,10:45 AM,2:15 PM,3:00 PM,1,Jose,Jose,,
148223,30,906,8 St Marys,1:30 PM,1:30 PM,2:15 PM,2:45 PM,1,Romero,Romero,,
147397,15,Colloquium,610 Comm Ave,1:45 PM,1:45 PM,2:30 PM,3:30 PM,1,Jordan,No P/U,,
138709,50,HTC FLR 105 - Gathering Space,808 Comm Ave,1:45 PM,1:45 PM,2:30 PM,3:30 PM,1,Jordan,Sammy,,
148167,50,250,2 Silber Way,1:45 PM,1:45 PM,2:30 PM,4:00 PM,1,Jamal,Jamal,,
147791,5,Hallowell Alumni Lounge 2nd FL,225 Bay State Rd,1:45 PM,1:45 PM,2:30 PM,4:00 PM,1,Sammy,No P/U,,
147823,25,Living Room,43 Hawes St,1:45 PM,1:45 PM,2:30 PM,3:00 PM,1,Jamal,No P/U,,
148052,20,PICK UP,775 Comm Ave,,,2:30 PM,5:00 PM,1,Antonio,No P/U,,
147753,10,Terrace Lounge,775 Comm Ave,1:45 PM,1:45 PM,2:30 PM,3:30 PM,1,Jordan,No P/U,,
147408,125,Ziskind Lounge,775 Comm Ave,1:45 PM,1:45 PM,2:30 PM,2:45 PM,1,Romero,Jordan,,
147601,20,339,8 St Marys,1:45 PM,1:45 PM,2:30 PM,3:00 PM,1,Romero,No P/U,,
146235,70,Lobby,610 Comm Ave,1:45 PM,1:45 PM,2:30 PM,3:00 PM,1,Jose,Jose,,
147746,15,113,5 Cummington Mall Rd,2:00 PM,2:00 PM,2:45 PM,4:00 PM,1,Antonio,No P/U,,
147819,77,202,43 Hawes St,2:00 PM,2:00 PM,2:45 PM,3:45 PM,1,Sammy,Jose,,
148017,40,100E 1st ,985 Comm Ave,2:00 PM,2:00 PM,2:45 PM,4:00 PM,1,Romero,Romero,,
145667,15,804E,765 Comm Ave,2:15 PM,2:15 PM,3:00 PM,4:00 PM,1,Jose,No P/U,,
148186,4,Library,147 Bay State Rd,2:15 PM,2:15 PM,3:00 PM,4:00 PM,1,Juan,Juan,,
142852,50,203,8 St Marys,2:15 PM,2:15 PM,3:00 PM,4:00 PM,1,Jamal,Jose,,
147998,15,315,775 Comm Ave,2:15 PM,2:15 PM,3:00 PM,4:00 PM,1,Antonio,No P/U,,
148068,100,WBUR Lobby,890 Comm Ave,2:15 PM,2:15 PM,3:00 PM,4:00 PM,1,Jose,Jose,needs manager,
147996,15,315,775 Comm Ave,2:15 PM,2:15 PM,3:00 PM,4:00 PM,1,Jose,No P/U,,
146095,40,HTC 205,808 Comm Ave,2:15 PM,2:15 PM,3:00 PM,5:00 PM,1,Sammy,Romero,,
144149,70,Bay State Room,121 Bay State Rd,2:15 PM,2:15 PM,3:00 PM,5:00 PM,1,Romero,Jose,,
147855,60,101,610 Comm Ave,2:15 PM,2:15 PM,3:00 PM,4:00 PM,1,Romero,Romero,,
145666,15,804E,765 Comm Ave,2:15 PM,2:15 PM,3:00 PM,4:00 PM,1,Jordan,No P/U,,
148071,12,202,43 Hawes St,2:15 PM,2:15 PM,3:00 PM,4:30 PM,1,Jordan,Jamal,,
146094,40,HTC 205,808 Comm Ave,2:15 PM,2:15 PM,3:00 PM,5:00 PM,1,Sammy,Sammy,,
147418,125,Ziskind Lounge,775 Comm Ave,2:15 PM,2:15 PM,3:00 PM,3:30 PM,1,Jose,Jose,,
147742,10,L107,72 E Concord St,2:00 PM,2:00 PM,3:00 PM,4:00 PM,1,Jordan,No P/U,,
147761,10,310,775 Comm Ave,2:15 PM,2:15 PM,3:00 PM,4:30 PM,1,Jose,No P/U,,
146162,50,101,610 Comm Ave,2:15 PM,2:15 PM,3:00 PM,4:00 PM,1,Jose,Jordan,,
147794,125,Ziskind Lounge,775 Comm Ave,2:15 PM,2:15 PM,3:00 PM,3:00 PM,1,Jamal,Jordan,,
142850,50,203,8 St Marys,2:15 PM,2:15 PM,3:00 PM,4:00 PM,1,Romero,Sammy,,
145665,15,804E,765 Comm Ave,2:15 PM,2:15 PM,3:00 PM,4:00 PM,1,Antonio,No P/U,,
146093,40,HTC 205,808 Comm Ave,2:15 PM,2:15 PM,3:00 PM,5:00 PM,1,Sammy,Sammy,,
142849,50,203,8 St Marys,2:15 PM,2:15 PM,3:00 PM,4:00 PM,1,Romero,Romero,,
147622,60,Hiebert Lounge,72 E Concord St,2:00 PM,2:00 PM,3:00 PM,5:00 PM,1,Jordan,Jordan,,
143545,50,East Balcony,775 Comm Ave,1:00 PM,2:00 PM,3:00 PM,4:00 PM,2,Romero,No P/U,needs manager,
145664,15,804E,765 Comm Ave,2:15 PM,2:15 PM,3:00 PM,4:00 PM,1,Jamal,No P/U,,
146186,100,Nickerson Field Grotto,1010 Comm Ave,1:00 PM,2:00 PM,3:00 PM,6:00 PM,2,Jordan,Jordan,NEEDS MANAGER,
146204,50,Dahod Library,225 Bay State Rd,2:15 PM,2:15 PM,3:00 PM,6:00 PM,1,Romero,Jamal,,
147632,10,GSU,775 Comm Ave,,,3:15 PM,4:30 PM,1,Jamal,No P/U,,
147659,30,901,8 ST. Mary's,2:30 PM,2:30 PM,3:15 PM,4:30 PM,1,Antonio,Jordan,,
147975,15,ERB 203,44 Cummington Mall,2:30 PM,2:30 PM,3:15 PM,4:30 PM,1,Jamal,No P/U,,
148042,200,Terrace Lounge,775 Comm Ave,2:45 PM,2:45 PM,3:15 PM,4:30 PM,1,Sammy and Jamal,Sammy,,
148004,30,YAW. 317(Writers Studio),100 Bay St.,2:45 PM,2:45 PM,3:30 PM,5:00 PM,1,Jamal,No P/U,,
147661,50,7th Flr Atrium,8 St Marys,1:30 PM,1:30 PM,3:30 PM,6:00 PM,2,Jamal,Jordan,NEEDS MANAGER,
144447,150,Lobby,871 Comm AVE,2:15 PM,2:15 PM,3:30 PM,5:00 PM,1,Jordan,Romero,,
147844,12,CAS 200,725 Comm Ave.,3:00 PM,3:00 PM,3:30 PM,4:30 PM,1,Jamal,No P/U,,
148049,25,B24,745 Comm Ave,2:45 PM,2:45 PM,3:30 PM,5:00 PM,1,Jamal,No P/U,,
148028,100,613,100 Bay State Rd,1:15 PM,1:15 PM,3:30 PM,4:30 PM,1,Romero,Romero,,
147777,30,351,635 Comm Ave,2:45 PM,2:45 PM,3:30 PM,4:30 PM,1,Antonio,No P/U,,
146012,420,Ziskind Lounge,775 Comm Ave,2:45 PM,2:45 PM,3:30 PM,4:15 PM,1,Jamal and Antonio,Jamal,,
147475,40,B23/B24,745 Comm Ave,2:45 PM,2:45 PM,3:30 PM,5:00 PM,1,Jose,No P/U,,
146010,420,Ziskind Lounge,775 Comm Ave,3:00 PM,3:00 PM,3:45 PM,4:00 PM,1,Romero,Jamal,,
147702,22,WED 423,2 Silber Way,3:00 PM,3:00 PM,3:45 PM,5:00 PM,1,Sammy,No P/U,,
146011,420,Ziskind Lounge,775 Comm Ave,3:00 PM,3:00 PM,3:45 PM,4:00 PM,1,Jamal and Jordan,Jamal,,
147706,20,1st FL- GDPC Conference Room,53 Bay State Rd,3:00 PM,3:00 PM,3:45 PM,5:30 PM,1,Romero,No P/U,,
147946,15,312,775 Comm Ave,3:00 PM,3:00 PM,3:45 PM,5:00 PM,1,Sammy,No P/U,,
145687,20,6th Flr,8 St Marys,2:00 PM,3:00 PM,4:00 PM,6:00 PM,2,Jordan,Jordan,NEEDS MANAGER,
147976,25,906,8 St Marys,3:30 PM,3:30 PM,4:00 PM,5:00 PM,1,Sammy,Sammy,,
145895,20,Lobby,928 Comm Ave,3:15 PM,3:15 PM,4:00 PM,6:00 PM,1,Romero,Romero,,
146310,200,COM Lawn,640 Comm Ave,2:00 PM,2:00 PM,4:00 PM,5:00 PM,2,Jose,Sammy,needs manager,
147983,20,Atrium,765 Comm Ave,3:15 PM,3:15 PM,4:00 PM,5:00 PM,1,Romero,No P/U,,
147985,20,610,635 Comm Ave,3:15 PM,3:15 PM,4:00 PM,5:00 PM,1,Jamal,No P/U,,
147914,10,5th Flr Conference Rm,53 Bay State Rd,3:15 PM,3:15 PM,4:00 PM,5:00 PM,1,Sammy,No P/U,,
142363,800,Ziskind,775 COmm Ave,2:00 PM,3:00 PM,4:00 PM,5:30 PM,2,Jose and Jordan,No P/U,Needs Manager,
147481,100,Lobby,610 Comm Ave,2:00 PM,3:00 PM,4:00 PM,6:00 PM,2,Jamal,Jamal,NEEDS MANAGER,
148102,35,PHO 206,8 St Mary's,3:30 PM,3:30 PM,4:00 PM,7:00 PM,1,Romero,No P/U,Christine,
147688,75,Lobby,610 Comm Ave,2:00 PM,2:00 PM,4:00 PM,5:00 PM,3,Jamal,Romero,Needs Manager,
142959,70,BUild Lab,730 Comm Ave Rm 118,2:00 PM,3:15 PM,4:00 PM,6:00 PM,3,Sammy,Jamal,needs manager,
148095,15,200,725 Comm Ave,3:15 PM,3:15 PM,4:00 PM,5:00 PM,1,Jordan,Sammy,,
147697,12,410,765 Comm Ave,3:15 PM,3:15 PM,4:00 PM,5:00 PM,1,Jamal,No P/U,,
147729,17,122,1010 Comm Ave,3:15 PM,3:15 PM,4:00 PM,5:00 PM,1,Sammy,No P/U,,
147442,48,420,1010 Comm Ave,3:15 PM,3:15 PM,4:00 PM,5:00 PM,1,Jose,No P/U,,
147395,100,Lobby ,610 Comm Ave ,2:00 PM,3:00 PM,4:00 PM,6:00 PM,2,Romero,Romero,NEEDS MANAGER ,
147492,15,410,765 Comm Ave,3:30 PM,3:30 PM,4:15 PM,4:30 PM,1,Jamal,No P/U,,
147704,30,Multi-Purpose Room,610 Beacon St,3:30 PM,3:30 PM,4:15 PM,6:00 PM,1,Jamal,Jamal,,
147939,15,310,775 Comm Ave,3:45 PM,3:45 PM,4:15 PM,5:15 PM,1,Jamal,No P/U,,
147945,30,202,145 Bay State Rd,3:30 PM,3:00 PM,4:15 PM,5:15 PM,1,Jose,No P/U,,
147864,50,Lobby,610 Comm Ave,3:30 PM,3:30 PM,4:30 PM,5:30 PM,1,Jordan,Jordan,,
147401,100,CitySpace,890 Comm Ave,2:00 PM,3:00 PM,4:30 PM,7:30 PM,2,Jose,Jamal,NEEDS MANAGER,
148027,45,405C,72 East Concord,3:30 PM,3:30 PM,4:30 PM,6:00 PM,1,Jordan,No P/U,,
147398,15,Terrace Lounge,775 Comm Ave,3:45 PM,3:45 PM,4:30 PM,6:00 PM,1,Jamal,No P/U,,
144032,100,Castle,225 Bay State Rd,2:30 PM,3:30 PM,4:30 PM,7:00 PM,3,Jordan,Jordan,NEEDS MANAGER,
147757,10,Terrace Lounge,775 Comm Ave,3:45 PM,3:45 PM,4:30 PM,7:00 PM,1,Jamal,No P/U,,
144355,40,410,765 Comm Ave,2:30 PM,3:45 PM,4:30 PM,6:00 PM,1,Jamal,Jamal,NEEDS MANAGER,
147784,30,552,855 Comm Ave,3:45 PM,3:45 PM,4:30 PM,6:00 PM,1,Sammy,Jamal,,
147504,12,5th FL,100 Bay State Rd,4:00 PM,4:00 PM,4:45 PM,6:00 PM,1,Jordan,No P/U,,
147505,15,5th FL,100 Bay State Rd,4:00 PM,4:00 PM,4:45 PM,6:00 PM,1,Sammy,No P/U,,
147845,15,B18,755 Comm Ave,4:00 PM,4:00 PM,4:45 PM,6:00 PM,1,Jamal,No P/U,,
147865,10,B18,755 Comm Ave,4:00 PM,4:00 PM,4:45 PM,6:00 PM,1,Romero,No P/U,,
147444,300,6th Flr,100 Bay State Rd,4:00 PM,4:00 PM,4:45 PM,6:00 PM,1,Juan,Jordan,,
147503,15,5th Floor,100 Bay State Rd,4:00 PM,4:00 PM,4:45 PM,6:00 PM,1,Sammy,No P/U,,
147502,15,5th FL,100 Bay State Rd,4:00 PM,4:00 PM,4:45 PM,6:00 PM,1,Sammy,No P/U,,
147519,100,211,8 St Marys,4:00 PM,4:00 PM,4:45 PM,5:45 PM,1,Jordan,Jordan,,
147978,68,Build Lab,730 Comm Ave,4:00 PM,4:00 PM,4:45 PM,6:00 PM,1,Sammy,No P/U,,
147866,15,B18,755 Comm Ave,4:00 PM,4:00 PM,4:45 PM,6:00 PM,1,Jordan,No P/U,,
147774,80,211,765 Comm Ave,4:15 PM,4:15 PM,5:00 PM,6:00 PM,1,Jamal,No P/U,,
148129,12,Cromwell Room,138 Mountfort St,4:15 PM,4:15 PM,5:00 PM,6:30 PM,1,-,,,
148021,60,Terrace lounge,775 comm ave,4:00 PM,4:00 PM,5:00 PM,8:00 PM,2,Juan,No P/U,,
148038,450,Sm. Ballroom,775 Commonwealth Ave.,3:00 PM,4:00 PM,5:00 PM,6:00 PM,2,Sammy,No P/U,,
148047,100,Commonwealth Gallery,855 Comm Ave,4:15 PM,4:15 PM,5:00 PM,6:30 PM,1,Romero,Romero,,
147812,1500,BU Beach,BU Beach,3:00 PM,3:00 PM,5:00 PM,7:00 PM,2,Romero and Sammy,Jose,LYnn,
147671,50,204,765 Comm Ave,3:00 PM,4:00 PM,5:00 PM,6:00 PM,2,Romero,Jamal,Molly,
145986,65,Towers Lawn,140 Bay State Rd,4:15 PM,4:15 PM,5:00 PM,6:30 PM,1,Jordan,Jordan,,
147716,100,Howard Thurman Center Room 104,Howard Thurman Center Room 104,4:30 PM,4:30 PM,5:00 PM,7:30 PM,CTG,Romero,Jamal,,
146313,60,Room 209,640 Comm Ave,4:15 PM,4:15 PM,5:00 PM,6:00 PM,1,Sammy,Jamal,,
138706,75,HTC Lobbby Event Room,808 Comm Ave,3:00 PM,4:15 PM,5:00 PM,6:00 PM,2,Sammy,Romero,needs manager,
148084,230,Large Ballroom,775 Comm Ave,3:00 PM,4:00 PM,5:00 PM,7:00 PM,2,Romero,No P/U,,
147999,15,315,775 Comm Ave,4:15 PM,4:15 PM,5:00 PM,6:00 PM,1,Sammy,No P/U,,
143095,100,WBUR Lobby,890 Comm Ave,3:00 PM,4:15 PM,5:00 PM,7:00 PM,2,Jose,Jamal,needs manager,
148155,40,102,635 Comm Ave,4:15 PM,4:15 PM,5:00 PM,6:30 PM,1,Romero,No P/U,,
144508,45,Lobby,610 Comm Ave,3:00 PM,4:00 PM,5:00 PM,7:00 PM,2,Jordan,Jordan,Molly,
147429,40,906,8 St Marys,3:00 PM,4:00 PM,5:00 PM,7:30 PM,2,Jordan,Jordan,NEEDS MANAGER,
146053,88,Barristers,765 Comm Ave,4:15 PM,4:15 PM,5:00 PM,7:00 PM,1,Romero,Romero,,
107409,80,Fit Rec. (the two crts.),915 Comm Ave.,2:45 PM,3:45 PM,5:00 PM,7:00 PM,2,Jamal,Jordan,,
146029,85,The Castle,225 Bay State Rd,3:00 PM,3:00 PM,5:00 PM,7:30 PM,2,Jamal,Jamal,Needs Manager,
143547,40,906,8 Saint Marys,3:00 PM,4:00 PM,5:00 PM,7:30 PM,2,Romero,Jordan,needs manager,
147579,25,COM 209,640 Comm Ave,4:15 PM,4:15 PM,5:00 PM,6:00 PM,1,Sammy,Jamal,,
147773,80,211,765 Comm Ave,4:15 PM,4:15 PM,5:00 PM,6:00 PM,1,Sammy,No P/U,,
147727,40,Terrace Lounge,775 Comm Ave,3:00 PM,4:00 PM,5:00 PM,7:00 PM,2,Jordan,No P/U,NEEDS MANAGER,
147762,10,310,775 Comm Ave,4:15 PM,4:15 PM,5:00 PM,6:30 PM,1,Jamal,No P/U,,
147680,40,2nd Flr Commons,808 Comm Ave,3:00 PM,4:00 PM,5:00 PM,7:00 PM,2,Jordan,Jamal,Molly,
147488,200,Law Courtyard,765 Comm Ave,3:00 PM,4:00 PM,5:00 PM,7:00 PM,2,Sammy,Jamal,NEEDS MANAGER,
147718,40,103,765 Comm Ave,4:15 PM,4:15 PM,5:00 PM,7:30 PM,1,Jamal,Jordan,,
144529,40,COM 209,640 Comm Ave,4:15 PM,4:15 PM,5:00 PM,6:30 PM,1,Sammy,Jordan,,
147531,150,0,890 Comm Ave,5:00 PM,6:30 PM,5:30 PM,8:00 PM,1,Jordan,Jordan,,
147532,150,0,890 Comm Ave,5:00 PM,6:30 PM,5:30 PM,8:00 PM,1,Jordan,Jordan,,
147734,10,L203,72 E Concord St,4:30 PM,4:30 PM,5:30 PM,7:00 PM,1,Jordan,No P/U,,
147789,120,City Space,890 Comm Ave,3:30 PM,4:30 PM,5:30 PM,7:30 PM,3,Jose,Jordan,NEEDS MANAGER ,
147534,150,0,890 Comm Ave,5:00 PM,6:30 PM,5:30 PM,8:00 PM,1,Jordan,Jordan,,
147744,10,R110,72 E Concord St,4:30 PM,4:30 PM,5:30 PM,7:00 PM,1,Jordan,No P/U,,
147533,150,0,890 Comm Ave,5:00 PM,6:30 PM,5:30 PM,8:00 PM,1,Jamal,Jamal,,
147530,150,0,890 Comm Ave,5:00 PM,6:30 PM,5:30 PM,8:00 PM,1,Jordan,Jordan,,
146183,30,The Castle,225 Bay State Rd,3:30 PM,4:30 PM,5:30 PM,7:30 PM,2,Jamal,Jamal,NEEDS MANAGER,
144576,470,Ziskind/Ballroom,775 Commonwealth Ave,2:30 PM,4:30 PM,5:30 PM,11:00 PM,0,Jordan,No P/U,Needs Manager,
145777,150,0,890 Comm Ave,5:00 PM,6:30 PM,5:30 PM,8:00 PM,1,Romero,Romero,,
147322,50,Barristers,765 Comm Ave,3:30 PM,3:30 PM,5:30 PM,8:30 PM,3,Jamal,Jordan,NEEDS MANAGER,
147538,150,0,890 Comm Ave,5:00 PM,6:30 PM,5:30 PM,8:00 PM,1,Jordan,Jordan,,
147535,150,0,890 Comm Ave,5:00 PM,6:30 PM,5:30 PM,8:00 PM,1,Jordan,Jordan,,
147909,12,245,110 Cummington Mall,4:45 PM,4:45 PM,5:30 PM,6:30 PM,1,Sammy,No P/U,,
142366,132,Ballroom,775 COmm Ave,3:00 PM,4:30 PM,5:30 PM,9:00 PM,3,Jordan,No P/U,Needs Manager,
147796,110,Katzenberg Center,871 Comm Ave,3:30 PM,4:30 PM,5:30 PM,8:00 PM,2,Jose,Jordan,NEEDS MANAGER,
147536,150,0,890 Comm Ave,5:00 PM,6:30 PM,5:30 PM,8:00 PM,1,Jamal,Jamal,,
147537,150,0,890 Comm Ave,5:00 PM,6:30 PM,5:30 PM,8:00 PM,1,Jordan,Jordan,,
147776,300,Nickerson Field,285 Babcock St,5:00 PM,5:00 PM,5:45 PM,8:30 PM,1,Jordan,Jordan,,
148045,200,Terrace Lounge,775 Comm Ave,5:00 PM,5:00 PM,5:45 PM,7:00 PM,1,Jordan,Jordan,,
147670,55,Sloane House,135 Ivy Street,3:30 PM,3:30 PM,5:45 PM,8:00 PM,3,Jose,Jordan,Christine,
147768,40,Castle,225 Bay State Rd,4:00 PM,6:00 PM,6:00 PM,8:00 PM,2,Jamal,Jordan,NEEDS MANAGER,
145951,700,Metcalf Ballroom,775 Comm Ave,5:00 PM,6:30 PM,6:00 PM,10:00 PM,2,Jordan,No P/U,NEEDS MANAGER,
147648,30,PICK UP,0,5:45 PM,5:45 PM,6:00 PM,12:01:30 AM,1,Jordan,No P/U,,
147721,30,BU Central,775 Comm Ave,5:15 PM,5:15 PM,6:00 PM,7:00 PM,1,-,,,
145882,75,Barristers,765 Commonwealth Ave,4:00 PM,5:00 PM,6:00 PM,9:00 PM,2,Jamal,Jamal,Daniel,
147413,125,Ziskind Lounge,775 Comm Ave,4:00 PM,5:00 PM,6:00 PM,7:30 PM,2,Jordan,No P/U,Renee,
147719,15,113,871 Comm Ave,5:15 PM,5:15 PM,6:00 PM,8:00 PM,1,Jamal,No P/U,,
147760,60,PICK UP,775 Comm Ave,5:45 PM,5:45 PM,6:00 PM,12:01:30 AM,1,Jamal,No P/U,,
142039,180,Hiebert Lounge,72 E Concord St,3:30 PM,4:30 PM,6:00 PM,9:00 PM,3,Romero,Jordan,Molly,
147432,50,206,8 St Marys,5:15 PM,5:15 PM,6:00 PM,7:00 PM,1,Jordan,No P/U,,
146242,30,Castle,225 Bay State Rd,4:00 PM,5:00 PM,6:00 PM,8:00 PM,3,Jordan,Jordan,NEEDS MANAGER,
147910,30,Castle,225 Bay State Rd,4:00 PM,5:00 PM,6:00 PM,7:30 PM,2,Jamal,Jamal,NEEDS MANAGER,
147954,200,0,890 Comm Ave,5:00 PM,5:00 PM,6:00 PM,8:00 PM,1,Jamal,Jordan,,
148001,80,106A,610 Comm Ave,4:00 PM,5:00 PM,6:00 PM,9:00 PM,2,Jordan,Jordan,NEEDS MANAGER,
148101,100,PICK UP,775 Comm Ave,5:45 PM,5:45 PM,6:00 PM,12:01:30 AM,1,Jose,No P/U,,
147769,80,Barristers,765 Comm Ave,4:00 PM,5:00 PM,6:00 PM,8:00 PM,2,Jamal,Jordan,NEEDS MANAGER,
147313,120,GSU Small Ballroom,775 Comm Ave,4:00 PM,3:00 PM,6:00 PM,8:30 PM,0,Jordan,No P/U,Needs Manager,
148189,20,500,855 Comm Ave,5:45 PM,5:45 PM,6:30 PM,7:30 PM,1,-,,,
147929,150,Lobby,820 Comm Ave. (Booth),4:30 PM,5:30 PM,6:30 PM,7:30 PM,2,Jordan,Jordan,,
148103,10,PICK UP,775 Comm Ave,6:15 PM,6:15 PM,6:30 PM,12:01:30 AM,1,Jamal,No P/U,,
143467,170,Lobby,610 Comm. Ave,4:30 PM,5:30 PM,6:30 PM,8:30 PM,2,Jordan,Jordan,,
147580,100,BackCourt,775 Comm Ave,5:00 PM,10:00 PM,7:00 PM,9:00 PM,2,Jordan,No P/U,Molly,
147489,150,BackCourt,775 Comm Ave,5:00 PM,6:00 PM,7:00 PM,9:00 PM,2,Jordan,No P/U,NEEDS MANAGER,
147684,150,BackCourt,775 Comm Ave,5:00 PM,6:00 PM,7:00 PM,9:00 PM,2,Jamal,No P/U,NEEDS MANAGER,
147763,10,310,775 Comm Ave,6:15 PM,6:15 PM,7:00 PM,8:30 PM,1,Jamal,No P/U,,
147764,10,312,775 Comm Ave,6:15 PM,6:15 PM,7:00 PM,8:30 PM,1,Jamal,No P/U,,
147928,100,TERRACE LOUNGE,775 Comm AVE,6:00 PM,6:00 PM,7:00 PM,10:00 PM,1,Romero,No P/U,,
147867,175,Boathouse,619 Memorial Drive,4:30 PM,5:30 PM,7:00 PM,9:00 PM,3,Jose,Jordan,NEEDS MANAGER,
147982,30,316,595 Comm Ave,6:45 PM,6:45 PM,7:30 PM,12:01:30 AM,1,-,,,
147782,60,BU Central,775 Comm Ave,6:45 PM,6:45 PM,7:30 PM,8:30 PM,1,Jordan,Jordan,,
147907,12,2nd Flr,147 Bay State Rd,5:30 PM,6:30 PM,7:30 PM,9:00 PM,3,Jordan,Jordan,NEEDS MANAGER,
146003,400,Small Ballroom/Terrace Patio,775 Comm Ave,5:30 PM,5:30 PM,7:30 PM,9:30 PM,2,Jamal,Jamal,NEEDS MANAGER,
147436,60,COM 107 Student Lounge,640 Comm Ave,7:15 PM,7:15 PM,8:00 PM,9:00 PM,1,Jordan,Jordan,,
148085,160,Large Ballroom,775 Comm Ave,7:15 PM,7:15 PM,8:00 PM,9:00 PM,1,Jordan,Jordan,,
147986,20,410/411,808 Comm Ave,7:15 PM,7:15 PM,8:00 PM,9:00 PM,1,Jordan,No P/U,,
Grand Totals,,,,,,,,,,,,
,,,,,,,,,,,,
Event ID,Guest Count,,,,,,,,,,,
558,"40,023.00",,,,,,,,,,,
