Daily Run Sheet - GSU  -  12/1/2022 to 12/31/2022,,,,,,,,,,,,
Event ID,Guest Count,Building Room,Street Address,SuppliesTime,Food Time,Event Start Time,End Time,Tier,Drop Steward,Pick Up Steward,Event Manager,Select
149746,1,0,775 Comm ,,,4:00 AM,4:00 AM,1,-,,Antonia,
149296,1100,Concessions,285 Babcock ST,,,4:00 AM,4:00 AM,1,-,,,
149214,1,0,child Care Center,4:45 AM,4:45 AM,4:15 AM,4:15 AM,1,-,,,
143797,1,GSU,775 Comm Ave,6:30 AM,6:30 AM,6:30 AM,6:30 AM,1,Luis,NO P/U,,
143798,1,GSU,775 Comm Ave,6:30 AM,6:30 AM,6:30 AM,6:30 AM,1,Luis,NO P/U,,
143799,1,GSU,775 Comm Ave,6:30 AM,6:30 AM,6:30 AM,6:30 AM,1,Luis,NO P/U,,
143800,1,GSU,775 Comm Ave,6:30 AM,6:30 AM,6:30 AM,6:30 AM,1,Antonio,NO P/U,,
143801,1,GSU,775 Comm Ave,6:30 AM,6:30 AM,6:30 AM,6:30 AM,1,Luis,NO P/U,,
143843,1,GSU,775 Comm Ave,7:30 AM,7:30 AM,7:30 AM,7:30 AM,1,Jose,NO P/U,,
143848,1,GSU,775 Comm Ave,7:30 AM,7:30 AM,7:30 AM,7:30 AM,1,Juan,NO P/U,,
143844,1,GSU,775 Comm Ave,7:30 AM,7:30 AM,7:30 AM,7:30 AM,1,Jose,NO P/U,,
149058,12,221,915 Comm Ave,6:45 AM,6:45 AM,7:30 AM,9:00 AM,1,Jose,No P/U,,
143849,1,GSU,775 Comm Ave,7:30 AM,7:30 AM,7:30 AM,7:30 AM,1,Antonio,NO P/U,,
149059,12,221,915 Comm Ave,6:45 AM,6:45 AM,7:30 AM,9:00 AM,1,Antonio,No P/U,,
143847,1,GSU,775 Comm Ave,7:30 AM,7:30 AM,7:30 AM,7:30 AM,1,-,NO P/U,,
143846,1,GSU,775 Comm Ave,7:30 AM,7:30 AM,7:30 AM,7:30 AM,1,-,NO P/U,,
143851,1,GSU,775 Comm Ave,7:30 AM,7:30 AM,7:30 AM,7:30 AM,1,-,NO P/U,,
149173,45,906,8 St Marys,6:45 AM,6:45 AM,7:30 AM,8:30 AM,1,Luis,Jose,,
143845,1,GSU,775 Comm Ave,7:30 AM,7:30 AM,7:30 AM,7:30 AM,1,Jose,NO P/U,,
143850,1,GSU,775 Comm Ave,7:30 AM,7:30 AM,7:30 AM,7:30 AM,1,Juan,NO P/U,,
149187,75,405,72 East Concord,6:30 AM,6:30 AM,8:00 AM,9:30 AM,1,Juan,Juan,,
148960,300,Lobby & Green Room,685 Commonwealth Ave,6:00 AM,6:00 AM,8:00 AM,12:00 PM,3,Luis,Luis,,
148982,65,1st FL,100 East Newton St,7:15 AM,7:15 AM,8:00 AM,9:00 AM,1,Juan,Juan,,
148690,100,Barristers Hall,765 Comm Ave,7:15 AM,7:15 AM,8:00 AM,10:00 AM,1,Luis,Elvin,,
148777,225,9th Flr Alcove,8 St Marys,6:00 AM,7:00 AM,8:00 AM,10:00 AM,2,Antonio,Luis,,
147693,24,Einstein's,725 Comm Ave,0,0,8:00 AM,9:30 AM,1,N/A,No P/U,,
149070,6,PICK UP,775 Comm Ave,7:45 AM,7:45 AM,8:00 AM,12:01:30 AM,1,Flex,No P/U,,
148421,100,Lobby,610 Comm Ave,7:30 AM,7:30 AM,8:15 AM,10:30 AM,1,Jose,Antonio,,
147619,60,PICK UP,725 Comm Ave,0,0,8:30 AM,12:01:30 AM,1,-,,,
148488,40,B18,755 Comm Ave,7:45 AM,7:45 AM,8:30 AM,9:30 AM,1,Luis,No P/U,,
149057,40,0,0,,,8:30 AM,10:00 AM,CTG,-,,,
147620,60,PICK UP,725 Comm Ave,0,0,8:30 AM,12:01:30 AM,1,-,,,
148489,40,B18,755 Comm Ave,7:45 AM,7:45 AM,8:30 AM,9:30 AM,1,Jose,No P/U,,
148423,100,Lobby,610 Comm Ave,6:30 AM,7:30 AM,8:30 AM,10:30 AM,2,Luis,Elvin,,
149189,20,7th Floor Deans Conference Room,72 East Concord,7:00 AM,7:00 AM,8:30 AM,9:30 AM,1,Juan,No P/U,,
149218,22,106A,610 Comm Ave - Kilachand,7:45 AM,7:45 AM,8:30 AM,10:30 AM,1,Fisher,No P/U,,
147621,60,PICK UP,725 Comm Ave,0,0,8:30 AM,12:01:30 AM,1,N/A,No P/U,,
147651,15,105,44 Cummington Mall,8:00 AM,8:00 AM,8:45 AM,9:45 AM,1,Jose,No P/U,,
147630,15,In The Electrical Shop,120 Ashford St,8:00 AM,8:00 AM,8:45 AM,10:00 AM,1,Elvin,No P/U,,
147629,15,In The Electrical Shop,120 Ashford St,8:00 AM,8:00 AM,8:45 AM,10:00 AM,1,Luis,No P/U,,
147628,15,In The Electrical Shop,120 Ashford St,8:00 AM,8:00 AM,8:45 AM,10:00 AM,1,Luis,No P/U,,
148934,55,Dry Hallway next to Wet Pool Inside FitRec,915 Comm Ave,8:00 AM,8:00 AM,8:45 AM,10:00 AM,2,Jose,Jose,,
147332,15,102,24 Cummington Mall,8:15 AM,8:15 AM,9:00 AM,10:00 AM,1,Luis,No P/U,,
148780,35,410,765 Comm Ave,8:15 AM,8:15 AM,9:00 AM,10:00 AM,1,Antonio,No P/U,,
148818,30,Lowly Lounge 2nd FL,264 Bay State Rd,8:15 AM,8:15 AM,9:00 AM,10:00 AM,1,Romero,Romero,,
148270,30,Hiebert Lounge,72 E Concord St,6:30 AM,6:30 AM,9:00 AM,10:00 AM,2,Antonio,Elvin,,
149010,30,Lowly Lounge 2nd FL,264 Bay State Rd,8:15 AM,8:15 AM,9:00 AM,10:00 AM,1,Antonio,Claudia,,
148981,15,326,635 Comm Ave,8:15 AM,8:15 AM,9:00 AM,10:00 AM,1,Antonio,No P/U,,
149025,8,101,152 Bay State Rd,8:15 AM,8:15 AM,9:00 AM,10:00 AM,1,Jose,No P/U,,
146144,15,200,725 Comm Ave,8:15 AM,8:15 AM,9:00 AM,12:00 PM,1,Antonio,No P/U,,
148771,115,Barristers,765 Comm Ave,7:00 AM,8:00 AM,9:00 AM,12:00 PM,2,Antonio,Luis,,
149132,100,Community Center,745 Comm Ave,8:15 AM,8:15 AM,9:00 AM,11:00 AM,1,Antonio,Antonio,,
146145,15,200,725 Comm Ave,8:15 AM,8:15 AM,9:00 AM,12:00 PM,1,Jose,No P/U,,
149065,30,Lowly Lounge 2nd FL,264 Bay State Rd,8:15 AM,8:15 AM,9:00 AM,10:00 AM,1,Luis,Luis,,
148947,120,Lobby,2 Silber Way,8:15 AM,8:15 AM,9:00 AM,10:00 AM,1,Antonio,No P/U,,
147333,15,102,24 Cummington Mall,8:15 AM,8:15 AM,9:00 AM,10:00 AM,1,Luis,No P/U,,
149056,30,Lowly Lounge 2nd FL,264 Bay State Rd,8:15 AM,8:15 AM,9:00 AM,10:00 AM,1,Flex,Claudia,,
148995,50,1503 Faculty Lounge,765 Comm Ave,8:15 AM,8:15 AM,9:00 AM,10:30 AM,1,Luis,Luis,,
149126,15,"1st Floor, Child Care Center",32 Harry Agganis Way,8:15 AM,8:15 AM,9:00 AM,10:00 AM,1,Elvin,No P/U,,
149150,50,613A,100 Bay State Rd,8:00 AM,8:00 AM,9:00 AM,2:00 PM,1,Jose,Jose,,
147334,15,102,24 Cummington Mall,8:15 AM,8:15 AM,9:00 AM,10:00 AM,1,Juan,No P/U,,
149120,20,324,8 St. Marys,8:45 AM,8:45 AM,9:15 AM,12:00 PM,1,Elvin,No P/U,,
148964,60,B23/24,745 Comm Ave,8:30 AM,8:30 AM,9:15 AM,10:30 AM,1,Claudia,Flex,,
144380,24,PICK UP @ Einstein,725 Comm Ave,9:15 AM,9:15 AM,9:30 AM,11:00 AM,1,N/A,No P/U,,
148737,65,Terrace Lounge,775 Comm Ave,8:45 AM,8:45 AM,9:30 AM,12:30 PM,1,Antonio,Antonio,,
149072,6,3rd Floor Board Room,928 Comm Ave,8:45 AM,8:45 AM,9:30 AM,10:30 AM,1,Luis,No P/U,,
148750,24,PICK UP,775 Comm Ave,9:30 AM,9:30 AM,9:45 AM,10:00 AM,1,Claudia,No P/U,,
148749,24,PICK UP,775 Comm Ave,9:30 AM,9:30 AM,9:45 AM,10:00 AM,1,Claudia,No P/U,,
148991,15,6th Flr Conf Rm,8 St Marys,9:00 AM,9:00 AM,9:45 AM,10:45 AM,1,Luis,No P/U,,
148941,8,101,152 Bay State Rd,9:15 AM,9:15 AM,10:00 AM,11:00 AM,1,Antonio,No P/U,,
148783,225,9th Flr Alcove,8 St Marys,9:15 AM,9:15 AM,10:00 AM,10:30 AM,1,Luis,Fisher,,
143861,25,Management Office,925 Comm Ave,9:15 AM,9:15 AM,10:00 AM,12:01:30 AM,1,Jose,No P/U,,
143385,25,Admin Office,915 Comm Ave,9:15 AM,9:15 AM,10:00 AM,12:01:30 AM,1,Luis,No P/U,,
143387,25,Management Office,925 Comm,9:15 AM,9:15 AM,10:00 AM,12:01:30 AM,1,Antonio,No P/U,,
149024,8,101,152 Bay State Rd,9:15 AM,9:15 AM,10:00 AM,11:00 AM,1,Juan,No P/U,,
143869,25,Vending Services,300 Babcock St,9:15 AM,9:15 AM,10:00 AM,12:01:30 AM,1,Luis,No P/U,,
145918,12,PHO 428,8 Saint Marys,9:15 AM,9:15 AM,10:00 AM,11:00 AM,1,Elvin,No P/U,,
148759,75,Dahod Center 1st Flr,225 Bay State Rd,9:15 AM,9:15 AM,10:00 AM,12:00 PM,1,Sammy,Sammy,,
149011,100,2nd Floor Atrium,8 St. Mary's,9:15 AM,9:15 AM,10:00 AM,2:00 PM,1,Luis,Elvin,,
149128,7,1st FL (Entrance on Pleasant St),940 Comm Ave,9:15 AM,9:15 AM,10:00 AM,10:45 AM,1,Luis,No P/U,,
148242,30,105,15 St Marys,9:15 AM,9:15 AM,10:00 AM,11:00 AM,1,Luis,Luis,,
148911,50,B18,755 Comm Ave,9:15 AM,9:15 AM,10:00 AM,11:00 AM,1,Antonio,Antonio,,
149064,40,Lowly Lounge 2nd FL,264 Bay State Rd,9:15 AM,9:15 AM,10:00 AM,11:00 AM,1,Jose,Jose,,
149105,25,103,24 Cummington Mall,9:15 AM,9:15 AM,10:00 AM,11:00 AM,1,Juan,No P/U,,
149155,25,CAR Office,755 Comm Ave,9:15 AM,9:15 AM,10:00 AM,11:00 AM,1,Antonio,No P/U,,
143875,25,E&C Office,925 Comm Ave,9:15 AM,9:15 AM,10:00 AM,12:01:30 AM,1,Antonio,No P/U,,
143393,25,Housing Office,25 Buick Street,9:15 AM,9:15 AM,10:00 AM,12:01:30 AM,1,Juan,No P/U,,
143862,25,Management Office,925 Comm Ave,9:15 AM,9:15 AM,10:00 AM,12:01:30 AM,1,Elvin,No P/U,,
148989,62,414,765 Comm Ave,9:45 AM,9:45 AM,10:15 AM,1:00 PM,1,Jose,Luis,,
148908,7,B04,755 Comm Ave,10:15 AM,10:15 AM,11:00 AM,12:00 PM,1,Juan,No P/U,,
148272,25,Hiebert Lounge,72 E Concord St,10:00 AM,10:00 AM,11:00 AM,12:30 PM,1,Elvin,Antonio,,
147725,7,107,44 Cummington Mall,10:15 AM,10:15 AM,11:00 AM,12:00 PM,1,Antonio,No P/U,,
148819,6,208,264 Bay State Rd,10:15 AM,10:15 AM,11:00 AM,12:00 PM,1,Romero,No P/U,,
148907,7,B04,755 Comm Ave,10:15 AM,10:15 AM,11:00 AM,12:00 PM,1,Jose,No P/U,,
147351,10,PHO 339,8 Saint Mary's,10:15 AM,10:15 AM,11:00 AM,12:00 PM,1,Antonio,No P/U,,
148983,80,1st FL,100 East Newton St,10:15 AM,10:15 AM,11:00 AM,3:15 PM,1,Juan,Fisher,,
149013,100,Heibert Lounge - 14th Floor,72 E. Concord Street,10:15 AM,10:15 AM,11:00 AM,12:45 PM,1,Juan,No Pickup,,
139016,15,E&C Office,928 Comm Ave,10:15 AM,10:15 AM,11:00 AM,12:01:30 AM,1,Jose,No P/U,,
149131,18,346,100 Bay State Rd,10:15 AM,10:15 AM,11:00 AM,1:00 PM,1,Jose,No P/U,,
149028,20,245,110 Cummington Mall,10:15 AM,10:15 AM,11:00 AM,12:00 PM,1,Elvin,No P/U,,
148810,80,101,610 Comm Ave,10:15 AM,10:15 AM,11:00 AM,1:00 PM,1,Jose,Jose,,
148972,90,GSU Plaza,775 Comm Ave,10:15 AM,10:15 AM,11:00 AM,1:00 PM,1,Sammy,Sammy,,
148766,50,Lobby/Living Room,43 Hawes St,9:00 AM,10:00 AM,11:00 AM,2:00 PM,3,Juan,Juan,Molly,
148968,25,Common Room,91 Bay State Rd,10:15 AM,10:15 AM,11:00 AM,12:30 PM,1,Juan,Luis,,
149063,150,Sargent Office,635 Comm Ave,10:30 AM,10:30 AM,11:00 AM,12:00 PM,1,Jose,Luis,,
149152,20,101,610 Comm Ave,10:15 AM,10:15 AM,11:00 AM,12:00 PM,1,Jose,No P/U,,
149171,20,245,110 Cummington Mall,10:15 AM,10:15 AM,11:00 AM,12:00 PM,1,Luis,No P/U,,
149060,6,Hiebert Lounge,775 Comm Ave,10:30 AM,10:30 AM,11:15 AM,12:30 PM,1,Sammy,No P/U,,
149061,6,603,635 Comm Ave,10:30 AM,10:30 AM,11:15 AM,12:30 PM,1,Luis,Luis,,
149027,10,216,621 Comm Ave,10:30 AM,10:30 AM,11:15 AM,12:15 PM,1,Luis,No P/U,,
149055,8,208,264 Bay State Rd,10:45 AM,10:45 AM,11:30 AM,1:00 PM,1,Claudia,No P/U,,
146210,40,245,110 Cummington Mall,10:45 AM,10:45 AM,11:30 AM,1:30 PM,1,Jose,No P/U,,
149009,6,208,264 Bay State Rd,10:45 AM,10:45 AM,11:30 AM,1:00 PM,1,Claudia,No P/U,,
148940,14,203,154 Bay State Rd,10:45 AM,10:45 AM,11:30 AM,1:00 PM,1,Elvin,No P/U,,
149006,12,227,120 Ashford St,10:45 AM,10:45 AM,11:30 AM,1:00 PM,1,Luis,No P/U,,
149023,14,203,154 Bay State Rd,10:45 AM,10:45 AM,11:30 AM,1:00 PM,1,Juan,No P/U,,
147430,120,Lobby,15 St Marys,8:30 AM,10:00 AM,11:30 AM,1:30 PM,2,Jose,Romero,NEEDS MANAGER,
148961,15,RS 101,718 Comm Ave,10:45 AM,10:45 AM,11:30 AM,1:00 PM,1,Antonio,No P/U,,
148899,60,L-311,72 East Concord St,10:30 AM,10:30 AM,11:30 AM,1:00 PM,1,Luis,No P/U,,
149104,15,Contant Lounge - 2nd FL,264 Bay State Rd,10:45 AM,10:45 AM,11:30 AM,1:15 PM,1,Antonio,Antonio,,
149066,6,208,264 Bay State Rd,10:45 AM,10:45 AM,11:30 AM,1:00 PM,1,Luis,No P/U,,
148722,25,Terrace Lounge,775 Comm Ave,10:45 AM,10:45 AM,11:30 AM,1:00 PM,1,Sammy,Jose,,
149170,45,122,1010 Comm Ave,10:45 AM,10:45 AM,11:30 AM,2:15 PM,1,Elvin,No P/U,,
149110,30,339,8 St Marys,10:45 AM,10:45 AM,11:30 AM,12:30 PM,1,Jose,No P/U,,
149233,22,L201,72 E. Concord St,10:00 AM,10:00 AM,11:30 AM,1:00 PM,1,Juan,No P/U,,
149129,11,351,635 Comm Ave,11:00 AM,11:00 AM,11:45 AM,1:00 PM,1,Juan,No P/U,,
149026,15,Lobby,121 Bay State Rd,11:00 AM,11:00 AM,11:45 AM,1:00 PM,1,Antonio,No P/U,,
149015,1,102,125 Bay State Rc,11:15 AM,11:15 AM,12:00 PM,1:00 PM,1,Juan,No P/U,,
149071,6,PICK UP,775 Comm Ave,11:45 AM,11:45 AM,12:00 PM,12:01:30 AM,1,Claudia,No P/U,,
145944,5,324,8 St. Mary's Street,11:15 AM,11:15 AM,12:00 PM,2:00 PM,1,Juan,No P/U,,
148984,4,Dean's Office - 233,635 Comm Ave,10:00 AM,11:00 AM,12:00 PM,1:00 PM,3,Antonio,Antonio,,
148903,25,Colloquium,610 Comm Ave,10:00 AM,11:00 AM,12:00 PM,1:30 PM,2,Elvin,Antonio,,
148841,175,Small Ballroom,775 Comm Ave,10:00 AM,11:00 AM,12:00 PM,2:00 PM,2,Jose,No P/U,,
144503,15,CONF. RM 401 4th flr.,44 Cummington Mall,11:15 AM,11:15 AM,12:00 PM,2:00 PM,1,Sammy,No P/U,,
148752,12,435,2 Silber Way,11:15 AM,11:15 AM,12:00 PM,1:30 PM,1,Sammy,No P/U,,
148532,231,GSU Ballroom,775 Commonwealth Avenue,11:15 AM,11:15 AM,12:00 PM,2:00 PM,1,Sammy,Elvin,,
148784,225,East End Lounge,8 St Marys,10:00 AM,11:00 AM,12:00 PM,2:00 PM,3,Fisher,Fisher,,
148992,15,6th Flr Conf Rm,8 St Marys,11:15 AM,11:15 AM,12:00 PM,1:00 PM,1,Flex,No P/U,,
148946,30,420,1010 Comm Ave,11:15 AM,11:15 AM,12:00 PM,1:00 PM,1,Luis,Luis,,
148986,30,533C,725 Comm Ave,11:15 AM,11:15 AM,12:00 PM,1:00 PM,1,Juan,No P/U,,
144160,24,Lobby,121 Bay State Road,11:15 AM,11:15 AM,12:00 PM,1:15 PM,1,Antonio,No P/U,,
148921,50,HTC 104,808 Comm Ave,11:15 AM,11:15 AM,12:00 PM,2:00 PM,1,Sammy,No P/U,,
148906,15,1st Flr Conf Rm,67 Bay State Rd,11:00 AM,11:00 AM,12:00 PM,1:00 PM,1,Romero,No P/U,,
148916,50,B18,755 Comm Ave,11:15 AM,11:15 AM,12:00 PM,1:00 PM,1,Antonio,No P/U,,
148674,60,COM 317,640 Comm Ave,10:00 AM,11:00 AM,12:00 PM,2:00 PM,2,Elvin,Elvin,,
148770,45,Castle,225 Bay State Rd,10:00 AM,11:00 AM,12:00 PM,2:00 PM,3,Luis,Jose,,
148825,130,Large Ballroom,775 Comm Ave,10:00 AM,11:00 AM,12:00 PM,3:00 PM,2,Flex,No P/U,Conor,
144504,15,CONF. RM 401 4th flr.,44 Cummington Mall,11:15 AM,11:15 AM,12:00 PM,2:00 PM,1,Jose,No P/U,,
149134,7,227,120 Ashford St,11:15 AM,11:15 AM,12:00 PM,1:00 PM,1,Luis,No P/U,,
149135,10,2nd Flr - Front Desk,900 Comm Ave,11:15 AM,11:15 AM,12:00 PM,1:00 PM,1,Luis,No P/U,,
148812,20,2nd Flr Common Rm,808 Comm Ave,10:00 AM,11:00 AM,12:00 PM,2:00 PM,3,Elvin,Elvin,,
149083,40,Terrace Lounge,775 Comm Ave,11:15 AM,11:15 AM,12:00 PM,2:00 PM,1,Jose,Jose,,
149137,10,2nd Flr - Front Desk,900 Comm Ave,11:15 AM,11:15 AM,12:00 PM,1:00 PM,1,Antonio,No P/U,,
149149,80,L209 & 211,72 E Concord St,11:00 AM,11:00 AM,12:00 PM,1:00 PM,1,Luis,Juan,,
149136,10,2nd Flr - Front Desk,900 Comm Ave,11:15 AM,11:15 AM,12:00 PM,1:00 PM,1,Jose,No P/U,,
145945,5,324,8 St. Mary's Street,11:15 AM,11:15 AM,12:00 PM,2:00 PM,1,Sammy,No P/U,,
149094,25,6th Flr Front Desk,635 Comm Ave,11:15 AM,11:15 AM,12:00 PM,1:00 PM,1,Juan,No P/U,,
149074,6,3rd Floor Board Room,928 Comm Ave,11:15 AM,11:15 AM,12:00 PM,12:01:30 AM,1,Jose,No P/U,,
149051,10,1st Floor Lobby,665 Commonwealth Ave,11:15 AM,11:15 AM,12:00 PM,1:00 PM,1,Sammy,No P/U,,
149019,25,BUild Lab,730 Comm Ave,10:00 AM,11:00 AM,12:00 PM,2:00 PM,2,Luis,Sammy,,
148615,100,Castle,225 Bay State Rd,10:00 AM,11:00 AM,12:00 PM,2:30 PM,2,Antonio,Juan,,
148963,400,1st and 2nd Floors,665 Commonwealth Ave,9:45 AM,11:00 AM,12:00 PM,2:00 PM,3,Jose,Elvin,,
149190,20,7th Floor Deans Conference Room,100 E Newton ,11:00 AM,11:00 AM,12:00 PM,1:00 PM,1,Elvin,Elvin,,
149208,30,"Robinson-B 6th floor, 619B-REAR",72 E. Concord St.,11:00 AM,11:00 AM,12:00 PM,4:00 PM,1,Juan,No P/U,,
148760,75,Hiebert Lounge,72 E Concord St,9:30 AM,9:30 AM,12:00 PM,3:00 PM,2,Fisher,Fisher,,
149188,75,G-170,100 E Newton St,11:00 AM,11:00 AM,12:00 PM,1:00 PM,1,Juan,Elvin,,
149207,20,Lower Level Kitchen,881 Comm Ave,11:15 AM,11:15 AM,12:00 PM,1:00 PM,1,Elvin,No P/U,,
149221,11,267,930 Comm Ave,11:00 AM,11:00 AM,12:00 PM,1:30 PM,1,Fisher,No P/U,,
149138,10,2nd Flr - Front Desk,900 Comm Ave,11:15 AM,11:15 AM,12:00 PM,1:00 PM,1,Sammy,No P/U,,
149206,20,Lower Level Kitchen,881 Comm Ave,11:15 AM,11:15 AM,12:00 PM,1:00 PM,1,Juan,No P/U,,
144505,15,CONF. RM 401 4th flr.,44 Cummington Mall,11:15 AM,11:15 AM,12:00 PM,2:00 PM,1,Fisher,No P/U,,
147569,12,B02A,677 Beacon St,11:15 AM,11:15 AM,12:15 PM,1:30 PM,1,Jose,No P/U,,
148793,50,Pick Up,775 Comm Ave,12:15 PM,12:15 PM,12:30 PM,12:01:30 AM,1,Luis,No P/U,,
148910,30,253,675 Comm Ave,11:45 AM,11:45 AM,12:30 PM,1:30 PM,1,Sammy,Jose,,
149075,6,3rd Floor Board Room,928 Comm Ave,11:45 AM,11:45 AM,12:30 PM,12:01:30 AM,1,Sammy,No P/U,,
149093,18,"1st Flr, East Suite",1010 Comm Ave,11:45 AM,11:45 AM,12:30 PM,1:30 PM,1,Elvin,No P/U,,
149103,50,0,775 Comm Ave,,,12:30 PM,2:00 PM,1,Luis,No P/U,,
149053,11,Tsai - Inside Theater,685 Commonwealth Ave,12:15 PM,12:15 PM,12:45 PM,1:45 PM,1,Luis,No P/U,,
147450,15,1st Flr Conf Room,121 Bay State Rd,12:15 PM,12:15 PM,1:00 PM,2:00 PM,1,Jose,No P/U,,
148824,75,101,91 Bay State Rd,12:15 PM,12:15 PM,1:00 PM,5:00 PM,1,Antonio,No P/U,,
148699,60,906/West End Lounge,8 St Marys,12:00 PM,12:00 PM,1:00 PM,3:00 PM,1,Luis,No P/U,,
149068,28,B18,755 Comm Ave,12:15 PM,12:15 PM,1:00 PM,2:00 PM,1,Antonio,No P/U,,
148863,15,315,25 Buick St,12:15 PM,12:15 PM,1:00 PM,2:00 PM,1,Elvin,No P/U,,
149157,20,105,15 St Marys,12:15 PM,12:15 PM,1:00 PM,2:00 PM,1,Sammy,No P/U,,
148920,150,Lobby,1010 Comm Ave,12:15 PM,12:15 PM,1:00 PM,4:00 PM,1,Sammy,Juan,,
149008,1,Floors 1/2/17,665 Commonwealth Ave,1:00 PM,1:00 PM,1:00 PM,1:00 PM,1,Romero,No P/U,,
148165,20,STH 409 Library,745 Commonwealth Avenue,12:15 PM,12:15 PM,1:00 PM,2:00 PM,1,Sammy,No P/U,,
148891,24,610,635 Comm Ave,12:15 PM,12:15 PM,1:00 PM,3:00 PM,1,Antonio,No P/U,,
148988,75,101,91 Bay State Rd ,12:15 PM,12:15 PM,1:00 PM,4:00 PM,1,Jose ,Sammy ,,
149139,10,2nd Flr - Front Desk,900 Comm Ave,12:15 PM,12:15 PM,1:00 PM,2:00 PM,1,Juan,No P/U,,
149166,40,The Castle,225 Bay State Rd,12:15 PM,12:15 PM,1:00 PM,3:00 PM,0,Elvin,Elvin,,
148980,40,Sidd Lounge,285 Babcock St,12:15 PM,12:15 PM,1:00 PM,2:00 PM,1,Juan,No P/U,,
149140,10,2nd Flr - Front Desk,900 Comm Ave,12:15 PM,12:15 PM,1:00 PM,2:00 PM,1,Elvin,No P/U,,
149143,30,3rd Flr Student Study Area,775 Comm Ave,12:45 PM,12:45 AM,1:30 PM,4:00 PM,1,Romero,No P/U,,
149113,30,201,775 Comm Ave,12:45 PM,12:45 PM,1:30 PM,3:00 PM,1,Romero,No P/U,,
149101,15,DL&I Office,141 Bay State Rd,1:15 PM,1:15 PM,2:00 PM,3:00 PM,1,Sammy,No P/U,,
148644,100,Castle,225 Bay State Rd,12:00 PM,1:00 PM,2:00 PM,4:00 PM,3,Antonio,Sammy,,
149156,20,105,15 St Marys,1:15 PM,1:15 PM,2:00 PM,3:00 PM,1,Antonio,No P/U,,
149119,20,PICK UP,775 Comm Ave,,,2:00 PM,12:01:30 AM,1,Claudia,No P/U,,
148806,400,Large Ballroom,775 Comm Ave,12:00 PM,12:00 PM,2:00 PM,7:00 PM,2,Juan,No P/U,,
148850,40,150,64 Cummington,1:15 PM,1:15 PM,2:00 PM,3:00 PM,1,Jose,Elvin,,
147984,25,Mugar 1st Flr - Reserve Room,771 Comm Ave,1:15 PM,1:15 PM,2:00 PM,3:00 PM,1,Romero,Elvin,,
149739,30,Housing Office,25 Buick St.,1:15 PM,1:15 PM,2:00 PM,12:01:30 AM,1,Juan,No P/U,,
149185,15,105,15 St. Mary's,1:15 PM,1:15 PM,2:00 PM,3:00 PM,1,Elvin,No P/U,,
149191,15,Terrace Lounge,775 Comm Ave,12:00 PM,1:00 PM,2:00 PM,4:00 PM,2,Fisher,Fisher,,
148993,35,Castle,225 Bay State Rd,1:00 PM,2:00 PM,2:00 PM,6:00 PM,2,Elvin,Romero,,
145922,14,315,8 St Marys,1:15 PM,1:15 PM,2:00 PM,3:00 PM,1,Sammy,No P/U,,
149195,60,714/715,650 Albany St,12:45 PM,12:45 PM,2:00 PM,3:00 PM,1,Jose,Romero,,
149007,30,Terrace Lounge,775 Comm Ave,2:00 PM,2:00 PM,2:15 PM,12:01:30 AM,1,-,,,
148985,15,LNG101,718 Comm Ave,1:30 PM,1:30 PM,2:15 PM,3:15 PM,1,Antonio,No P/U,,
148754,12,257,635 Comm Ave,1:45 PM,1:45 PM,2:15 PM,3:30 PM,1,Sammy,No P/U,,
148852,15,407,871 Comm Ave,1:30 PM,1:30 PM,2:15 PM,3:15 PM,1,Romero,No P/U,,
149067,28,B18,755 Comm Ave,1:45 PM,1:45 PM,2:30 PM,3:30 PM,1,Sammy,No P/U,,
148990,70,MET Intl Office,1010 Comm Ave,1:45 PM,1:45 PM,2:30 PM,4:30 PM,1,Jose,Sammy,,
149154,50,CAR Office,755 Comm Ave,1:45 PM,1:45 PM,2:30 PM,3:30 PM,1,Antonio,No P/U,,
149141,20,1st Flr Conference Rm,846 Comm Ave,1:45 PM,1:45 PM,2:30 PM,3:30 PM,1,Sammy,No P/U,,
148890,2500,Ballroom,775 Commonweallth Avenue,12:00 PM,1:30 PM,2:30 PM,5:00 PM,2,Jose and Elvin,NO P/U,Amy ,
148641,60,906/West End Lounge,8 St Marys,1:45 PM,1:45 PM,2:30 PM,3:00 PM,1,Romero,Elvin,,
149109,40,7th FL Atrium,8 St. Marys,1:45 PM,1:45 PM,2:30 PM,5:00 PM,1,Antonio,No P/U,,
148365,80,Katzenberg Center,871 Comm Ave,12:30 PM,1:30 PM,2:30 PM,4:30 PM,2,Sammy,Sammy,,
148952,36,B06A,725 Comm Ave,1:45 PM,1:45 PM,2:30 PM,3:30 PM,1,Elvin,No P/U,,
149081,20,0,775 Comm Ave ,,,2:30 PM,4:30 PM,1,-,,,
149174,30,906,8 St Marys,1:45 PM,1:45 PM,2:30 PM,3:30 PM,1,Romero,Sammy,,
148788,225,9th Flr Alcove,8 St Marys,2:00 PM,2:00 PM,2:45 PM,3:15 PM,1,Fisher,Elvin,,
142855,50,203,8 St Marys,2:15 PM,2:15 PM,3:00 PM,4:00 PM,1,Jose,Romero,,
146101,40,HTC 205,808 Comm Ave,2:15 PM,2:15 PM,3:00 PM,5:00 PM,1,Antonio,Sammy,,
148577,100,906,8 St Marys,2:15 PM,2:15 PM,3:00 PM,4:00 PM,1,Elvin,Romero,,
148901,15,"113 (Bio Research Bldg, BRB-113)",5 Cummington Mall,2:15 PM,2:15 PM,3:00 PM,4:00 PM,1,Romero,No P/U,,
149048,30,G-170,100 E Newton St,2:00 PM,2:00 PM,3:00 PM,4:00 PM,1,Romero,No P/U,,
148302,75,Lobby,2 Silber Way,2:15 PM,2:15 PM,3:00 PM,5:00 PM,1,Fisher,No P/U,,
145672,15,804E,765 Comm Ave,2:15 PM,2:15 PM,3:00 PM,4:00 PM,1,Flex,No P/U,,
148301,75,Lobby,2 Silber Way,2:15 PM,2:15 PM,3:00 PM,5:00 PM,1,Juan,No P/U,,
148266,400,Atrium,765 Comm Ave,1:00 PM,2:00 PM,3:00 PM,5:00 PM,2,Antonio,Sammy,,
149017,30,611,745 Comm Ave,2:15 PM,2:15 PM,3:00 PM,5:00 PM,1,Jordan,Juan,,
148938,35,1st FL Lobby,236 Bay State Rd,2:15 PM,2:15 PM,3:00 PM,6:00 PM,1,Elvin,No P/U,,
146102,40,HTC 205,808 Comm Ave,2:15 PM,2:15 PM,3:00 PM,5:00 PM,1,Romero,Sammy,,
149220,12,BUild Lab,730 Comm Ave,2:15 PM,2:15 PM,3:00 PM,4:00 PM,1,Romero,No P/U,,
148757,150,Lobby,610 Comm Ave,1:00 PM,2:00 PM,3:00 PM,5:00 PM,2,Fisher,Fisher,,
149181,24,Newbury Center B18,755 Comm Ave,2:15 PM,2:15 PM,3:00 PM,4:00 PM,1,Romero,No P/U,,
149153,20,113,5 Cummington Mall,2:15 PM,2:15 PM,3:00 PM,4:00 PM,1,Romero,No P/U,,
148253,100,Booth Lobby,820 Comm,1:00 PM,2:00 PM,3:00 PM,5:30 PM,2,Jose,Romero,,
148887,100,25 Lenox St,25 Lenox,12:45 PM,2:00 PM,3:00 PM,5:00 PM,3,Sammy,Sammy,Jen ,
148927,40,Lobby,2 Silber Way,2:30 PM,2:30 PM,3:15 PM,4:15 PM,1,Romero,Romero,,
148813,60,201,775 Comm Ave,2:45 PM,2:45 PM,3:30 PM,4:30 PM,1,Jordan,No P/U,,
148382,75,1st floor Gilbane Lounge,871 Comm Ave,2:15 PM,2:15 PM,3:30 PM,5:00 PM,1,Elvin,Sammy,,
148967,30,346,100 Bay State Rd,2:45 PM,2:45 PM,3:30 PM,4:30 PM,1,Jose,Elvin,,
148807,325,906,8 St Marys,1:30 PM,2:30 PM,3:30 PM,5:30 PM,2,Sammy,Romero,,
149073,30,17th floor,665 Commonwealth Ave,3:30 PM,3:30 PM,3:30 PM,3:30 PM,1,Antonio,No P/U,,
148831,50,Lobby,610 Comm Ave,1:30 PM,2:30 PM,3:30 PM,6:30 PM,2,Jose,Antonio,,
149144,25,5th FL Charles River Room,765 Comm,2:45 PM,2:45 PM,3:30 PM,5:00 PM,1,Romero,No P/U,,
148586,100,COM 107 Student Lounge,640 Comm Ave,1:30 PM,2:30 PM,3:30 PM,5:00 PM,1,Elvin,Antonio,,
149231,16,Terrace Lounge,775 Comm Ave,2:45 PM,2:45 PM,3:30 PM,5:00 PM,1,Fisher,Fisher,,
144542,30,COM Student Lounge,640 Comm Ave,3:00 PM,3:00 PM,3:45 PM,5:00 PM,1,Fisher,Sammy,,
148359,100,Lobby,610 Comm Ave,2:00 PM,3:00 PM,4:00 PM,6:00 PM,2,Romero,Romero,NEEDS MANAGER,
149021,50,Bay State Rm,121 Bay State Rd,2:00 PM,3:00 PM,4:00 PM,6:30 PM,3,Jose,Jordan,,
148965,140,Living Room/Foyer,43 Hawes,2:00 PM,3:00 PM,4:00 PM,6:00 PM,2,Elvin,Romero,,
148804,30,325,745 Comm Ave,3:15 PM,3:15 PM,4:00 PM,5:00 PM,1,Fisher,No P/U,,
148849,20,1st Flr Conf Rm,53 Bay State Rd,3:15 PM,3:15 PM,4:00 PM,5:30 PM,1,Jordan,No P/U,,
148624,250,Hiebert Lounge,72 E Concord St,1:30 PM,2:30 PM,4:00 PM,7:00 PM,3,Juan,Romero,,
148909,15,220,635 Comm Ave,3:15 PM,3:15 PM,4:00 PM,5:00 PM,1,Fisher,No P/U,,
148789,100,7th Flr Atrium,8 St Marys,2:00 PM,3:00 PM,4:00 PM,5:30 PM,2,Jordan,Jordan,,
148942,125,The Castle,225 Bay State Rd,2:00 PM,3:00 PM,4:00 PM,6:00 PM,2,Fisher,Fisher,,
148235,30,The Gathering Place,808 Comm Ave,3:15 PM,3:15 PM,4:00 PM,5:00 PM,1,Antonio,No P/U,,
148935,50,259,855 Comm Ave,3:15 PM,3:15 PM,4:00 PM,6:00 PM,1,Jose,Romero,,
149047,35,The Alley,775 Comm Ave,3:15 PM,3:15 PM,4:00 PM,5:00 PM,1,Juan,No P/U,,
149084,60,223/224/297,43 Hawes St,2:00 PM,3:00 PM,4:00 PM,6:00 PM,2,Romero,Romero,,
145684,20,6th Flr,8 St Marys,2:00 PM,3:00 PM,4:00 PM,6:00 PM,1,Sammy,Fisher,,
149052,4,Tsai - Inside Theater,685 Commonwealth Ave,3:15 PM,3:15 PM,4:00 PM,5:00 PM,1,Jose,No P/U,,
148755,15,351,635 Comm Ave,3:15 PM,3:15 PM,4:00 PM,5:00 PM,1,Romero,No P/U,,
148979,100,101,91 Bay State Rd,3:15 PM,3:15 PM,4:00 PM,7:00 PM,1,Jordan,Jordan,,
149054,5,Chapel Balcony,735 Commonwealth Ave,3:15 PM,3:15 PM,4:00 PM,5:00 PM,1,Elvin,No P/U,,
149835,40,GSU Conference Auditorium Foyer/Lobby,775 Comm Ave,3:15 PM,3:15 PM,4:00 PM,5:00 PM,1,Sammy,Sammy,,
149148,50,Lobby,610 Comm Ave,2:00 PM,3:00 PM,4:00 PM,6:00 PM,2,Fisher,Fisher,,
149209,1,Dance Studio,915 Comm Ave,2:00 PM,0,4:00 PM,5:30 PM,1,Sammy,No P/U,,
148861,170,Dance Studio,915 Comm Ave,2:00 PM,3:00 PM,4:00 PM,5:30 PM,2,Romero,Romero,,
148923,175,Tsai Lobby,685 Commonwealth Ave,3:30 PM,3:30 PM,4:15 PM,5:00 PM,1,Fisher,Fisher,,
149130,25,Build Lab,730 Comm Ave,3:45 PM,3:45 PM,4:30 PM,5:30 PM,1,Romero,No P/U,,
148405,200,INS 405,72 E Concord St,2:00 PM,3:00 PM,4:30 PM,6:30 PM,2,Sammy,Romero,,
148953,600,1st and 2nd Floors,665 Commonwealth Ave,2:00 PM,3:30 PM,4:30 PM,6:00 PM,3,Antonio,Jordan,Christine + Needs,
147847,125,Hiebert Lounge,72 E Concord St,2:00 PM,3:00 PM,4:30 PM,8:30 PM,2,Juan,Jordan,NEEDS MANAGER,
149146,50,Bay State Rm,121 Bay State Rd,2:30 PM,3:30 PM,4:30 PM,6:30 PM,3,Juan,Romero,,
148957,30,Sloane House,135 Ivy st,3:00 PM,3:00 PM,4:30 PM,7:00 PM,3,Fisher,Fisher,Kerry,
148542,150,L405,72 E. Concord St,3:30 PM,3:30 PM,4:45 PM,6:30 PM,2,Sammy,Jordan,,
147683,100,211,8 St Marys,4:00 PM,4:00 PM,4:45 PM,5:45 PM,1,Antonio,Sammy,,
148151,60,2nd Flr,670 Albany St,2:30 PM,2:30 PM,5:00 PM,7:00 PM,2,Sammy,Romero,,
148497,100,7th Flr Atrium,8 St Marys,3:00 PM,4:00 PM,5:00 PM,6:00 PM,3,Romero,Romero,,
148843,15,B18,755 Comm Ave,4:15 PM,4:15 PM,5:00 PM,6:00 PM,1,Romero,No P/U,,
148905,15,IOC Office,75 Bay State Rd,4:15 PM,4:15 PM,5:00 PM,6:00 PM,1,Jordan,No P/U,,
148954,100,The Castle,225 Bay State Rd,3:00 PM,4:00 PM,5:00 PM,9:00 PM,2,Juan,Fisher,,
148945,60,Lobby,121 Bay State Rd,3:00 PM,4:00 PM,5:00 PM,7:00 PM,2,Romero,Fisher,,
148926,30,Conf Aud,775 Comm Ave,4:15 PM,4:15 PM,5:00 PM,6:30 PM,1,Fisher,Fisher,,
148917,35,B23/24,745 Comm Ave,4:15 PM,4:15 PM,5:00 PM,6:30 PM,1,Elvin,Jordan,,
148978,75,GSU,775 Comm Ave,4:15 PM,4:15 PM,5:00 PM,9:00 PM,1,Fisher,Jordan,,
148434,22,423,2 Silber Way,3:00 PM,4:00 PM,5:00 PM,6:30 PM,2,Juan,Fisher,,
148930,100,Catering Office - Basement PICK UP,775 Comm Ave,4:15 PM,4:15 PM,5:00 PM,8:00 PM,1,Elvin,No P/U,,
148808,40,COM 209,640 Comm Ave,3:00 PM,3:00 PM,5:00 PM,7:00 PM,1,Antonio,Romero,,
148269,135,906,8 St Marys,3:00 PM,4:00 PM,5:00 PM,8:00 PM,3,Elvin,Romero,,
148643,60,906/West End Lounge,8 St Marys,3:00 PM,4:00 PM,5:00 PM,6:30 PM,2,Elvin,Jordan,,
149145,65,Terrace Lounge,775 Comm Ave,3:00 PM,4:00 PM,5:00 PM,7:00 PM,3,Sammy,No P/U,,
149106,80,The Castle,225 Bay State Rd,3:00 PM,4:00 PM,5:00 PM,10:00 PM,2,Fisher,Jordan,,
149020,100,906,8 St Marys,3:00 PM,4:00 PM,5:00 PM,7:00 PM,2,Sammy,Antonio,,
149050,45,Riverside Rm,121 Bay State Rd,4:15 PM,4:15 PM,5:00 PM,6:00 PM,1,Flex,No P/U,,
149085,60,Claflin Hall Basement,273 Babcock St,4:15 PM,4:15 PM,5:00 PM,7:00 PM,1,Jordan,No P/U,,
149107,100,Castle,225 Bay State Rd,3:00 PM,4:00 PM,5:00 PM,9:00 PM,3,Jordan,Jordan,,
149069,30,277 Cinema Room,277 Babcock St,4:15 PM,4:15 PM,5:00 PM,8:00 PM,1,Romero,No P/U,,
149102,70,0,775 Comm Ave,,,5:00 PM,7:00 PM,1,Romero,No P/U,,
149158,65,906,8 St Marys,3:00 PM,4:00 PM,5:00 PM,7:00 PM,3,Jordan,Fisher,,
149192,25,Children's Center,10 Lenox St,4:45 PM,4:45 PM,5:30 PM,7:00 PM,1,Fisher,Fisher,,
149095,35,Lobby,53 Bay State Rd,4:45 PM,4:45 PM,5:30 PM,6:30 PM,1,Antonio,Jordan,,
148987,20,Seminar Rm,91 Bay State Rd,4:45 PM,4:45 PM,5:30 PM,6:30 PM,1,Romero,No P/U,,
149005,25,1304C,765 Comm Ave,3:30 PM,4:30 PM,5:30 PM,7:30 PM,2,Sammy,Fisher,,
148851,40,150,64 Cummington,3:30 PM,3:30 PM,5:30 PM,7:30 PM,2,Juan,Jordan,,
148821,53,TBD,808 Comm Ave,3:30 PM,4:30 PM,5:30 PM,7:00 PM,2,Jordan,Romero,,
148845,80,Ladd Room/Rotunda,43 Hawes,3:30 PM,4:30 PM,5:30 PM,8:30 PM,2,Sammy,Jordan,,
148697,50,Terrace Lounge,775 Comm Ave,4:45 PM,4:45 PM,5:30 PM,7:30 PM,1,Romero,Antonio,,
148795,35,Dean's House,"80 Nardelle Rd, Newton, MA",3:00 PM,4:00 PM,5:30 PM,7:30 PM,3,Jordan,Jordan,Conor,
148805,125,Castle,225 Bay State Rd,4:00 PM,5:00 PM,6:00 PM,8:00 PM,2,Jose,Romero,,
148811,50,Barristers,765 Comm Ave,4:00 PM,5:00 PM,6:00 PM,8:00 PM,2,Romero,Fisher,,
148836,100,0,890 Comm Ave,5:00 PM,5:00 PM,6:00 PM,8:00 PM,1,Jordan,Fisher,,
148835,100,0,890 Comm Ave,5:00 PM,5:00 PM,6:00 PM,8:00 PM,1,Jordan,Fisher,,
148860,30,Sloane House,135 Ivy Street,3:45 PM,5:00 PM,6:00 PM,9:00 PM,3,Fisher,Jordan,Christine,
148374,500,Case Gym,285 Babcock St,5:15 PM,5:15 PM,6:00 PM,7:00 PM,1,Sammy,No P/U,,
148419,100,0,890 Comm Ave,5:00 PM,5:00 PM,6:00 PM,8:00 PM,1,Fisher,No P/U,,
148834,50,BUild Lab,730 Comm Ave,5:15 PM,5:15 PM,6:00 PM,9:00 PM,1,Fisher,Fisher,,
148846,70,906,8 St Marys,4:00 PM,5:00 PM,6:00 PM,8:00 PM,2,Fisher,Fisher,,
148734,92,"Lobby, Second Floor Lounge, Dining Hall",213 Bay State Road,4:00 PM,5:00 PM,6:00 PM,10:00 PM,3,Sammy,Jordan,Lynn/Christine ,
148792,90,Living Room/Foyer,43 Hawes,4:00 PM,5:00 PM,6:00 PM,9:00 PM,2,Jordan,Jordan,,
149086,100,Multi-Purpose Room,700 Comm Ave,5:15 PM,5:15 PM,6:00 PM,8:00 PM,1,Jordan,Jordan,,
148996,75,Living Room/Foyer,43 Hawes,4:00 PM,5:00 PM,6:00 PM,8:00 PM,3,Juan,Antonio,,
149014,59,L401/403,72 E Concord St,3:30 PM,4:30 PM,6:00 PM,7:00 PM,2,Romero,Romero,,
148862,130,17th floor,665 Commonwealth Ave,2:30 PM,3:30 PM,6:00 PM,9:00 PM,3,Antonio,Jordan,Christine + Needs,
148814,12,245,110 Cummington Mall,5:15 PM,5:15 PM,6:00 PM,7:00 PM,1,Romero,No P/U,,
148948,35,Castle,225 Bay State Rd,4:00 PM,5:00 PM,6:00 PM,7:30 PM,3,Jordan,Jordan,,
148971,30,PICK UP,775 Comm Ave,5:45 PM,5:45 PM,6:00 PM,12:01:30 AM,1,Romero,No P/U,,
148830,50,The Castle,225 Bay State Rd,4:00 PM,5:00 PM,6:00 PM,10:00 PM,2,Romero,Jordan,,
148839,100,0,890 Comm Ave,5:00 PM,5:00 PM,6:00 PM,8:00 PM,1,Jordan,No P/U,,
148406,140,Castle,225 Bay State Rd,4:00 PM,5:00 PM,6:00 PM,10:00 PM,2,Jordan,Jordan,Lynn,
148838,100,0,890 Comm Ave,5:00 PM,5:00 PM,6:00 PM,8:00 PM,1,Jordan,No P/U,,
148837,100,0,890 Comm Ave,5:00 PM,5:00 PM,6:00 PM,8:00 PM,1,Romero,No P/U,,
149198,48,The Living Room,43 Hawes St,4:00 PM,5:00 PM,6:00 PM,10:00 PM,3,Jordan,Jordan,Molly ,
148888,90,Sloane House,135 Ivy Street,3:30 PM,3:15 PM,6:00 PM,8:00 PM,3,Romero,Romero,Kerry,
149151,6,PICK UP,775 Comm Ave,6:00 PM,0,6:15 PM,12:01:30 AM,1,Jordan,No P/U,,
148936,80,BackCourt,775 Comm Ave,4:30 PM,5:30 PM,6:30 PM,9:30 PM,2,Sammy,No P/U,Molly,
148548,100,Castle,225 Bay State Rd,4:30 PM,5:30 PM,6:30 PM,8:30 PM,2,Fisher,Fisher,,
148554,60,Booth Lobby,820 Comm Ave,4:30 PM,5:30 PM,6:30 PM,7:30 PM,2,Jordan,Romero,,
149018,25,Basement,625 Comm Ave,6:15 PM,6:15 PM,7:00 PM,8:30 PM,1,Fisher,No P/U,,
149045,100,Castle,225 Bay State Rd,6:15 PM,6:15 PM,7:00 PM,12:01:30 AM,1,Romero,No P/U,,
148573,35,Terrace Lounge,775 Comm Ave,5:00 PM,6:00 PM,7:00 PM,9:00 PM,2,Jordan,No P/U,,
148617,100,BackCourt,775 Comm Ave,5:00 PM,6:00 PM,7:00 PM,11:00 PM,2,Jordan,Jordan,Molly,
148975,100,Rich Hall - Cinema Room,277 Babcock St,6:15 PM,6:15 PM,7:00 PM,9:00 PM,1,Fisher,No P/U,,
148932,40,102,855 Comm Ave,6:15 PM,6:15 PM,7:00 PM,9:00 PM,1,Jordan,No P/U,,
148970,450,Event Space,808 Comm Ave,6:15 PM,6:15 PM,7:00 PM,10:00 PM,1,Jordan,Jordan,,
148338,125,906,8 St Marys,6:00 PM,6:00 PM,7:00 PM,12:30 AM,1,Romero,Jordan,,
148892,150,Lobby,820 Comm Ave,5:00 PM,6:00 PM,7:00 PM,10:30 PM,2,Romero,Romero,Nate ,
148969,48,Castle,225 Bay State Rd,5:00 PM,6:00 PM,7:00 PM,10:00 PM,3,Jordan,Jordan,NEEDS MANAGER,
148966,300,Large Ballroom,775 Comm Ave,5:30 PM,6:30 PM,7:30 PM,10:00 PM,2,Fisher,No P/U,Molly,
148924,25,Castle,225 Bay State Rd,6:30 PM,7:30 PM,8:30 PM,10:00 PM,2,Jordan,Jordan,,
148490,150,PICK UP,775 Comm Ave,8:15 PM,8:15 PM,8:30 PM,12:01:30 AM,1,Jordan,No P/U,,
Grand Totals,,,,,,,,,,,,
,,,,,,,,,,,,
Event ID,Guest Count,,,,,,,,,,,
358,"23,739.00",,,,,,,,,,,
