Daily Run Sheet - GSU  -  6/1/2022 to 6/30/2022,,,,,,,,,,,,
Event ID,Guest Count,Building Room,Street Address,SuppliesTime,Food Time,Event Start Time,End Time,Tier,Drop Steward,Pick Up Steward,Event Manager,Select
142312,105,G13,10 Buick St,5:30 AM,5:30 AM,6:30 AM,7:30 AM,2,Luis,Luis,Needs manager,
142624,1,Lobby,610 Comm Ave,6:30 AM,0,6:30 AM,6:30 AM,1,Luis,No P/U,,
142462,207,Buick St. Market place - seating area,10 Buick St,5:30 AM,5:30 AM,6:30 AM,8:00 AM,2,Luis,Luis,Edwidge ,
142473,207,Buick St. Market place - seating area,10 Buick St,5:30 AM,5:30 AM,6:30 AM,8:00 AM,2,Luis,Luis,Edwidge ,
142463,207,Buick St. Market place - seating area,10 Buick St,5:30 AM,5:30 AM,6:30 AM,8:00 AM,2,Luis,Jamal,Edwidge ,
142464,207,Buick St. Market place - seating area,10 Buick St,5:30 AM,5:30 AM,6:30 AM,8:00 AM,2,Luis,Luis,Edwidge ,
142465,207,G13,10 Buick St,5:30 AM,5:30 AM,6:30 AM,8:00 AM,2,Luis,Luis,Edwidge ,
142474,207,G13,10 Buick St,5:30 AM,5:30 AM,6:30 AM,8:00 AM,2,Luis,Sammy,Edwidge ,
142466,207,G13,10 Buick St,5:30 AM,5:30 AM,6:30 AM,8:00 AM,2,Luis,Luis,Edwidge ,
142475,207,G13,10 Buick St,5:30 AM,5:30 AM,6:30 AM,8:00 AM,2,Luis,Romero,Edwidge ,
142467,207,G13,10 Buick St,5:30 AM,5:30 AM,6:30 AM,8:00 AM,2,Luis,Luis,Edwidge,
142738,235,Ziskind,775 Comm Ave,5:00 AM,5:45 AM,6:30 AM,7:30 AM,2,Antonio,No P/U,Jen ,
142742,250,Ziskind,775 Comm Ave,5:00 AM,5:45 AM,6:30 AM,8:00 AM,2,Antonio,No P/U,Jen ,
142468,120,G13,10 Buick St,5:30 AM,5:30 AM,6:30 AM,8:00 AM,2,Luis,Sammy,Edwidge ,
142752,235,Ziskind,775 Comm Ave,5:00 AM,5:45 AM,6:30 AM,8:30 AM,2,Antonio,No P/U,needs manager,
142477,120,G13,10 Buick St,5:30 AM,5:30 AM,6:30 AM,8:00 AM,2,Luis,Antonio,Edwidge ,
142469,120,G13,10 Buick St,5:30 AM,5:30 AM,6:30 AM,8:00 AM,2,Luis,Luis,Needs manager,
142476,120,G13,10 Buick St,5:30 AM,5:30 AM,6:30 AM,8:00 AM,2,Luis,Luis,Edwidge ,
142470,105,G13,10 Buick St,5:30 AM,5:30 AM,6:30 AM,8:00 AM,2,Luis,Antonio,Needs manager,
142892,20,GSU Alley,775 COmm Ave,6:15 AM,6:15 AM,7:00 AM,8:30 AM,1,Romero,No P/U,,
142696,1,Various,775 Comm Ave,0,0,7:00 AM,12:01:30 AM,0,Antonio,No P/U,,
143017,30,Marciano,100 BSR,7:00 AM,7:00 AM,7:00 AM,12:01:30 AM,1,n/a ,No P/U,,
143018,30,Marciano,100 BSR,7:00 AM,7:00 AM,7:00 AM,12:01:30 AM,1,n/a ,No P/U,,
142697,1,Various,775 Comm Ave,0,0,7:00 AM,12:01:30 AM,0,Luis,No P/U,,
143019,30,Marciano,100 BSR,7:00 AM,7:00 AM,7:00 AM,12:01:30 AM,1,n/a ,No P/U,,
142805,24,GSU Alley,775 COmm Ave,6:15 AM,6:15 AM,7:00 AM,8:30 AM,1,Luis,No P/U,,
142695,1,Various,775 Comm Ave,0,0,7:00 AM,12:01:30 AM,0,Jamal,No P/U,,
142683,80,Alley -Basement,775 Comm Ave,5:30 AM,6:00 AM,7:00 AM,8:30 AM,2,Jamal,No P/U,Mia ,
142655,1,Various,775 Comm Ave,0,0,7:00 AM,12:01:30 AM,0,Jamal,No P/U,,
142559,80,Alley -Basement,775 Comm Ave,5:30 AM,6:00 AM,7:00 AM,8:30 AM,2,Antonio ,No P/U,Mia ,
142998,79,1st floor common Room- left side upon entering,575 Comm Ave,6:30 AM,6:30 AM,7:15 AM,12:01:30 AM,1,Jamal,No P/U,,
142703,600,West Campus Dining Hall,West Campus,6:00 AM,6:45 AM,7:30 AM,8:30 AM,2,Antonio,Romero,Mia ,
142684,80,Alley -Basement,775 Comm Ave,5:30 AM,6:00 AM,7:30 AM,8:30 AM,2,Antonio,No P/U,Mia ,
142934,250,Suite 6-158,635 Albany Street,6:30 AM,6:30 AM,7:30 AM,9:30 AM,1,Jamal,Jamal,,
143026,262,CCSR Lobby,CCSR,6:45 AM,6:45 AM,7:30 AM,12:01:30 AM,1,Romero,No P/U,,
143008,262,CCSR Lobby,CCSR,6:45 AM,6:45 AM,7:30 AM,12:01:30 AM,1,Luis,No P/U,,
142685,80,Alley -Basement,775 Comm Ave,6:15 AM,7:00 AM,7:30 AM,9:00 AM,2,Luis,No P/U,Mia ,
142494,40,Barristers,765 Comm Ave,6:45 AM,6:45 AM,7:30 AM,9:30 AM,1,Luis,Jamal,,
142500,40,Barristers,765 Comm Ave,6:45 AM,6:45 AM,7:30 AM,9:30 AM,1,Luis,Luis,,
142568,600,West Campus Dining Hall,West Campus,6:00 AM,6:45 AM,7:30 AM,8:30 AM,2,Luis,Jamal,Mia ,
142803,60,4th floor office,775 Comm Ave,6:45 AM,6:45 AM,7:30 AM,12:01:30 AM,0,Luis,,,
142348,56,906,8 St Marys,6:45 AM,6:45 AM,7:30 AM,8:00 AM,1,Luis,Sammy,,
142354,56,906,8 St Marys,6:45 AM,6:45 AM,7:30 AM,8:30 AM,1,Luis,Romero,,
142358,40,906,8 St Marys,6:45 AM,6:45 AM,7:30 AM,8:30 AM,1,Jamal,Sammy,,
142701,820,West Campus Dining Hall,West Campus,6:00 AM,6:45 AM,7:30 AM,8:30 AM,2,Romero,Romero,Mia ,
142636,10,257,635 Comm Ave,7:00 AM,7:00 AM,7:45 AM,8:45 AM,1,Antonio,No P/U,,
142600,25,5th Floor,232 Bay State Rd,7:00 AM,7:00 AM,7:45 AM,9:45 AM,1,Juan,Juan,,
142599,25,5th Floor,232 Bay State Rd,7:00 AM,7:00 AM,7:45 AM,9:45 AM,1,Juan,Juan,,
142630,10,257,635 Comm Ave,7:00 AM,7:00 AM,7:45 AM,8:45 AM,1,Antonio,No P/U,,
142383,64,Lobby,610 Comm Ave,7:15 AM,7:15 AM,8:00 AM,10:00 AM,1,Jose,Jamal,,
142394,74,Lobby,610 Comm Ave,7:15 AM,7:15 AM,8:00 AM,10:00 AM,1,Sammy,Luis,,
142382,74,Lobby,610 Comm Ave,7:15 AM,7:15 AM,8:00 AM,10:00 AM,1,Luis,Jordan,,
142378,74,Lobby,610 Comm Ave,7:15 AM,7:15 AM,8:00 AM,10:00 AM,1,Antonio,Antonio,,
142638,600,GSU Link,775 Comm Ave,7:15 AM,7:15 AM,8:00 AM,12:30 PM,1,Jamal,Luis,,
142384,64,Lobby,610 Comm Ave,7:15 AM,7:15 AM,8:00 AM,10:00 AM,1,Luis,Sammy,,
142698,600,GSU Link,775 Comm Ave,7:15 AM,7:15 AM,8:00 AM,12:30 PM,1,Romero and Sammy,Romero,,
142819,20,101,100 BSR,7:15 AM,7:15 AM,8:00 AM,12:30 PM,1,Jamal,Luis,,
143004,262,CCSR Lobby,CCSR,7:15 AM,7:15 AM,8:00 AM,12:01:30 AM,1,Jose,No P/U,,
142700,600,GSU Link,775 Comm Ave,7:15 AM,7:15 AM,8:00 AM,12:30 PM,1,Antonio,Sammy,,
142702,350,West Campus Dining Hall,West Campus,6:30 AM,7:00 AM,8:00 AM,9:30 AM,2,Luis,Luis,Mia ,
143089,200,GSU link - By Stairwell behind couches,775 COmm Ave,7:15 AM,7:15 AM,8:00 AM,1:00 PM,1,Jamal,Jamal,,
143081,20,GSU Alley,775 COmm Ave,7:15 AM,7:15 AM,8:00 AM,9:30 AM,1,Romero,No P/U,,
142699,600,GSU Link,775 Comm Ave,7:15 AM,7:15 AM,8:00 AM,12:30 PM,1,Romero,Romero,,
142515,30,130F,685 Comm Ave,7:15 AM,7:15 AM,8:00 AM,9:00 AM,1,Jose,Romero,,
142508,30,130F,685 Comm Ave,7:15 AM,7:15 AM,8:00 AM,9:00 AM,1,Luis,Jamal,,
143001,140,CCSR Lobby,CCSR,7:15 AM,7:15 AM,8:00 AM,12:01:30 AM,1,Romero,No P/U,,
143015,35,101,610 Comm Ave,7:30 AM,7:30 AM,8:15 AM,11:45 AM,1,Jose and Juan,Jose,,
142951,15,Room 525 - Law School,765 Commonwealth Ave,6:30 AM,7:30 AM,8:15 AM,9:30 AM,0,Jose and Juan,Jose,Molly,
142949,20,Room 525 - Law School,765 Commonwealth Ave,6:30 AM,7:30 AM,8:15 AM,9:30 AM,0,Luis,No P/U,Need Manager,
142865,100,Barristers Hall - Law School,765 Commonwealth Ave,6:30 AM,7:30 AM,8:15 AM,9:30 AM,0,Antonio,Luis,Molly,
143075,35,106A,610 Comm Ave,7:30 AM,7:30 AM,8:15 AM,11:45 AM,1,Antonio,,,
142866,90,Barristers Hall - Law School,765 Commonwealth Ave,6:30 AM,7:30 AM,8:15 AM,9:30 AM,0,Jose and Juan,Jose,Molly,
142843,40,Barristers Hall - Law School,765 Commonwealth Ave,6:30 AM,7:30 AM,8:15 AM,9:30 AM,0,Luis,No P/U,Need Manager,
142704,600,Stone Lobby,775 Comm Ave,7:15 AM,7:15 AM,8:15 AM,10:30 AM,1,Romero and Sammy,Romero,,
142566,600,Stone Lobby,775 Comm Ave,7:15 AM,7:15 AM,8:15 AM,10:30 AM,1,Jamal,Antonio,,
142197,25,18th flr,10 Buick St,7:45 AM,7:45 AM,8:30 AM,9:00 AM,1,Sammy,Luis,,
142723,20,outside 545,100 BSR,7:45 AM,7:45 AM,8:30 AM,12:30 PM,1,Luis,Luis,,
142201,25,18th flr,10 Buick St,7:45 AM,7:45 AM,8:30 AM,9:00 AM,1,Jamal,Luis,,
142130,24,Music Room-1st Floor,225 Bay State,7:45 AM,7:45 AM,8:30 AM,9:00 AM,1,Antonio,Antonio,,
142369,25,906,8 St Marys,7:45 AM,7:45 AM,8:30 AM,9:15 AM,1,Luis,No P/U,,
142837,185,906,8 Saint Marys,7:45 AM,7:45 AM,8:30 AM,10:00 AM,1,Romero,Romero,,
142864,40,Barristers Hall - Law School,765 Commonwealth Ave,6:30 AM,7:30 AM,8:30 AM,9:30 AM,0,Luis,Romero,,
142844,185,906,8 Saint Marys,7:45 AM,7:45 AM,8:30 AM,10:00 AM,1,Luis,Sammy,,
142867,35,Barristers Hall - Law School,765 Commonwealth Ave,6:30 AM,7:30 AM,8:30 AM,9:30 AM,0,Luis,Antonio,,
142061,50,LSE 103,24 Cummington Ave,8:00 AM,8:00 AM,8:45 AM,11:00 AM,1,Sammy,Luis,,
142661,100,Stone Lobby,775 Comm Ave,8:00 AM,8:00 AM,8:45 AM,11:30 AM,1,Jordan,Luis,,
142546,32,4th Floor Lobby,213 Bay State Road,8:30 AM,8:30 AM,9:00 AM,12:01:30 AM,1,Jose,Antonio,,
142544,36,4th Floor Lobby,213 Bay State Road,8:30 AM,8:30 AM,9:00 AM,12:01:30 AM,1,Luis,Luis,,
142212,60,5th Floor-Charles River Room,765 Comm Ave,8:15 AM,8:15 AM,9:00 AM,10:00 AM,1,Jose,Jose,,
142646,120,Lobby,10 Buick St.,8:15 AM,8:15 AM,9:00 AM,10:15 AM,1,Antonio ,No P/U,,
142308,120,Lobby,10 Buick St.,8:15 AM,8:15 AM,9:00 AM,10:15 AM,1,Jose,No P/U,,
142545,120,Lobby,10 Buick St.,8:15 AM,8:15 AM,9:00 AM,10:15 AM,1,Jose,No P/U,,
142722,300,GSU link - By Stairwell behind couches,775 COmm Ave,8:15 AM,8:15 AM,9:00 AM,1:00 PM,1,Romero,Luis,,
143068,20,B12,705 Comm Ave,8:15 AM,8:15 AM,9:00 AM,10:00 AM,1,Jose,No P/U,,
143070,20,B12,705 Comm Ave,8:15 AM,8:15 AM,9:00 AM,10:00 AM,1,Antonio,No P/U,,
143025,20,B12,705 Comm Ave,8:15 AM,8:15 AM,9:00 AM,10:00 AM,1,Luis,No P/U,,
142900,170,Towers Lawn,140 Bay State Rd,7:00 AM,8:00 AM,9:00 AM,11:00 AM,2,Antonio,Sammy,Molly ,
143220,120,Lobby,10 Buick St.,8:15 AM,8:15 AM,9:00 AM,10:15 AM,1,Antonio ,No P/U,,
142769,14,215,44 Cummington,8:15 AM,8:15 AM,9:00 AM,10:00 AM,1,Jose,No P/U,,
143022,120,Lobby,10 Buick St.,8:15 AM,8:15 AM,9:00 AM,10:15 AM,1,Antonio ,No P/U,,
143049,120,Lobby,10 Buick St.,8:15 AM,8:15 AM,9:00 AM,10:15 AM,1,Antonio ,No P/U,,
142890,300,GSU link - By Stairwell behind couches,775 COmm Ave,8:15 AM,8:15 AM,9:00 AM,1:00 PM,1,Jamal,Sammy,,
142970,120,Lobby,10 Buick St.,8:15 AM,8:15 AM,9:00 AM,10:15 AM,1,Antonio ,No P/U,,
142971,120,Lobby,10 Buick St.,8:15 AM,8:15 AM,9:00 AM,10:15 AM,1,Antonio ,No P/U,,
142870,207,102 AND 103,765 Comm Ave,8:30 AM,8:30 AM,9:15 AM,12:01:30 AM,1,Luis,Sammy,,
142869,207,102 AND 103,765 Comm Ave,8:30 AM,8:30 AM,9:15 AM,12:01:30 AM,1,Luis,Jose,,
142748,150,Ziskind,775 Comm Ave,8:30 AM,8:30 AM,9:15 AM,10:00 AM,2,Antonio,No P/U,needs manager,
142871,207,LAW AUDITORIUM,765 Comm Ave,8:30 AM,8:30 AM,9:15 AM,12:01:30 AM,1,Antonio,Romero,,
142513,50,3rd Floor East Enclosure,775 Comm Ave,8:30 AM,8:30 AM,9:15 AM,12:30 PM,1,Antonio,Antonio,,
142872,207,102 AND 103,765 Comm Ave,8:30 AM,8:30 AM,9:15 AM,12:01:30 AM,1,Romero,Jamal,,
142873,105,103,765 Comm Ave,8:30 AM,8:30 AM,9:15 AM,12:01:30 AM,1,Luis,Jose,,
142514,50,3rd Floor East Enclosure,775 Comm Ave,8:30 AM,8:30 AM,9:15 AM,12:30 PM,1,Luis,Romero,,
142774,207,102 AND 103,765 Comm Ave,8:30 AM,8:30 AM,9:15 AM,12:01:30 AM,1,Jamal,Romero,,
142512,50,3rd Floor East Enclosure,775 Comm Ave,8:30 AM,8:30 AM,9:15 AM,12:30 PM,1,Sammy,Sammy,,
142775,207,102 AND 103,765 Comm Ave,8:30 AM,8:30 AM,9:15 AM,12:01:30 AM,1,Luis and Jamal,Jose,,
142776,207,102 AND 103,765 Comm Ave,8:30 AM,8:30 AM,9:15 AM,12:01:30 AM,1,Juan,Juan,,
142772,207,102 AND 103,765 Comm Ave,8:30 AM,8:30 AM,9:15 AM,12:01:30 AM,1,Luis,Romero,,
142773,207,102 AND 103,765 Comm Ave,8:30 AM,8:30 AM,9:15 AM,12:01:30 AM,1,Luis,Jose,,
142485,207,102 AND 103,765 Comm Ave,8:30 AM,8:30 AM,9:15 AM,12:01:30 AM,1,Juan,Antonio,,
142313,105,Inside 102,765 Comm Ave,8:30 AM,8:30 AM,9:15 AM,12:01:30 AM,1,Jose,Jose,,
142367,25,906,8 St Marys,8:30 AM,8:30 AM,9:15 AM,10:15 AM,1,Luis,Jose,,
142505,15,105,2 Cummington,8:30 AM,8:30 AM,9:15 AM,2:00 PM,1,Sammy,No P/U,,
142483,207,102 AND 103,765 Comm Ave,8:30 AM,8:30 AM,9:15 AM,12:01:30 AM,1,Antonio,Jose,,
142484,207,102 AND 103,765 Comm Ave,8:30 AM,8:30 AM,9:15 AM,12:01:30 AM,1,Antonio,Antonio,,
142507,50,3rd Floor East Enclosure,775 Comm Ave,8:30 AM,8:30 AM,9:15 AM,12:30 PM,1,Luis,Luis,,
142315,207,102 AND 103,765 Comm Ave,8:30 AM,8:30 AM,9:15 AM,12:01:30 AM,1,Luis,Romero,,
142642,26,105,2 Cummington,8:45 AM,8:45 AM,9:30 AM,1:00 PM,1,Sammy,Luis,,
142495,40,Barristers,765 Comm Ave,9:00 AM,9:00 AM,9:30 AM,12:30 PM,1,Luis,Jamal,,
142257,150,Ballroom,775 Comm ave,8:30 AM,8:30 AM,9:30 AM,11:00 AM,1,Luis,Luis,,
142306,15,306,725 Comm Ave,8:30 AM,8:30 AM,9:30 AM,11:00 AM,1,Sammy,No P/U,,
142678,24,SCI 328,590 Comm Ave,8:45 AM,8:45 AM,9:30 AM,11:30 AM,1,Luis,Luis,,
142644,25,105,2 Cummington,8:45 AM,8:45 AM,9:30 AM,2:00 PM,1,Sammy,Romero,,
142351,56,906,8 St Marys,8:45 AM,8:45 AM,9:30 AM,10:00 AM,1,Sammy,Luis,,
142641,24,105,15 Saint Marys,9:00 AM,9:00 AM,9:45 AM,10:45 AM,1,Sammy,No P/U,,
143076,105,Lobby,2 Silber Way,9:00 AM,9:00 AM,9:45 AM,10:30 AM,1,Antonio,Luis,,
143077,105,Lobby,2 Silber Way,9:00 AM,9:00 AM,9:45 AM,10:30 AM,1,Antonio,Luis,,
142092,80,Castle/River Rooms - 4th Floor,213 Bay State Rd - Hillel,9:30 AM,9:30 AM,9:45 AM,11:00 AM,1,Jose,Sammy,,
143003,50,Room 102,855 Comm Ave,9:00 AM,9:00 AM,9:45 AM,10:45 AM,1,Luis,Luis,,
142754,150,Ziskind,775 Comm Ave,9:00 AM,9:00 AM,9:45 AM,10:30 AM,2,Antonio,No P/U,needs manager,
142770,14,215,44 Cummington,9:15 AM,9:15 AM,10:00 AM,10:15 AM,1,Juan,Juan,,
143051,10,409,610 Comm Ave,9:15 AM,9:15 AM,10:00 AM,11:00 AM,1,Luis,No P/U,,
143069,20,B12,705 Comm Ave,9:15 AM,9:15 AM,10:00 AM,10:30 AM,1,Jose,No P/U,,
142387,64,Lobby,610 Comm Ave,9:15 AM,9:15 AM,10:00 AM,11:00 AM,1,Sammy,Sammy,,
142577,30,Agganis Friends of Hockey Lounge,Agganis Arena,9:30 AM,9:30 AM,10:00 AM,11:30 AM,1,Luis,Luis,,
139020,25,2nd floor Fit Rec Office,915 Comm Ave,9:15 AM,9:15 AM,10:00 AM,12:01:30 AM,1,Sammy,No P/U,,
142379,74,Lobby,610 Comm Ave,9:15 AM,9:15 AM,10:00 AM,11:00 AM,1,Antonio,Jamal,,
141744,115,The Castle,225 Bay State Rd,8:00 AM,9:00 AM,10:00 AM,12:00 PM,3,Jose,Jose,Mia,
142575,30,Agganis Friends of Hockey Lounge,Agganis Arena,9:30 AM,9:30 AM,10:00 AM,11:30 AM,1,Sammy,Sammy,,
142583,25,rm 103,24 Cummington Ave,9:15 AM,9:15 AM,10:00 AM,11:00 AM,1,Luis,Antonio,,
142385,74,Lobby,610 Comm Ave,9:15 AM,9:15 AM,10:00 AM,11:00 AM,1,Jordan,Luis,,
142395,74,Lobby,610 Comm Ave,9:15 AM,9:15 AM,10:00 AM,12:00 PM,1,Luis,Antonio,,
142386,64,Lobby,610 Comm Ave,9:15 AM,9:15 AM,10:00 AM,11:00 AM,1,Jamal,Luis,,
142645,5,255,808 Comm Ave,9:30 AM,9:30 AM,10:15 AM,10:45 AM,1,Sammy,No P/U,,
142739,150,Ziskind,775 Comm Ave,9:30 AM,9:30 AM,10:15 AM,11:15 AM,2,Antonio,No P/U,needs manager,
142838,185,906,8 Saint Marys,9:30 AM,9:30 AM,10:15 AM,11:30 AM,1,Romero,Antonio,,
142972,1,0,0,0,0,10:15 AM,12:01:30 AM,0,-,,,
142509,30,130F,685 Comm Ave,9:45 AM,9:45 AM,10:30 AM,11:00 AM,1,Luis,Luis,,
142516,30,130F,685 Comm Ave,9:45 AM,9:45 AM,10:30 AM,11:00 AM,1,Romero,Luis,,
142712,20,Outside of building (inside if rains),143 Bay State Rd,9:45 AM,9:45 AM,10:30 AM,12:30 PM,1,Antonio,No P/U,,
143028,20,B12,705 Comm Ave,9:45 AM,9:45 AM,10:30 AM,11:00 AM,1,Antonio,No P/U,,
142859,185,906,8 Saint Marys,9:45 AM,9:45 AM,10:30 AM,11:45 AM,1,Sammy,Jose,,
142893,925,Stone Lobby,775 Comm Ave,9:45 AM,9:45 AM,10:30 AM,11:30 AM,1,Luis and Jamal,Jamal,,
142884,50,Room 525 - Law School,765 Commonwealth Ave,9:30 AM,10:00 AM,10:30 AM,11:30 AM,0,Jose,Jamal,,
143073,20,B12,705 Comm Ave,9:45 AM,9:45 AM,10:30 AM,11:00 AM,1,Jose,No P/U,,
143072,20,B12,705 Comm Ave,9:45 AM,9:45 AM,10:30 AM,11:00 AM,1,Sammy,No P/U,,
142711,20,Outside of building (inside if rains),143 Bay State Rd,9:45 AM,9:45 AM,10:30 AM,12:30 PM,1,Romero,No P/U,,
142355,56,906,8 St Marys,9:45 AM,9:45 AM,10:30 AM,11:00 AM,1,Romero,Romero,,
142710,20,Outside of building (inside if rains),143 Bay State Rd,9:45 AM,9:45 AM,10:30 AM,12:30 PM,1,Antonio,Jose,,
142547,35,4th Floor Lobby,213 Bay State Road,10:00 AM,10:00 AM,10:30 AM,12:01:30 AM,1,Luis,,,
142549,32,4th Floor Lobby,213 Bay State Road,10:00 AM,10:00 AM,10:30 AM,12:01:30 AM,1,Antonio,Jose,,
142548,36,4th Floor Lobby,213 Bay State Road,10:00 AM,10:00 AM,10:30 AM,12:01:30 AM,1,Luis,Sammy,,
142372,23,Room 545,100 Bay State Rd,9:45 AM,9:45 AM,10:30 AM,12:00 PM,1,Luis,No P/U,,
142501,40,Barristers,765 Comm Ave,9:45 AM,9:45 AM,10:30 AM,1:00 PM,1,Luis,Jamal,,
142601,19,5th Floor,232 Bay State Rd,10:00 AM,10:00 AM,10:45 AM,12:00 PM,1,Juan,Juan,,
142672,24,Welcome Center,264 Bay State Rd,10:00 AM,10:00 AM,10:45 AM,12:00 PM,1,Romero,No P/U,,
142885,130,Room 525 - Law School,765 Commonwealth Ave,9:45 AM,10:15 AM,10:45 AM,11:30 AM,0,Antonio,Romero,,
142886,130,Room 525 - Law School,765 Commonwealth Ave,9:45 AM,10:15 AM,10:45 AM,11:30 AM,0,Jose,Jose,,
142862,1,2nd Floor Atrium & 906,8 Saint Marys,10:00 AM,10:00 AM,11:00 AM,1:00 PM,1,-,No P/U,,
142757,40,100E/D,985 Comm Ave,9:00 AM,10:00 AM,11:00 AM,1:00 PM,2,Sammy,Sammy,Lynn ,
143039,12,101,610 Comm Ave,10:15 AM,10:15 AM,11:00 AM,12:01:30 AM,1,Antonio,No P/U,,
142706,400,Stone Lobby,775 Comm Ave,10:15 AM,10:15 AM,11:00 AM,12:30 PM,1,Romero and Antonio,Antonio,,
139010,15,E&C Office,928 Comm Ave,10:15 AM,10:15 AM,11:00 AM,12:01:30 AM,1,Jose,No P/U,,
142759,26,105,2 Cummington,10:15 AM,10:15 AM,11:00 AM,1:00 PM,1,Sammy,Sammy,,
142593,40,Build Lab Meeting,10 Buick S,10:00 AM,10:00 AM,11:00 AM,12:01:30 AM,1,Luis,No P/U,,
140525,60,Castle,225 Bay Sttae Rd,9:00 AM,10:00 AM,11:00 AM,2:00 PM,3,Romero,Romero,Molly,
142365,30,Terrace Lounge,775 Comm Ave,10:15 AM,10:15 AM,11:00 AM,1:00 PM,1,Sammy,Sammy,,
142247,120,26th Floor,33 Harry Agganis Way,9:00 AM,10:15 AM,11:00 AM,2:00 PM,2,Juan,Juan,Mia ,
142362,100,Castle,225 Bay State Rd,9:00 AM,10:00 AM,11:00 AM,2:00 PM,2,Sammy,Sammy,Lynn ,
142374,25,Faculty Lounge,765 Comm Ave,10:15 AM,10:15 AM,11:00 AM,12:30 PM,1,Jamal,Luis,,
142542,50,LSE 103,24 Cummington Mall,10:15 AM,10:15 AM,11:00 AM,11:00 AM,1,Romero,Jordan,,
142659,1,Questrom Kitchen,1 Silber Way,11:15 AM,11:15 AM,11:15 AM,11:15 AM,1,Luis,,,
142995,26,1st floor common Room- left side upon entering,575 Comm Ave,10:30 AM,10:30 AM,11:15 AM,12:01:30 AM,1,Jose,No P/U,,
142996,26,CCSR Lobby,CCSR- Riverway,10:30 AM,10:30 AM,11:15 AM,12:01:30 AM,1,Juan,No P/U,,
142608,30,Main room,730 Comm Ave,10:45 AM,10:45 AM,11:30 AM,12:30 PM,1,Luis,No P/U,,
142771,14,215,44 Cummington,11:00 AM,11:00 AM,11:30 AM,12:30 PM,1,Juan,No P/U,,
142687,865,GSU Ziskind,GSU Ziskind,10:00 AM,10:00 AM,11:30 AM,12:30 PM,2,Antonio,No P/U,Mia ,
142604,25,Main room,730 Comm Ave,10:45 AM,10:45 AM,11:30 AM,12:30 PM,1,Jose,No P/U,,
142891,24,Orientation Office,775 Comm Ave,10:00 AM,10:00 AM,11:30 AM,12:30 PM,1,Jamal,No P/U,Mia ,
142612,10,Main room,730 Comm Ave,10:45 AM,10:45 AM,11:30 AM,12:30 PM,1,Luis,Sammy,,
142275,45,Colloquium Room,610 Comm Ave,10:30 AM,10:30 AM,11:30 AM,1:00 PM,1,Sammy,Jose,,
143090,27,906,8 St Marys,10:45 AM,10:45 AM,11:30 AM,12:45 PM,1,Jose,No P/U,,
143181,10,LS103,24 Cummington,10:45 AM,10:45 AM,11:30 AM,12:01:30 AM,1,Luis,No P/U,,
143432,10,LS103,24 Cummington,10:45 AM,10:45 AM,11:30 AM,12:01:30 AM,1,Luis,No P/U,,
143088,20,310 GSU,775 Commonwealth ave,9:30 AM,9:30 AM,11:30 AM,1:30 PM,3,Flex,No P/U,Jamie,
142688,350,GSU Ziskind,GSU Ziskind,10:00 AM,10:00 AM,11:30 AM,12:30 PM,2,Luis and Jamal,No P/U,Mia ,
142610,30,Main room,730 Comm Ave,10:45 AM,10:45 AM,11:30 AM,12:30 PM,1,Jamal,No P/U,,
143023,20,Orientation Office,775 Comm Ave,10:00 AM,10:00 AM,11:30 AM,12:30 PM,1,Romero,No P/U,Mia ,
142820,50,25 Lenox,25 Lenox,9:30 AM,9:30 AM,11:30 AM,1:30 PM,3,Luis,Jordan,Mia ,
142603,20,Main room,730 Comm Ave,10:45 AM,10:45 AM,11:30 AM,12:30 PM,1,Luis,Jamal,,
142635,15,257,635 Comm Ave,10:45 AM,10:45 AM,11:30 AM,1:30 PM,1,Jose,No P/U,,
142606,20,Main room,730 Comm Ave,10:45 AM,10:45 AM,11:30 AM,12:30 PM,1,Antonio,Antonio,,
142561,600,GSU Ziskind,GSU Ziskind,10:00 AM,10:00 AM,11:30 AM,12:30 PM,2,Antonio,No P/U,Mia ,
142451,7,2nd Floor Boardroom,213 Bay State Road,11:00 AM,11:00 AM,11:30 AM,2:00 PM,3,Juan,Juan,,
142460,20,Build Lab- Front Room,730 Comm Ave,10:45 AM,10:45 AM,11:30 AM,12:30 PM,1,Jamal,Luis,,
142686,820,GSU Ziskind,GSU Ziskind,10:00 AM,10:00 AM,11:30 AM,12:30 PM,2,Jamal,No P/U,Mia ,
142611,25,Main room,730 Comm Ave,10:45 AM,10:45 AM,11:30 AM,12:30 PM,1,Jamal,No P/U,,
142713,40,Barristers,765 Comm Ave,10:30 AM,10:30 AM,11:30 AM,1:30 PM,1,Romero,Jose,,
142804,24,Orientation Office,775 Comm Ave,10:00 AM,10:00 AM,11:30 AM,12:30 PM,1,Antonio,No P/U,Mia ,
142360,40,901,8 St Marys,10:45 AM,10:45 AM,11:30 AM,12:30 PM,1,Sammy,No P/U,,
142724,25,outside 545,100 BSR,10:45 AM,10:45 AM,11:30 AM,12:30 PM,1,Elvin,Luis,,
142158,200,BU Beach,270 Bay State Rd,9:30 AM,10:30 AM,11:30 AM,1:30 PM,2,Sammy,Jamal,Jamie ,
142352,56,906,8 St Marys,10:45 AM,10:45 AM,11:30 AM,12:30 PM,1,Luis,Romero,,
142609,25,Main room,730 Comm Ave,10:45 AM,10:45 AM,11:30 AM,12:30 PM,1,Luis,Romero,,
142597,21,1st Floor,121 Bay State Rd,11:00 AM,11:00 AM,11:45 AM,1:45 PM,1,Sammy,Sammy,,
142831,24,GSU Kitchen,775 Comm Ave,11:00 AM,11:00 AM,11:45 AM,4:00 PM,1,Luis,No P/U,,
142132,24,Music Room-1st Floor,225 Bay State,11:00 AM,11:00 AM,11:45 AM,12:30 PM,1,Antonio,Jamal,,
142093,80,Castle/River Rooms - 4th Floor,213 Bay State Rd - Hillel,10:45 AM,11:15 AM,11:45 AM,3:00 PM,1,Sammy,Jordan,,
143031,21,LL2-245,915 Comm Ave,11:00 AM,11:00 AM,11:45 AM,12:01:30 AM,1,Luis,No P/U,,
143032,21,LL2-245,915 Comm Ave,11:00 AM,11:00 AM,11:45 AM,12:01:30 AM,1,Luis,No P/U,,
143033,21,LL2-245,915 Comm Ave,11:00 AM,11:00 AM,11:45 AM,12:01:30 AM,1,Sammy,No P/U,,
143030,21,LL2-245,915 Comm Ave,11:00 AM,11:00 AM,11:45 AM,12:01:30 AM,1,Sammy,No P/U,,
143016,35,Room 101,610 Comm Ave,11:00 AM,11:00 AM,11:45 AM,1:30 PM,1,Jose,Jose,,
142835,185,2nd Floor Atrium,8 Saint Marys,11:15 AM,11:15 AM,12:00 PM,2:00 PM,1,Jamal,Jamal,,
142840,185,906,8 Saint Marys,10:00 AM,11:15 AM,12:00 PM,2:00 PM,2,Antonio,Sammy,Lynn ,
142860,185,906,8 Saint Marys,10:00 AM,11:15 AM,12:00 PM,2:00 PM,2,Jose,Sammy,Molly,
142881,45,Barristers Hall - Law School,765 Commonwealth Ave,10:00 AM,11:30 AM,12:00 PM,1:30 PM,0,Romero,Romero,,
142997,18,121,15 Saint Marys,11:15 AM,11:15 AM,12:00 PM,1:00 PM,1,Antonio,No P/U,,
142868,75,Barristers Hall - Law School,765 Commonwealth Ave,10:00 AM,11:00 AM,12:00 PM,1:00 PM,0,Jamal,Jose,Lynn,
142932,15,1st Floor Conference Room,67 Bay State Rd,11:15 AM,11:15 AM,12:00 PM,2:00 PM,1,Luis,No P/U,,
142908,12,250,2 Silber Way,11:15 AM,11:15 AM,12:00 PM,1:00 PM,1,Antonio,No P/U,,
142880,50,Barristers Hall - Law School,765 Commonwealth Ave,10:45 AM,11:30 AM,12:00 PM,1:00 PM,0,Romero,Romero,,
142737,150,1102,765 Comm Ave,11:15 AM,11:15 AM,12:00 PM,1:00 PM,1,Antonio,No P/U,,
142780,37,Castle,225 Bay State Rd,10:00 AM,11:00 AM,12:00 PM,2:00 PM,3,Luis,Jordan,Mia ,
142784,10,255,808 Comm Ave,11:15 AM,11:15 AM,12:00 PM,1:00 PM,1,Jose,No P/U,,
143041,12,101,610 Comm Ave,11:15 AM,11:15 AM,12:00 PM,12:01:30 AM,1,Jose,No P/U,,
142529,11,210,53 Bay State Rd,11:15 AM,11:15 AM,12:00 PM,1:00 PM,1,Romero,No P/U,,
142883,35,Barristers Hall - Law School,765 Commonwealth Ave,10:00 AM,11:00 AM,12:00 PM,1:30 PM,0,Antonio,No P/U,,
142370,25,9th Flr - East End Lounge,8 St Marys,11:15 AM,11:15 AM,12:00 PM,2:00 PM,1,Luis,Jose,,
142380,74,Lobby,610 Comm Ave,11:15 AM,11:15 AM,12:00 PM,1:30 PM,1,Jose,Jamal,,
142375,25,Faculty Lounge,765 Comm Ave,11:15 AM,11:15 AM,12:00 PM,2:30 PM,1,Jamal,Sammy,,
142519,1,Room 102,125 Bay State,11:15 AM,11:15 AM,12:00 PM,2:00 PM,1,-,,,
142520,20,Lobby,610 COmm Ave,11:15 AM,11:15 AM,12:00 PM,12:01:30 AM,1,Sammy,No P/U,,
142560,7,Room 227,120 Ashford Street,11:15 AM,11:15 AM,12:00 PM,1:00 PM,1,Jamal,No P/U,,
142563,24,Room 113,5 Cummington Mall Rd,11:15 AM,11:15 AM,12:00 PM,2:00 PM,1,Luis,No P/U,,
142256,150,Ballroom,775 Comm ave,10:30 AM,11:15 AM,12:00 PM,1:00 PM,2,Sammy,No P/U,Molly ,
142062,75,Comm Lawn-Tent,640 Cummington Ave,11:15 AM,11:15 AM,12:00 PM,2:00 PM,1,Romero,Jamal,,
142340,35,Towers Lawn,132 Bay State Rd,10:00 AM,11:15 AM,12:00 PM,2:00 PM,2,Luis,Jamal,Mia ,
142389,64,Lobby,610 Comm Ave,11:15 AM,11:15 AM,12:00 PM,1:30 PM,1,Luis,Romero,,
142533,12,250,2 Silber Way,11:15 AM,11:15 AM,12:00 PM,1:00 PM,1,Luis,No P/U,,
142347,15,Terrace Lounge,775 Comm Ave,11:15 AM,11:15 AM,12:00 PM,1:15 PM,1,Sammy,Sammy,,
142396,74,Lobby,610 Comm Ave,11:15 AM,11:15 AM,12:00 PM,2:00 PM,1,Antonio,No P/U,,
141608,250,BU Beach,270 Bay State Rd,11:15 AM,11:15 AM,12:00 PM,1:30 PM,1,Jose,No P/U,,
142388,74,Lobby,610 Comm Ave,11:15 AM,11:15 AM,12:00 PM,1:30 PM,1,Luis,Sammy,,
142619,15,401,44 Cummington,11:15 AM,11:15 AM,12:00 PM,2:00 PM,1,Antonio,Jordan,,
142857,40,101,100 BSR,11:15 AM,11:15 AM,12:00 PM,1:00 PM,1,-,,,
142733,30,CAS 306,725 Comm Ave,11:15 AM,11:15 AM,12:00 PM,1:30 PM,1,Antonio,No P/U,,
142901,20,607,635 Comm Ave,11:15 AM,11:15 AM,12:00 PM,1:00 PM,1,Luis,No P/U,,
142758,1,Ziskind,775 Comm Ave,11:15 AM,0,12:00 PM,3:00 PM,1,Juan,No P/U,,
142708,72,26th floor,33 Harry Agganis Way,9:30 AM,11:00 AM,12:00 PM,4:00 PM,3,Romero,Jordan,Molly ,
142714,40,River Room - 4th Floor,213 Bay State Road,11:15 AM,11:15 AM,12:00 PM,2:00 PM,1,Jose,No P/U,,
142588,350,GSU Link,775 Comm,10:00 AM,11:00 AM,12:00 PM,4:00 PM,2,Luis,Antonio,Mia ,
142584,30,Castle,225 Bay State Rd,10:00 AM,11:00 AM,12:00 PM,2:00 PM,2,Jordan,Jordan,Lynn ,
142390,64,Lobby,610 Comm Ave,11:15 AM,11:15 AM,12:00 PM,1:30 PM,1,Sammy,Sammy,,
142536,20,L Bldg - 1st Flr Deans Conference Room,72 E Concord St,11:15 AM,11:15 AM,12:00 PM,1:00 PM,1,Juan,No P/U,,
142371,25,220,635 Comm Ave,11:15 AM,11:15 AM,12:00 PM,1:00 PM,1,Jose,No P/U,,
142675,15,Lobby,121 Bay State Rd,11:15 AM,11:15 AM,12:00 PM,12:01:30 AM,1,Romero,Jose,,
142198,35,18th flr,10 Buick St,11:15 AM,11:15 AM,12:00 PM,12:45 PM,1,Luis,No P/U,,
142735,10,255,808 Comm Ave,11:15 AM,11:15 AM,12:00 PM,1:00 PM,1,Sammy,No P/U,,
142715,15,401,44 Cummington,11:15 AM,11:15 AM,12:00 PM,2:00 PM,1,Jose,No P/U,,
142746,40,Lobby,2 Silber Way,11:30 AM,11:30 AM,12:15 PM,2:15 PM,1,Sammy,No P/U,,
142203,35,18th flr,10 Buick St,10:00 AM,11:00 AM,12:15 PM,1:00 PM,2,Luis,Antonio,Lynn ,
142895,135,Barristers Hall - Law School,765 Commonwealth Ave,10:00 AM,11:00 AM,12:15 PM,1:00 PM,0,Jose,Jose,Molly,
142879,135,Floor 4 and Room 525 - Law School,765 Commonwealth Ave,10:00 AM,11:00 AM,12:15 PM,1:00 PM,0,Juan,Juan,Molly,
142517,30,130F,685 Comm Ave,11:45 AM,11:45 AM,12:30 PM,1:30 PM,1,Romero,No P/U,,
142950,5,Pick up in loading dock fridge,100 BSR,12:30 PM,12:30 PM,12:30 PM,12:01:30 AM,1,Sammy,No P/U,,
142948,5,Pick up in loading dock fridge,100 BSR,12:30 PM,12:30 PM,12:30 PM,12:01:30 AM,1,Jose,No P/U,,
142510,30,130F,685 Comm Ave,11:45 AM,11:45 AM,12:30 PM,1:30 PM,1,Sammy,No P/U,,
142749,260,Ziskind,775 Comm Ave,11:45 AM,11:45 AM,12:30 PM,2:00 PM,2,Sammy,No P/U,Jen,
143079,5,Pick up in loading dock fridge,100 BSR,12:30 PM,12:30 PM,12:30 PM,12:01:30 AM,1,Jose,No P/U,,
143080,5,Pick up in loading dock fridge,100 BSR,12:30 PM,12:30 PM,12:30 PM,12:01:30 AM,1,Sammy,No P/U,,
142356,60,906,8 St Marys,11:45 AM,11:45 AM,12:30 PM,1:30 PM,1,Romero,Romero,,
142807,5,Pick up in loading dock fridge,100 BSR,12:30 PM,12:30 PM,12:30 PM,12:01:30 AM,1,Sammy,No P/U,,
142801,5,Pick up in loading dock fridge,100 BSR,12:30 PM,12:30 PM,12:30 PM,12:01:30 AM,1,Romero,No P/U,,
142676,45,PUB,PUB,11:45 AM,11:45 AM,12:30 PM,2:00 PM,1,Luis,Romero,,
142647,5,Pick up in loading dock fridge,100 BSR,12:30 PM,12:30 PM,12:30 PM,12:01:30 AM,1,Antonio,No P/U,,
142550,35,4th Floor Lobby,213 Bay State Road,11:45 AM,11:45 AM,12:30 PM,12:01:30 AM,1,Luis,,,
142552,32,4th Floor Lobby,213 Bay State Road,12:30 PM,12:30 PM,12:30 PM,12:01:30 AM,1,Jose,Sammy,,
142652,5,Pick up in loading dock fridge,100 BSR,12:30 PM,12:30 PM,12:30 PM,12:01:30 AM,1,Antonio,No P/U,,
142551,36,4th Floor Lobby,213 Bay State Road,12:00 PM,12:00 PM,12:30 PM,12:01:30 AM,1,Sammy,No P/U,,
142373,50,101 - Colloquium,610 Comm Ave,11:45 AM,11:45 AM,12:30 PM,1:30 PM,1,Romero,Jamal,,
142496,40,Barristers,765 Comm Ave,11:45 AM,11:45 AM,12:30 PM,2:00 PM,1,Sammy,Jamal,,
142288,17,Room 301,43 Hawes Street,11:15 AM,11:15 AM,12:30 PM,2:00 PM,1,Sammy,Sammy,,
142740,260,Ziskind,775 Comm Ave,12:00 PM,12:00 PM,12:45 PM,2:15 PM,2,Romero,No P/U,Jen ,
142755,220,Ziskind,775 Comm Ave,12:00 PM,12:00 PM,12:45 PM,1:30 PM,2,Jose,No P/U,needs manager,
143014,15,106A,610 Comm Ave,12:00 PM,12:00 PM,12:45 PM,2:00 PM,1,Juan,No P/U,,
143131,15,9th Floor-Peter/Paul's Office,1 Silber Way,12:15 PM,12:15 PM,1:00 PM,12:01:30 AM,1,Jamal,No P/U,,
142912,20,Room 515,232 Bay State Rd,12:15 PM,12:15 PM,1:00 PM,3:00 PM,1,Luis ,,,
142640,18,Rm 106B,610 Comm Ave,12:15 PM,12:15 PM,1:00 PM,2:00 PM,1,Antonio,No P/U,,
142335,40,Comm Lawn,640 Comm Ave,12:15 PM,12:15 PM,1:00 PM,2:00 PM,1,Antonio,Jamal,,
142502,40,Barristers,765 Comm Ave,12:15 PM,12:15 PM,1:00 PM,2:30 PM,1,Jamal,Jamal,,
142783,20,Cinema Room ,700 Comm Ave ,12:15 PM,12:15 PM,1:00 PM,12:01:30 AM,1,-,,,
142341,18,Terrace Patio,775 Comm Ave,11:00 AM,12:15 PM,1:00 PM,2:00 PM,2,Luis,No P/U,Mia ,
142643,13,105,2 Cummington,12:15 PM,12:15 PM,1:00 PM,5:00 PM,1,Luis,No P/U,,
142639,15,Room B02A,677 Beacon Street,12:15 PM,12:15 PM,1:00 PM,2:00 PM,1,Romero,No P/U,,
142349,15,Terrace Lounge,775 Comm Ave,12:45 PM,12:45 PM,1:15 PM,3:30 PM,1,Antonio,Jordan,,
142999,79,1st floor common Room- left side upon entering,575 Comm Ave,12:30 PM,12:30 PM,1:15 PM,12:01:30 AM,1,Jamal,No P/U,,
142587,50,Pickup in GSU Kitchen,775 Comm Ave,12:45 PM,12:45 PM,1:30 PM,1:30 PM,1,Sammy,No P/U,,
143223,3,Receptionist Desk,985 Comm,12:45 PM,12:45 PM,1:30 PM,2:30 PM,1,Jamal,No P/U,,
142570,75,Castle,Castle,11:30 AM,11:30 AM,1:30 PM,3:30 PM,3,Jose,Antonio,Molly ,
142777,20,101,755 Comm Ave,12:45 PM,12:45 PM,1:30 PM,2:30 PM,1,Jose,Romero,,
142353,56,906,8 St Marys,12:45 PM,12:45 PM,1:30 PM,2:30 PM,1,Romero,Jose,,
142200,35,18th flr,10 Buick St,1:15 PM,1:15 PM,2:00 PM,2:15 PM,1,Sammy,Jose,,
142743,207,102 AND 103,765 Comm Ave,1:15 PM,1:15 PM,2:00 PM,12:01:30 AM,1,Romero,Jose,,
142747,207,102 AND 103,765 Comm Ave,1:15 PM,1:15 PM,2:00 PM,12:01:30 AM,1,Jose,Jose,,
142482,207,102 AND 103,765 Comm Ave,1:15 PM,1:15 PM,2:00 PM,12:01:30 AM,1,Antonio,Antonio,,
142745,207,102 AND 103,765 Comm Ave,1:15 PM,1:15 PM,2:00 PM,12:01:30 AM,1,Juan,Jose,,
142750,207,102 AND 103,765 Comm Ave,1:15 PM,1:15 PM,2:00 PM,12:01:30 AM,1,Jose and Jamal,Jose,,
142744,207,102 AND 103,765 Comm Ave,1:15 PM,1:15 PM,2:00 PM,12:01:30 AM,1,Jose,Jordan,,
142357,56,906,8 St Marys,1:15 PM,1:15 PM,2:00 PM,3:00 PM,1,Romero,Sammy,,
142314,105,103,765 Comm Ave,1:15 PM,1:15 PM,2:00 PM,12:01:30 AM,1,Romero,Jamal,,
142377,15,Room 257,635 Comm Ave,1:15 PM,1:15 PM,2:00 PM,5:00 PM,1,Romero,No P/U,,
142376,25,Faculty Lounge,765 Comm Ave,1:15 PM,1:15 PM,2:00 PM,3:00 PM,1,Sammy,Jamal,,
142319,207,102 AND 103,765 Comm Ave,1:15 PM,1:15 PM,2:00 PM,12:01:30 AM,1,Romero,Jordan,,
142113,60,Colloquium - 9th Flr,8 St Marys,1:15 PM,1:15 PM,2:00 PM,5:00 PM,1,Sammy,Sammy,,
142480,207,102 AND 103,765 Comm Ave,1:15 PM,1:15 PM,2:00 PM,12:01:30 AM,1,Jose,Jose,,
142532,50,Mugar 1st Flr - Reserve Room,771 Comm Ave,1:15 PM,1:15 PM,2:00 PM,3:00 PM,1,Sammy,Jordan,,
142481,207,102 AND 103,765 Comm Ave,1:15 PM,1:15 PM,2:00 PM,12:01:30 AM,1,Antonio,Romero,,
142874,207,102 AND 103,765 Comm Ave,1:15 PM,1:15 PM,2:00 PM,12:01:30 AM,1,Jose and Sammy,Sammy,,
142875,207,102 AND 103,765 Comm Ave,1:15 PM,1:15 PM,2:00 PM,12:01:30 AM,1,Sammy,Jose,,
142973,22,Rm 423,2 Silber Way,11:45 AM,0,2:00 PM,8:00 PM,1,Jose,,,
142965,1,0,213 Bay State Road,2:00 PM,2:00 PM,2:00 PM,2:00 PM,1,Romero,No P/U,,
142876,207,102 AND 103,765 Comm Ave,1:15 PM,1:15 PM,2:00 PM,12:01:30 AM,1,Romero,Sammy,,
142877,105,103,765 Comm Ave,1:15 PM,1:15 PM,2:00 PM,12:01:30 AM,1,Jose,Jordan,,
143224,22,Rm 423,2 Silber Way,11:45 AM,0,2:00 PM,8:00 PM,1,Jose,,,
142988,30,2nd Flr HR Office,25 Buick St,1:45 PM,1:45 PM,2:30 PM,3:00 PM,1,Jamal,No P/U,,
142989,10,1st Flr - Ring Bell,609 Albany St,1:45 PM,1:45 PM,2:30 PM,3:00 PM,1,Sammy,No P/U,,
142990,30,Childrens Center,10 Lenox St,1:45 PM,1:45 PM,2:30 PM,3:00 PM,1,Jamal,No P/U,,
142991,10,"1st Flr, West Entrance",930 Comm Ave,1:45 PM,1:45 PM,2:30 PM,3:00 PM,1,Luis,No P/U,,
143021,10,309,888 Comm Ave,1:45 PM,1:45 PM,2:30 PM,3:00 PM,1,Antonio,No P/U,,
142392,64,Lobby,610 Comm Ave,1:45 PM,1:45 PM,2:30 PM,3:30 PM,1,Romero,Jordan,,
142391,74,Lobby,610 Comm Ave,1:45 PM,1:45 PM,2:30 PM,3:30 PM,1,Sammy,Jose,,
142381,74,Lobby,610 Comm Ave,1:45 PM,1:45 PM,2:30 PM,3:30 PM,1,Jose,Jordan,,
142205,35,18th flr,10 Buick St,1:45 PM,1:45 PM,2:30 PM,2:45 PM,1,Antonio,Romero,,
142393,64,Lobby,610 Comm Ave,1:45 PM,1:45 PM,2:30 PM,3:30 PM,1,Sammy,Sammy,,
142063,50,Outside Room B01,24 Cummington Mall,2:00 PM,2:00 PM,2:45 PM,4:00 PM,1,Romero,Romero,,
142887,50,Room 525 - Law School,765 Commonwealth Ave,1:45 PM,2:15 PM,2:45 PM,3:30 PM,0,Jordan,Jamal,,
142947,100,n/a,N/a,,,3:00 PM,12:01:30 AM,0,Jen,No P/U,,
142585,350,BU Beach,BU Beach,1:00 PM,1:00 PM,3:00 PM,6:00 PM,2,Romero,Jamal,Mia ,
142897,150,3 court gym- down hall from studio,915 Comm Ave,1:30 PM,3:00 PM,3:00 PM,8:00 PM,2,Flex,Antonio,Jose M. ,
142836,150,906,8 Saint Marys,1:00 PM,2:15 PM,3:00 PM,6:00 PM,2,Antonio,Antonio,Lynn ,
142861,185,906,8 Saint Marys,2:15 PM,2:15 PM,3:00 PM,4:00 PM,1,Sammy,Jordan,,
142992,10,"1st Flr, West Entrance",930 Comm Ave,2:15 PM,2:15 PM,3:00 PM,4:00 PM,1,Luis,No P/U,,
142907,20,105,15 Saint Marys,2:15 PM,2:15 PM,3:00 PM,4:00 PM,1,Jordan,No P/U,,
142541,100,Castle/Pub Overflow,225 Bay State Rd,1:00 PM,2:00 PM,3:00 PM,5:00 PM,2,Jose,Jose,needs manager,
142760,150,Ziskind,775 Comm Ave,2:15 PM,2:15 PM,3:00 PM,3:30 PM,2,Jose,No P/U,needs manager,
142812,40,25 Lenox,25 Lenox,9:30 AM,2:00 PM,3:00 PM,5:00 PM,3,Jordan,Jordan,Mia ,
143082,80,Terrace Patio,775 Comm Ave,1:00 PM,2:00 PM,3:00 PM,5:00 PM,2,Jose,No P/U,NEEDS MANAGER,
142190,25,HR Kitchen,25 Buick Street,2:15 PM,2:15 PM,3:00 PM,4:00 PM,1,Sammy,Jamal,,
142521,105,Inside 102,765 Comm Ave,2:15 PM,2:15 PM,3:00 PM,6:00 PM,1,Romero,Romero,,
142430,105,Inside 102,765 Comm Ave,2:15 PM,2:15 PM,3:00 PM,6:00 PM,1,Antonio,Antonio,,
142398,80,0,50 Worthington St.,1:00 PM,1:45 PM,3:00 PM,5:00 PM,3,Romero,Romero,Christine,
142531,15,203,44 Cummington,2:15 PM,2:15 PM,3:00 PM,4:00 PM,1,Jordan,No P/U,,
142553,35,4th Floor Lobby,213 Bay State Road,2:30 PM,2:30 PM,3:00 PM,12:01:30 AM,1,Romero,,,
142555,32,4th Floor Lobby,213 Bay State Road,2:30 PM,2:30 PM,3:00 PM,12:01:30 AM,1,Sammy,Romero,,
142554,36,4th Floor Lobby,213 Bay State Road,2:30 PM,2:30 PM,3:00 PM,12:01:30 AM,1,Jose,Jose,,
142753,24,100E,985 Comm Ave,2:15 PM,2:15 PM,3:00 PM,4:00 PM,1,Romero,Antonio,,
142842,150,906,8 Saint Marys,1:00 PM,2:15 PM,3:15 PM,5:30 PM,2,Sammy,Jamal,Lynn ,
142896,60,Barristers - Law School,765 Commonwealth Ave,2:30 PM,3:00 PM,3:30 PM,4:30 PM,0,Antonio,Antonio,,
142889,75,Room 525 - Law School,765 Commonwealth Ave,2:30 PM,3:00 PM,3:30 PM,4:15 PM,0,Juan,Juan,,
142894,80,GSU ALley,775 Comm Ave,2:45 PM,2:45 PM,3:30 PM,5:00 PM,1,Jamal,Jordan,,
142511,30,130F,685 Comm Ave,2:45 PM,2:45 PM,3:30 PM,4:00 PM,1,Sammy,Romero,,
142518,30,130F,685 Comm Ave,2:45 PM,2:45 PM,3:30 PM,4:00 PM,1,Jordan,Jamal,,
142497,55,Castle,225 Bay State Rd,1:30 PM,2:30 PM,3:30 PM,6:00 PM,2,Sammy,Jordan,Molly ,
142806,80,GSU ALley,775 Comm Ave,2:45 PM,2:45 PM,3:30 PM,5:00 PM,1,Jamal,Jose,,
142689,820,Small Ballroom,775 Comm Ave,2:30 PM,2:30 PM,3:45 PM,5:00 PM,1,Jose,Jordan,,
142564,600,Ballroom,775 Comm Ave,2:30 PM,2:30 PM,3:45 PM,5:00 PM,1,Jamal,Jamal,,
142751,200,Ziskind,775 Comm Ave,3:00 PM,3:00 PM,3:45 PM,4:45 PM,2,Jamal,No P/U,needs manager,
142963,900,Ziskind Lounge,775 Comm Ave,3:00 PM,3:00 PM,3:45 PM,4:30 PM,1,Romero,,,
142691,400,Small ballroom,775 Comm Ave,2:30 PM,2:30 PM,3:45 PM,5:00 PM,1,Jordan and Sammy,Jordan,,
143024,251,BSU Fridges- Basement Marciano,Marciano,4:00 PM,4:00 PM,4:00 PM,12:01:30 AM,1,Sammy,No P/U,,
143011,30,Marciano,100 BSR,4:00 PM,4:00 PM,4:00 PM,12:01:30 AM,1,Sammy,No P/U,,
143007,251,BSU Fridges- Basement Marciano,Marciano,4:00 PM,4:00 PM,4:00 PM,12:01:30 AM,1,Sammy,No P/U,,
143010,30,Marciano,100 BSR,4:00 PM,4:00 PM,4:00 PM,12:01:30 AM,1,Sammy,No P/U,,
143012,30,Marciano,100 BSR,4:00 PM,4:00 PM,4:00 PM,12:01:30 AM,1,Sammy,No P/U,,
143029,251,BSU Fridges- Basement Marciano,Marciano,4:00 PM,4:00 PM,4:00 PM,12:01:30 AM,1,Sammy,No P/U,,
142994,188,Bay State Underground Walkin,100 BSR,4:00 PM,4:00 PM,4:00 PM,12:01:30 AM,1,Juan,No P/U,,
143000,73,100 BSR ,100 BSR ,4:00 PM,4:00 PM,4:00 PM,12:01:30 AM,1,Antonio,No P/U,,
143006,30,Marciano,100 BSR,4:00 PM,4:00 PM,4:00 PM,12:01:30 AM,1,Antonio,No P/U,,
143005,216,BSU Fridges- Basement Marciano,Marciano,4:00 PM,4:00 PM,4:00 PM,12:01:30 AM,1,Sammy,No P/U,,
143009,30,Marciano,100 BSR,4:00 PM,4:00 PM,4:00 PM,12:01:30 AM,1,Jamal,No P/U,,
142863,135,Ballroom,775 Commonwealth Ave,1:30 PM,3:00 PM,4:00 PM,7:30 PM,0,Jamal,No P/U,Lynn,
142350,15,Terrace Lounge,775 Comm Ave,2:00 PM,3:15 PM,4:00 PM,5:00 PM,2,Jordan,No P/U,Mia ,
142065,50,Lobby,24 Cummington Ave,2:00 PM,3:15 PM,4:00 PM,5:30 PM,2,Romero,Romero,Molly ,
142498,40,Barristers,765 Comm Ave,3:15 PM,3:15 PM,4:00 PM,5:00 PM,1,Jamal,Romero,,
142525,50,Courtyard,775 Comm Ave,2:00 PM,3:00 PM,4:00 PM,6:00 PM,2,Jordan,No P/U,Molly,
142741,150,Ziskind,775 Comm Ave,3:15 PM,3:15 PM,4:00 PM,5:00 PM,2,Jordan,No P/U,needs manager,
142821,25,105,15 St. Mary's,3:15 PM,3:15 PM,4:00 PM,12:01:30 AM,1,Jordan,No P/U,,
142734,35,Questrom ,Qustrom,2:00 PM,3:00 PM,4:00 PM,6:00 PM,2,Romero,Jordan,NEEDS MANAGER,
142503,40,Barristers,765 Comm Ave,3:30 PM,3:30 PM,4:15 PM,5:30 PM,1,Jamal,Jordan,,
142567,25,Room 714,650 Albany Street,3:15 PM,3:15 PM,4:30 PM,5:30 PM,1,Sammy,Sammy,,
142265,100,26th Floor,33 Harry Agganis,2:30 PM,3:30 PM,4:30 PM,6:30 PM,2,Jose,Jordan,Molly ,
142538,100,Hiebert Lounge,72 E Concord St,2:00 PM,3:00 PM,4:30 PM,6:30 PM,2,Romero,Romero,Molly,
142888,120,Room 525 - Law School,765 Commonwealth Ave,3:30 PM,4:00 PM,4:30 PM,5:30 PM,0,Romero,Romero,,
142808,32,Room 101,610 Comm Ave,4:15 PM,4:15 PM,5:00 PM,6:00 PM,1,Sammy,No P/U,,
142809,8,Room 101,610 Comm Ave,4:15 PM,4:15 PM,5:00 PM,6:00 PM,1,Sammy,No P/U,,
143180,10,PICK UP,775 Comm Ave,4:15 PM,4:15 PM,5:00 PM,6:00 PM,1,,,,
142359,100,18th Floor,10 Buick St,3:00 PM,4:15 PM,5:00 PM,9:00 PM,2,Jordan,Jordan,Jose ,
142448,207,West Campus Grotto,West Campus Grotto,3:00 PM,4:00 PM,5:00 PM,7:30 PM,2,Jose,Jose,Molly ,
142342,12,Castle,225 Bay State Rd,3:00 PM,4:15 PM,5:00 PM,8:00 PM,3,Sammy,Jordan,Molly ,
142333,25,Faculty Lounge,765 Comm Ave,3:00 PM,4:15 PM,5:00 PM,7:00 PM,2,Jamal,Jordan,needs manager,
142504,80,GSU Terrace,775 Comm Ave,3:00 PM,4:00 PM,5:00 PM,7:00 PM,2,Jamal,No P/U,Mia ,
142397,40,0,50 Worthington St.,4:00 PM,4:00 PM,5:30 PM,7:30 PM,3,Jordan,Romero,CCappadora,
142331,105,West Campus Dining Hall,West Campus dining Hall,4:00 PM,4:30 PM,5:30 PM,7:00 PM,2,Romero,Romero,Lynn ,
142499,40,Barristers,765 Comm Ave,4:30 PM,4:30 PM,5:30 PM,7:00 PM,2,Jamal,Jordan,Needs Manager,
142066,50,Comm Lawn-Tent,640 Cummington Ave,3:30 PM,4:45 PM,5:30 PM,7:00 PM,2,Jordan,Jordan,Mia ,
142562,600,GSU Ziskind,GSU Ziskind,3:00 PM,4:30 PM,5:30 PM,7:30 PM,2,Sammy,No P/U,Molly ,
142337,105,West Campus Dining Hall,West Campus dining Hall,4:00 PM,4:30 PM,5:30 PM,7:00 PM,2,Jordan,Romero,Lynn ,
142334,207,West Campus Dining Hall,West Campus dining Hall,4:00 PM,4:30 PM,5:30 PM,7:00 PM,2,Jordan,Jordan,Lynn ,
142336,105,West Campus Dining Hall,West Campus dining Hall,4:00 PM,4:30 PM,5:30 PM,7:00 PM,2,Jamal,Jamal,Lynn ,
138347,10,Room 250,2 Silber Way,4:45 PM,4:45 PM,5:30 PM,6:30 PM,1,Jamal,No P/U,,
142692,850,GSU Ziskind,GSU Ziskind,3:00 PM,4:30 PM,5:30 PM,7:30 PM,2,Antonio,No P/U,Lynn ,
142736,20,Barristers,765 Comm Ave,4:45 PM,4:45 PM,5:30 PM,7:30 PM,1,Antonio,No P/U,,
142444,60,West Campus Dining Hall,West Campus dining Hall,4:00 PM,4:00 PM,5:30 PM,7:00 PM,2,Jordan,Jordan,Lynn,
142323,105,Back Court,775 Com Ave,3:00 PM,4:00 PM,5:30 PM,7:30 PM,3,Jose,No P/U,Mia ,
142557,105,Castle,225 Bay State Rd,3:30 PM,4:30 PM,5:30 PM,7:30 PM,2,Jose,Jordan,Brody,
142589,60,West Campus Dining Hall,West Campus dining Hall,4:00 PM,4:30 PM,5:30 PM,7:00 PM,2,Romero,Antonio,Lynn,
142539,60,Library/Foyer,43 Hawes,3:30 PM,4:30 PM,5:30 PM,9:00 PM,3,Antonio,Antonio,Lynn ,
142446,108,West Campus Dining Hall,West Campus dining Hall,4:00 PM,4:00 PM,5:30 PM,7:00 PM,2,Romero,Jordan,Lynn ,
142556,105,Backcourt ,GSU ,3:30 PM,4:30 PM,5:30 PM,7:30 PM,2,Jordan,Jordan,Mia,
142338,207,West Campus Dining Hall,West Campus dining Hall,4:00 PM,4:30 PM,5:30 PM,7:00 PM,2,Jordan,Jordan,Lynn ,
142614,150,West Campus Dining Hall,West Campus dining Hall,4:00 PM,4:30 PM,5:30 PM,7:00 PM,2,Jose,Romero,Lynn ,
142176,70,Heibert-14th Floor,72 East Concord,3:30 PM,3:30 PM,5:30 PM,8:00 PM,2,Jordan,Jordan,needs manager,
143038,50,203,8 ST.Mary's,4:45 PM,4:45 PM,5:30 PM,7:30 PM,1,Jordan,Jordan,,
142694,350,GSU Ziskind,GSU Ziskind,3:00 PM,4:30 PM,5:30 PM,7:30 PM,2,Jordan,No P/U,,
142449,105,Back Court,775 Com Ave,3:00 PM,4:45 PM,5:30 PM,7:30 PM,3,Jordan,No P/U,Molly ,
142590,60,West Campus Dining Hall,West Campus dining Hall,4:00 PM,4:30 PM,5:30 PM,7:00 PM,2,Jordan,Jordan,Lynn ,
142882,60,West Campus Dining Hall,West Campus dining Hall,4:00 PM,4:00 PM,5:30 PM,7:00 PM,2,Jordan,Jordan,Lynn,
142540,100,Hiebert Lounge,72 E Concord St,3:00 PM,4:00 PM,5:30 PM,7:30 PM,2,Jordan,Jordan,Molly ,
142445,60,West Campus Dining Hall,West Campus dining Hall,4:00 PM,4:30 PM,5:30 PM,7:00 PM,2,Jamal,Jordan,Needs Manager ,
142693,820,GSU Ziskind,GSU Ziskind,3:00 PM,4:30 PM,5:30 PM,7:30 PM,2,Jose,No P/U,Molly ,
142766,15,101,610 Comm Ave,5:15 PM,5:15 PM,6:00 PM,8:30 PM,1,Romero,No P/U,,
142841,69,26th floor,33 HAW,3:30 PM,4:30 PM,6:00 PM,9:30 PM,3,Jamal,Jamal,Lynn ,
142565,50,Art Gallery - 1st Floor,855 Comm Ave,5:15 PM,5:15 PM,6:00 PM,8:00 PM,1,Romero,No P/U,,
142767,15,101,610 Comm Ave,5:15 PM,5:15 PM,6:00 PM,8:30 PM,1,Sammy,No P/U,,
142248,86,StuVi 2-26th Floor,33 Harry Agganis Way,4:00 PM,5:00 PM,6:00 PM,9:00 PM,2,Jordan,Jordan,needs manager,
142761,15,235,725 Comm Ave,5:15 PM,5:15 PM,6:00 PM,8:30 PM,1,Jordan,No P/U,,
142677,50,Main Space,730 Comm Ave,4:00 PM,5:00 PM,6:00 PM,7:30 PM,2,Jordan,Jordan,Jose ,
142558,65,TBD,43 Hawes St.,4:00 PM,5:00 PM,6:00 PM,8:00 PM,2,Romero,Jordan,Molly ,
142571,220,Ziskind/Ballroom,775 Commonwealth Ave,3:30 PM,5:00 PM,6:00 PM,9:00 PM,0,Flex,No P/U,Lynn,
142447,60,West Campus Dining Hall,West Campus dining Hall,4:00 PM,5:00 PM,6:00 PM,7:00 PM,2,Jamal,Jamal,Lynn ,
142537,100,Art Gallery - 1st Floor,855 Comm Ave,4:00 PM,5:00 PM,6:00 PM,8:00 PM,2,Jordan,Jordan,Lynn ,
142781,110,Heibert Lounge,72 East Concord,4:00 PM,5:00 PM,6:00 PM,9:30 PM,2,Jose,Jose,Conor,
142829,30,420,1010 Comm Ave,5:15 PM,5:15 PM,6:00 PM,12:01:30 AM,1,Jordan,No P/U,,
142214,50,Barristers,765 Comm Ave,4:00 PM,5:15 PM,6:00 PM,7:30 PM,2,Romero,Jordan,Molly ,
141743,100,The Castle,225 Bay State Rd,4:00 PM,5:00 PM,6:00 PM,8:00 PM,3,Romero,Jordan,Lynn,
142399,30,Sloane House,135 Ivy St,4:00 PM,4:00 PM,6:15 PM,8:00 PM,3,Romero,Romero,Christine,
142756,225,Ziskind,775 Comm Ave,4:15 PM,5:30 PM,6:15 PM,8:00 PM,2,Jordan,No P/U,Jose ,
142785,40,0,890 Comm Ave,5:00 PM,5:00 PM,6:30 PM,8:00 PM,1,Jordan,Jordan,,
142490,230,0,890 Comm Ave,5:00 PM,5:00 PM,6:30 PM,8:30 PM,1,Jose,No P/U,,
141674,150,theatre lobby,Booth Theatre,4:30 PM,5:30 PM,6:30 PM,10:00 PM,2,Antonio,Jordan,Molly ,
142487,150,0,890 Comm Ave,5:00 PM,5:00 PM,6:30 PM,7:30 PM,1,Jordan,Jordan,,
140899,43,Castle,225 Bay State Road,4:30 PM,5:30 PM,6:30 PM,9:00 PM,3,Romero,Romero,Lynn,
142486,230,0,890 Comm Ave,5:00 PM,5:00 PM,6:30 PM,8:00 PM,1,Jose,Jamal,,
142492,200,0,890 Comm Ave,5:00 PM,5:00 PM,6:30 PM,7:30 PM,1,Jamal,Jamal,,
142307,105,18th floor,10 Buick st.,4:30 PM,5:45 PM,6:45 PM,9:30 PM,3,Romero,Romero,Molly ,
142329,105,18th floor,10 Buick st.,4:30 PM,5:45 PM,6:45 PM,9:30 PM,3,Jordan,Jordan,Molly ,
142653,1,Various ,775 Comm Ave ,,,7:00 PM,12:01:30 AM,,,,,
137854,350,Tennis Court,Nickerson Field,5:00 PM,6:00 PM,7:00 PM,10:00 PM,2,Jordan,Jordan,Lynn ,
142615,700,Nickerson Plaza,Nickerson Plaza,7:00 PM,9:00 PM,7:00 PM,9:00 PM,0,na,No P/U,,
142488,100,0,890 Comm Ave,5:30 PM,5:30 PM,7:00 PM,8:00 PM,1,Romero,Jordan,,
142654,1,Various,775 Comm Ave,0,0,7:00 PM,12:01:30 AM,0,Jordan,No P/U,,
142595,50,Heibert Lounge-14th Floor,72 East Concord Street,6:15 PM,6:15 PM,7:00 PM,9:00 PM,1,Jordan,Jordan,,
142680,1,Various,775 Comm Ave,0,0,7:00 PM,12:01:30 AM,0,Jordan,No P/U,,
142616,700,Nickerson Plaza,Nickerson Plaza,7:00 PM,9:00 PM,7:00 PM,9:00 PM,0,na,No P/U,,
142682,1,Various,775 Comm Ave,0,0,7:00 PM,12:01:30 AM,0,Jamal,Jamal,,
142491,100,0,890 Comm Ave,5:30 PM,5:30 PM,7:00 PM,10:00 PM,1,Jamal,No P/U,,
142797,200,SAC Multipurpose Room,1 University Rd,6:15 PM,6:15 PM,7:00 PM,9:00 PM,1,Jamal,No P/U,,
142681,1,Various,775 Comm Ave,0,0,7:00 PM,12:01:30 AM,0,Jamal,No P/U,,
142617,700,Nickerson Plaza,Nickerson Plaza,7:00 PM,9:00 PM,7:00 PM,9:00 PM,0,na,No P/U,,
142955,600,Case Gym,Case Gym,6:00 PM,6:00 PM,7:00 PM,12:01:30 AM,1,Jordan,No P/U,,
142618,700,Nickerson Plaza,Nickerson Plaza,7:00 PM,9:00 PM,7:00 PM,9:00 PM,0,na,No P/U,,
142493,200,0,890 Comm Ave,5:30 PM,5:30 PM,7:30 PM,8:30 PM,1,Jordan,Jordan,,
142786,75,0,890 Comm Ave,6:45 PM,6:45 PM,7:30 PM,8:30 PM,1,Jamal,Jamal,,
142489,230,0,890 Comm Ave,6:00 PM,6:00 PM,7:30 PM,9:30 PM,1,Romero,Jordan,,
142798,190,SAC Multipurpose Room,1 University Rd,7:15 PM,7:15 PM,8:00 PM,10:00 PM,1,Jordan,Jordan,,
Grand Totals,,,,,,,,,,,,
,,,,,,,,,,,,
Event ID,Guest Count,,,,,,,,,,,
495,"55,069.00",,,,,,,,,,,
