Daily Run Sheet - GSU  -  11/1/2022 to 11/30/2022,,,,,,,,,,,,
Event ID,Guest Count,Building Room,Street Address,SuppliesTime,Food Time,Event Start Time,End Time,Tier,Drop Steward,Pick Up Steward,Event Manager,Select
143775,1,GSU,775 Comm Ave,6:30 AM,6:30 AM,6:30 AM,6:30 AM,1,Luis,NO P/U,,
143776,1,GSU,775 Comm Ave,6:30 AM,6:30 AM,6:30 AM,6:30 AM,1,Luis,NO P/U,,
143777,1,GSU,775 Comm Ave,6:30 AM,6:30 AM,6:30 AM,6:30 AM,1,Luis ,NO P/U,,
143778,1,GSU,775 Comm Ave,6:30 AM,6:30 AM,6:30 AM,6:30 AM,1,Luis ,NO P/U,,
143779,1,GSU,775 Comm Ave,6:30 AM,6:30 AM,6:30 AM,6:30 AM,1,Luis,NO P/U,,
143780,1,GSU,775 Comm Ave,6:30 AM,6:30 AM,6:30 AM,6:30 AM,1,Luis,NO P/U,,
143781,1,GSU,775 Comm Ave,6:30 AM,6:30 AM,6:30 AM,6:30 AM,1,Luis,NO P/U,,
143782,1,GSU,775 Comm Ave,6:30 AM,6:30 AM,6:30 AM,6:30 AM,1,Luis,NO P/U,,
143783,1,GSU,775 Comm Ave,6:30 AM,6:30 AM,6:30 AM,6:30 AM,1,Luis,NO P/U,,
143784,1,GSU,775 Comm Ave,6:30 AM,6:30 AM,6:30 AM,6:30 AM,1,Luis,NO P/U,,
143785,1,GSU,775 Comm Ave,6:30 AM,6:30 AM,6:30 AM,6:30 AM,1,Luis,NO P/U,,
143786,1,GSU,775 Comm Ave,6:30 AM,6:30 AM,6:30 AM,6:30 AM,1,Luis,NO P/U,,
143787,1,GSU,775 Comm Ave,6:30 AM,6:30 AM,6:30 AM,6:30 AM,1,Luis,NO P/U,,
143788,1,GSU,775 Comm Ave,6:30 AM,6:30 AM,6:30 AM,6:30 AM,1,Luis,NO P/U,,
143789,1,GSU,775 Comm Ave,6:30 AM,6:30 AM,6:30 AM,6:30 AM,1,Luis,NO P/U,,
143790,1,GSU,775 Comm Ave,6:30 AM,6:30 AM,6:30 AM,6:30 AM,1,Luis,NO P/U,,
143791,1,GSU,775 Comm Ave,6:30 AM,6:30 AM,6:30 AM,6:30 AM,1,Luis,NO P/U,,
143792,1,GSU,775 Comm Ave,6:30 AM,6:30 AM,6:30 AM,6:30 AM,1,-,NO P/U,,
143793,1,GSU,775 Comm Ave,6:30 AM,6:30 AM,6:30 AM,6:30 AM,1,-,NO P/U,,
143794,1,GSU,775 Comm Ave,6:30 AM,6:30 AM,6:30 AM,6:30 AM,1,Luis,NO P/U,,
143795,1,GSU,775 Comm Ave,6:30 AM,6:30 AM,6:30 AM,6:30 AM,1,Luis,NO P/U,,
143796,1,GSU,775 Comm Ave,6:30 AM,6:30 AM,6:30 AM,6:30 AM,1,Luis,NO P/U,,
148322,1,Stone Lobby,775 Comm Ave,6:00 AM,6:00 AM,7:00 AM,8:00 AM,1,-,,,
148321,1,Stone Lobby,775 Comm Ave,6:00 AM,6:00 AM,7:00 AM,8:00 AM,1,-,,,
148320,1,Stone Lobby,775 Comm Ave,6:00 AM,6:00 AM,7:00 AM,8:00 AM,1,-,,,
148318,1,Stone Lobby,775 Comm Ave,6:00 AM,6:00 AM,7:00 AM,8:00 AM,1,-,,,
147874,75,Stone Lobby,775 Comm Ave,6:45 AM,6:45 AM,7:30 AM,10:15 AM,1,Luis ,,,
147878,200,Ziskind,775 Comm Ave,6:00 AM,6:00 AM,7:30 AM,10:30 AM,2,Antonio,,NEEDS MANAGER,
147895,200,Ziskind,775 Comm Ave,6:00 AM,6:00 AM,7:30 AM,10:30 AM,2,Antonio,,NEEDS MANAGER,
143839,1,GSU,775 Comm Ave,7:30 AM,7:30 AM,7:30 AM,7:30 AM,1,Antonio,NO P/U,,
147887,75,Stone Lobby,775 Comm Ave,6:45 AM,6:45 AM,7:30 AM,10:15 AM,1,Antonio,,,
143835,1,GSU,775 Comm Ave,7:30 AM,7:30 AM,7:30 AM,7:30 AM,1,Antonio,NO P/U,,
148401,75,9th FL Trustee Ballroom,1 Silbur Way,6:45 AM,6:45 AM,7:30 AM,10:30 AM,1,Luis,Juan,,
143836,1,GSU,775 Comm Ave,7:30 AM,7:30 AM,7:30 AM,7:30 AM,1,Jamal,NO P/U,,
143840,1,GSU,775 Comm Ave,7:30 AM,7:30 AM,7:30 AM,7:30 AM,1,Jose,NO P/U,,
143842,1,GSU,775 Comm Ave,7:30 AM,7:30 AM,7:30 AM,7:30 AM,1,-,NO P/U,,
143838,1,GSU,775 Comm Ave,7:30 AM,7:30 AM,7:30 AM,7:30 AM,1,-,NO P/U,,
143837,1,GSU,775 Comm Ave,7:30 AM,7:30 AM,7:30 AM,7:30 AM,1,Antonio,NO P/U,,
143841,1,GSU,775 Comm Ave,7:30 AM,7:30 AM,7:30 AM,7:30 AM,1,Jose,NO P/U,,
148333,15,2nd FL Training Room,25 Buick St,6:45 AM,6:45 AM,7:30 AM,9:00 AM,1,Luis,No P/U,,
148671,55,Dry Hallway next to Wet Pool Inside FitRec,915 Comm Ave,7:00 AM,7:00 AM,7:45 AM,10:30 AM,2,Jose,Romero,,
148672,55,Dry Hallway next to Wet Pool Inside FitRec,915 Comm Ave,7:00 AM,7:00 AM,7:45 AM,10:30 AM,2,Antonio,Antonio,,
148368,30,Main Office,10 Lenox,7:00 AM,7:00 AM,7:45 AM,12:00 PM,1,Luis,Luis,,
148128,200,0,10 Buick St,0,0,7:45 AM,11:00 AM,CTG,-,,,
148254,15,West End Lounge,8 St. Marys St,7:45 AM,7:45 AM,8:00 AM,10:00 AM,1,Luis ,,,
148602,100,Faculty Lounge,765 Comm Ave,7:30 AM,7:30 AM,8:00 AM,8:00 AM,1,-,,,
147899,75,Stone Lobby,775 Comm Ave,7:15 AM,7:15 AM,8:00 AM,10:15 AM,1,Antonio,,,
148370,90,1st FL,100 East Newton St,7:15 AM,7:15 AM,8:00 AM,9:00 AM,1,Jamal,,,
147901,175,Ziskind,775 Comm Ave,6:30 AM,6:30 AM,8:00 AM,10:30 AM,2,Antonio,,NEEDS MANAGER,
148773,100,Faculty Lounge,765 Comm Ave,7:30 AM,7:30 AM,8:00 AM,8:00 AM,1,-,,,
148774,100,Faculty Lounge,765 Comm Ave,7:30 AM,7:30 AM,8:00 AM,8:00 AM,1,-,,,
147642,39,Einstein's,725 Comm Ave ,0,0,8:00 AM,9:30 AM,1,-,,,
147691,24,Einstein's,725 Comm Ave ,0,0,8:00 AM,9:30 AM,1,-,,,
148595,37,906,8 St. Mary's,7:15 AM,7:15 AM,8:00 AM,9:00 AM,1,Luis,Luis,,
148588,37,906,8 St. Mary's,7:15 AM,7:15 AM,8:00 AM,9:00 AM,1,Antonio,Luis,,
147692,24,Einstein's,725 Comm Ave ,0,0,8:00 AM,9:30 AM,1,-,,,
147643,39,Einstein's,725 Comm Ave ,0,0,8:00 AM,9:30 AM,1,-,,,
148099,150,Living Room,43 Hawes,7:30 AM,7:30 AM,8:15 AM,9:15 AM,1,Luis,Luis,,
148098,150,Living Room,43 Hawes,7:30 AM,7:30 AM,8:15 AM,9:00 AM,1,Romero,Juan,,
148459,20,PICK UP,775 Comm Ave,,,8:15 AM,12:01:30 AM,1,-,,,
147616,60,PICK UP,725 Comm Ave,0,0,8:30 AM,12:01:30 AM,1,Luis ,,,
148201,45,Atrium,765 Comm Ave,7:45 AM,7:45 AM,8:30 AM,9:30 AM,1,Romero,Jose,,
148204,45,Atrium,765 Comm Ave,7:45 AM,7:45 AM,8:30 AM,9:30 AM,1,Jose,jose,,
148136,25,Hiebert Lounge,72 E Concord St,7:30 AM,7:30 AM,8:30 AM,10:00 AM,1,Luis,No P/U,,
148216,25,Rm 505,232 Bay St. Rd.,8:00 AM,8:00 AM,8:30 AM,10:00 AM,1,Jose,No P/U,,
148537,20,BUild Lab,730 Comm Ave,7:45 AM,7:45 AM,8:30 AM,9:30 AM,1,Jose,No P/U,,
147617,60,PICK UP,725 Comm Ave,0,0,8:30 AM,12:01:30 AM,1,-,,,
148513,16,Riverside Room,121 Bay State Rd,7:45 AM,7:45 AM,8:30 AM,10:00 AM,1,Luis,No P/U,,
148485,40,B18,755 Comm Ave,7:45 AM,7:45 AM,8:30 AM,9:30 AM,1,Antonio,No P/U,,
148392,10,Conference Cloths,125 Bay State,7:45 AM,7:45 AM,8:30 AM,10:30 AM,1,Jose,No P/U,,
148422,100,Lobby,610 Comm Ave,7:30 AM,7:30 AM,8:30 AM,10:30 AM,2,Antonio,Antonio,,
148610,16,4th Flr Office,143 Bay State Rd,7:45 AM,7:45 AM,8:30 AM,11:00 AM,1,Antonio,No P/U,,
148762,50,GSU ,775 Comm Ave ,,,8:30 AM,8:30 AM,1,-,,,
148557,35,418,765 Comm Ave,7:45 AM,7:45 AM,8:30 AM,9:30 AM,1,Sammy,Sammy,,
147618,60,PICK UP,725 Comm Ave,0,0,8:30 AM,12:01:30 AM,1,-,,,
148487,40,B18,755 Comm Ave,7:45 AM,7:45 AM,8:30 AM,9:30 AM,1,Luis,No P/U,,
148894,25,2nd FL HR Department,25 Buick St,7:45 AM,7:45 AM,8:30 AM,9:30 AM,1,Luis,No P/U,,
148895,25,Children's Center,10 Lenox St,7:45 AM,7:45 AM,8:30 AM,9:30 AM,1,Antonio,No P/U,,
148304,15,407,143 Bay State Rd,7:45 AM,7:45 AM,8:30 AM,12:00 PM,1,Antonio,No P/U,,
147626,15,In The Electrical Shop,120 Ashford St,8:00 AM,8:00 AM,8:45 AM,10:00 AM,1,Luis,No P/U,,
147627,15,In The Electrical Shop,120 Ashford St,8:00 AM,8:00 AM,8:45 AM,10:00 AM,1,Luis,No P/U,,
147650,15,105,44 Cummington Mall,8:00 AM,8:00 AM,8:45 AM,9:45 AM,1,Jamal,No P/U,,
148751,20,1st Flr. (Entrance on Pleasant St.),940 Comm Ave,9:00 AM,9:00 AM,8:45 AM,11:00 AM,1,Antonio,No P/U,,
147625,15,In The Electrical Shop,120 Ashford St,8:00 AM,8:00 AM,8:45 AM,10:00 AM,1,Luis,No P/U,,
147624,15,In The Electrical Shop,120 Ashford St,8:00 AM,8:00 AM,8:45 AM,10:00 AM,1,Luis,No P/U,,
147623,15,In The Electrical Shop,120 Ashford St,8:00 AM,8:00 AM,8:45 AM,10:00 AM,1,Luis,No P/U,,
148436,5,Behavioral Medicine Group Room A,881 Comm Ave,8:00 AM,8:00 AM,8:45 AM,10:00 AM,1,Antonio,,,
148331,55,Dry Hallway Next To WET Pool Inside Fit/Rec,915 Comm Ave,7:00 AM,8:00 AM,9:00 AM,10:30 AM,2,Jose,Jose,,
147328,15,102,24 Cummington Mall,8:15 AM,8:15 AM,9:00 AM,10:00 AM,1,Luis,No P/U,,
148133,10,3rd Flr Estin Rm,771 Comm Ave,8:15 AM,8:15 AM,9:00 AM,10:00 AM,1,Bruce,,,
148305,60,113,5 Cummington Mall,8:15 AM,8:15 AM,9:00 AM,11:00 AM,1,Luis ,Luis,,
146140,15,200,725 Comm Ave,8:15 AM,8:15 AM,9:00 AM,12:00 PM,1,Romero,No P/U,,
148119,60,Dahoud 301,225 Bay State Road,8:15 AM,8:15 AM,9:00 AM,10:30 AM,0,Antonio,Antonio,,
148132,10,3rd Flr Estin Rm,771 Comm Ave,8:15 AM,8:15 AM,9:00 AM,10:00 AM,1,Jose,No P/U,,
148120,60,Dahoud 301,225 Bay State Road,8:15 AM,8:15 AM,9:00 AM,10:30 AM,0,Antonio,Antonio,,
148355,30,2nd Flr Lowy Lounge,264 Bay State Rd,8:15 AM,8:15 AM,9:00 AM,10:00 AM,1,Antonio,,,
146141,15,200,725 Comm Ave,8:15 AM,8:15 AM,9:00 AM,12:00 PM,1,Jose,No P/U,,
148126,12,OAD Boardroom 6th FL,881 Comm Ave,8:15 AM,8:15 AM,9:00 AM,11:00 AM,1,Luis,No P/U,,
148511,30,2nd Flr Lowy Lounge,264 Bay State Rd,8:15 AM,8:15 AM,9:00 AM,10:00 AM,1,Flex,Luis,,
148326,50,200,725 Comm Ave,8:15 AM,8:15 AM,9:00 AM,11:00 AM,1,Romero,Juan,,
148468,20,101,610 Comm Ave,8:15 AM,8:15 AM,9:00 AM,10:00 AM,1,Luis,No P/U,,
148502,12,1st Flr Conf Rm,152 Bay State Rd,8:15 AM,8:15 AM,9:00 AM,10:00 AM,1,Romero,No P/U,,
148170,350,Grand Ballroom 2nd FL,775 Comm Ave,8:15 AM,8:15 AM,9:00 AM,10:00 AM,1,Antonio,No P/U,,
148340,125,Dental School Office,100 E Newton St,8:00 AM,8:00 AM,9:00 AM,10:00 AM,1,Jose,Jose,,
147329,15,102,24 Cummington Mall,8:15 AM,8:15 AM,9:00 AM,10:00 AM,1,Luis,No P/U,,
148581,30,2nd Flr Lowy Lounge,264 Bay State Rd,8:15 AM,8:15 AM,9:00 AM,10:00 AM,1,Jose,Jamal,,
146142,15,200,725 Comm Ave,8:15 AM,8:15 AM,9:00 AM,12:00 PM,1,Antonio,No P/U,,
148720,8,Thurman Center Kitchen,808 Comm Ave,8:15 AM,8:15 AM,9:00 AM,11:00 AM,1,Sammy,No P/U,,
148717,8,Thurman Center Kitchen,808 Comm Ave,8:15 AM,8:15 AM,9:00 AM,11:00 AM,1,Flex,No P/U,,
148724,1,PICK UP,775 Comm Ave,9:00 AM,0,9:00 AM,2:00 PM,1,Luis,No P/U,,
147330,15,102,24 Cummington Mall,8:15 AM,8:15 AM,9:00 AM,10:00 AM,1,Antonio,No P/U,,
146227,37,340 Student Lounge,635 Comm,8:15 AM,8:15 AM,9:00 AM,10:00 AM,1,Jamal,Sammy,,
148704,6,613A,100 Bay State Rd,8:15 AM,8:15 AM,9:00 AM,10:00 AM,1,Luis,No P/U,,
148670,55,Dry Hallway next to Wet Pool Inside FitRec,915 Comm Ave,7:00 AM,8:00 AM,9:00 AM,10:30 AM,2,Antonio,Jose,,
148675,15,245,44 CUmmington Mall,8:15 AM,8:15 AM,9:00 AM,10:00 AM,1,Antonio,No P/U,,
148816,30,2nd Flr Lowy Lounge,264 Bay State Rd,8:15 AM,8:15 AM,9:00 AM,10:00 AM,1,Antonio,Antonio,,
146143,15,200,725 Comm Ave,8:15 AM,8:15 AM,9:00 AM,12:00 PM,1,Antonio,No P/U,,
148896,8,101,152 Bay State Rd,8:15 AM,8:15 AM,9:00 AM,10:00 AM,1,Jamal,No P/U,,
148738,30,250,2 Silber Way,8:15 AM,8:15 AM,9:00 AM,11:00 AM,1,Jamal,No P/U,,
147331,15,102,24 Cummington Mall,8:15 AM,8:15 AM,9:00 AM,10:00 AM,1,Luis,No P/U,,
148381,25,Gilbane Lounge,871 Comm Ave,8:00 AM,8:00 AM,9:00 AM,10:00 AM,1,Luis,Sammy,,
148779,30,Lowly Lounge 2nd FL SSW,264 Bay State Rd,8:15 AM,8:15 AM,9:00 AM,10:00 AM,1,Antonio,Antonio,,
148146,20,324,8 St Marys,8:30 AM,8:30 AM,9:15 AM,12:30 PM,1,Antonio,Antonio,,
148290,180,906,8 St Marys,8:45 AM,8:45 AM,9:30 AM,12:00 PM,1,Romero,Romero,,
148033,35,325,745 Comm. Ave,8:45 AM,8:45 AM,9:30 AM,12:00 PM,1,Jose,,,
147655,50,Atrium,765 Comm Ave,8:15 AM,8:15 AM,9:30 AM,11:15 AM,1,Antonio,Antonio,,
144376,24,PICK UP @ Einstein,725 Comm Ave,9:15 AM,9:15 AM,9:30 AM,11:00 AM,1,N/A,,,
145964,24,PICK UP @ Einstein,725 Comm Ave,9:15 AM,9:15 AM,9:30 AM,11:00 AM,1,N/A,,,
148606,72,Lobby,635 Comm Ave,8:45 AM,8:45 AM,9:30 AM,2:00 PM,1,Romero,No P/U,,
144377,24,PICK UP @ Einstein,725 Comm Ave,9:15 AM,9:15 AM,9:30 AM,11:00 AM,1,N/A,,,
145965,24,PICK UP @ Einstein,725 Comm Ave,9:15 AM,9:15 AM,9:30 AM,11:00 AM,1,N/A,,,
145967,24,PICK UP @ Einstein,725 Comm Ave,9:15 AM,9:15 AM,9:30 AM,11:00 AM,1,N/A,,,
144379,24,PICK UP @ Einstein,725 Comm Ave,9:15 AM,9:15 AM,9:30 AM,11:00 AM,1,N/A,,,
148533,200,Marsh Plaza,735 Comm Ave,8:45 AM,8:45 AM,9:30 AM,11:00 AM,1,Luis,Luis,,
145966,24,PICK UP @ Einstein,725 Comm Ave,9:15 AM,9:15 AM,9:30 AM,11:00 AM,1,N/A,,,
144378,24,PICK UP @ Einstein,725 Comm Ave,9:15 AM,9:15 AM,9:30 AM,11:00 AM,1,N/A,,,
148160,125,906,8 St Marys,7:30 AM,8:30 AM,9:30 AM,12:30 PM,2,Jose,Jose,,
148192,150,Living Room,43 Hawes,9:00 AM,9:00 AM,9:45 AM,10:30 AM,1,Luis,Luis,,
148637,8,101,152 Bay State Rd,9:00 AM,9:00 AM,9:45 AM,11:00 AM,1,Luis,No P/U,,
143874,15,Parking and Transporation office....Billy Hajjar 617-353-2160,1019 Comm Ave,9:30 AM,9:30 AM,9:45 AM,12:01:30 AM,1,Juan,No P/U,,
148748,24,PICK UP,775 Comm Ave,9:30 AM,9:30 AM,9:45 AM,10:00 AM,1,Flex,No P/U,,
148616,24,Pick Up at GSU,725 Comm Ave,9:00 AM,9:00 AM,9:45 AM,10:00 AM,1,Luis Soto,No P/U,,
148158,60,2nd Flr next to Law Cafe,765 Comm Ave,9:00 AM,9:00 AM,9:45 AM,11:30 AM,1,Jose,Jose,,
143384,25,Admin Office,915 Comm Ave,9:15 AM,9:15 AM,10:00 AM,12:01:30 AM,1,Antonio,No P/U,,
147958,150,0,890 Comm Ave,9:30 AM,9:30 AM,10:00 AM,12:00 PM,1,Sammy,No P/U,,
148265,60,B23/24,745 Comm Ave,9:15 AM,9:15 AM,10:00 AM,11:00 AM,1,Antonio,Sammy,,
148173,350,Grand Ballroom 2nd FL,775 Comm Ave,9:15 AM,9:15 AM,10:00 AM,11:00 AM,1,Jamal,No P/U,,
147767,450,2nd Flr Court 1&2,915 Comm Ave,8:00 AM,8:00 AM,10:00 AM,2:00 PM,2,Juan,Juan,NEEDS MANAGER,
148558,35,418,765 Comm Ave,9:15 AM,9:15 AM,10:00 AM,11:30 AM,1,Sammy,No P/U,,
148728,12,101,152 Bay State Rd,9:15 AM,9:15 AM,10:00 AM,11:00 AM,1,Antonio,No P/U,,
148794,1,Sloane House,135 Ivy Street,0,0,10:00 AM,10:00 AM,0,-,,,
148683,15,Green Room,685 Comm Ave,9:15 AM,9:15 AM,10:00 AM,11:00 AM,1,Jose,Sammy,,
148599,24,3rd Flr Boardroom,928 Comm Ave,9:15 AM,9:15 AM,10:00 AM,1:00 PM,1,Jamal,Luis,,
148703,8,101,152 Bay State Rd,9:15 AM,9:15 AM,10:00 AM,11:00 AM,1,Antonio,No P/U,,
148460,50,410,765 Comm Ave,9:15 AM,9:15 AM,10:00 AM,12:00 PM,1,Luis,No P/U,,
148598,24,3rd Flr Boardroom,928 Comm Ave,9:15 AM,9:15 AM,10:00 AM,1:00 PM,1,Antonio,Antonio,,
148334,15,2nd FL Training Room,25 Buick St,9:15 AM,9:15 AM,10:00 AM,11:00 AM,1,Antonio,No P/U,,
148686,20,428,8 St Marys,9:15 AM,9:15 AM,10:00 AM,11:00 AM,1,Antonio,No P/U,,
143860,25,Management Office,925 Comm Ave,9:15 AM,9:15 AM,10:00 AM,12:01:30 AM,1,Antonio,No P/U,,
143392,25,Housing Office,25 Buick,9:15 AM,9:15 AM,10:00 AM,12:01:30 AM,1,Luis,No P/U,,
147889,75,Stone Lobby,775 Comm Ave,9:30 AM,9:30 AM,10:15 AM,12:00 PM,1,Antonio,,,
147900,75,Stone Lobby,775 Comm Ave,9:30 AM,9:30 AM,10:15 AM,11:30 AM,1,Juan,,,
147875,75,Stone Lobby,775 Comm Ave,9:30 AM,9:30 AM,10:15 AM,1:30 PM,1,Bruce,,,
147880,125,Ziskind,775 Comm Ave,9:30 AM,9:30 AM,10:30 AM,12:00 PM,2,Luis ,,NEEDS MANAGER,
148481,20,GSU ,775 Comm Ave ,,,10:30 AM,12:01:30 AM,1,-,,,
147896,125,Ziskind,775 Comm Ave,9:00 AM,9:00 AM,10:30 AM,12:00 PM,2,Antonio,,NEEDS MANAGER,
148303,15,407,143 Bay State Rd,9:45 AM,9:45 AM,10:30 AM,12:30 PM,1,Luis,No P/U,,
148486,14,301,15 St Marys,9:45 AM,9:45 AM,10:30 AM,11:30 AM,1,Luis,No P/U,,
148358,10,435,2 Silber Way,9:45 AM,9:45 AM,10:30 AM,12:00 PM,1,Romero,No P/U,,
148578,16,106C,610 Comm Ave,10:00 AM,10:00 AM,10:45 AM,11:45 AM,1,Jose,No P/U,,
148531,40,250 - Faculty/Staff Lounge,1 University Rd,10:00 AM,10:00 AM,10:45 AM,11:45 AM,1,Flex,No P/U,,
148483,10,GSU,775 Comm Ave ,,,10:45 AM,12:01:30 AM,1,-,,,
148431,4,312,775 Commonwealth Ave,10:00 AM,11:30 AM,11:00 AM,2:00 PM,2,-,,CK-CC,
148202,45,Atrium,765 Comm Ave,10:15 AM,10:15 AM,11:00 AM,1:15 PM,1,Antonio,Jose,,
148205,45,Atrium,765 Comm Ave,10:15 AM,10:15 AM,11:00 AM,11:15 AM,1,Sammy,,,
146287,125,Ziskind Lounge,775 Comm Ave,9:00 AM,10:00 AM,11:00 AM,1:00 PM,2,Juan,,NEEDS MANAGER,
148371,100,1st FL,100 East Newton St,10:15 AM,10:15 AM,11:00 AM,3:15 PM,1,Jamal,Juan,,
148345,10,1st flr - Office,121 Bay State Rd,10:15 AM,10:15 AM,11:00 AM,12:00 PM,1,Luis ,,,
147869,50,Stone Lobby,775 Comm Ave,10:15 AM,10:15 AM,11:00 AM,1:00 PM,1,Luis ,,,
148187,150,Living Room,43 Hawes,10:15 AM,10:15 AM,11:00 AM,11:30 AM,1,Juan,No P/U,,
144347,20,Dance Studio Lobby,915 Comm Ave,10:15 AM,10:15 AM,11:00 AM,12:00 PM,1,Luis,No P/U,,
148464,70,906,8 St Marys,9:00 AM,10:00 AM,11:00 AM,1:30 PM,1,Jose,Antonio,,
144341,20,Dance Studio Lobby,915 Comm Ave,10:15 AM,10:15 AM,11:00 AM,12:00 PM,1,Luis,No P/U,,
147724,7,107,44 Cummington Mall,10:15 AM,10:15 AM,11:00 AM,12:00 PM,1,Luis,No P/U,,
147813,40,Marsh Room,735 Comm Ave,10:15 AM,10:15 AM,11:00 AM,1:00 PM,1,Antonio,No P/U,,
148241,70,906,8 St Marys,10:15 AM,10:15 AM,11:00 AM,1:00 PM,1,Luis,Jose,,
139015,15,E&C Office,928 Comm Ave,10:15 AM,10:15 AM,11:00 AM,12:01:30 AM,1,Jose,No P/U,,
148465,22,106C,610 Comm Ave,10:15 AM,10:15 AM,11:00 AM,12:30 PM,1,Antonio,No P/U,,
144349,20,Dance Studio Lobby,915 Comm Ave,10:15 AM,10:15 AM,11:00 AM,12:00 PM,1,Jose,No P/U,,
144350,20,Dance Studio Lobby,915 Comm Ave,10:15 AM,10:15 AM,11:00 AM,12:00 PM,1,Jose,No P/U,,
148694,12,257,890 Comm Ave,10:15 AM,10:15 AM,11:00 AM,12:30 PM,1,Luis,No P/U,,
148535,200,Marsh Plaza,735 Comm Ave,10:15 AM,10:15 AM,11:00 AM,12:00 PM,1,Luis and Sammy,Luis,,
148726,15,Arena Events Office,925 Comm Ave,10:15 AM,10:15 AM,11:00 AM,12:01:30 AM,1,Juan,No P/U,,
144351,20,Dance Studio Lobby,915 Comm Ave,10:15 AM,10:15 AM,11:00 AM,12:00 PM,1,Jose,No P/U,,
148432,150,Lobby and Rm 105,15 St Marys,9:00 AM,10:00 AM,11:00 AM,1:00 PM,2,Antonio,Jose,,
148698,50,2nd Flr Commons,808 Comm Ave,10:15 AM,10:15 AM,11:00 AM,12:00 PM,1,Jamal,Jose,,
148705,80,Law Cafe,765 Comm Ave,10:15 AM,10:15 AM,11:00 AM,12:00 PM,1,Romero,No P/U,,
148775,15,LNG 101,718 Comm Ave,10:15 AM,10:15 AM,11:00 AM,12:00 PM,1,Luis,No P/U,,
148815,6,208,264 Bay State Rd,10:15 AM,10:15 AM,11:00 AM,12:00 PM,1,Luis,No P/U,,
148889,10,304,226 Bay State Rd,10:15 AM,10:15 AM,11:00 AM,1:00 PM,1,Luis,No P/U,,
148817,6,208,264 Bay State Rd,10:15 AM,10:15 AM,11:00 AM,12:00 PM,1,Luis,No P/U,,
148944,10,304,226 Bay St. Rd.,10:30 AM,10:30 AM,11:00 AM,12:00 PM,1,Luis,No P/U,,
148585,37,901,8 St. Marys,10:45 AM,10:45 AM,11:15 AM,1:00 PM,1,Jose,No P/U,,
148442,44,PICK UP,10 Buick St,0,0,11:15 AM,1:00 PM,CTG,-,,,
148443,44,PICK UP,10 Buick St,0,0,11:15 AM,1:00 PM,CTG,-,,,
148441,44,PICK UP,10 Buick St,,,11:15 AM,1:00 PM,CTG,-,,,
148366,25,SAO office,1 University Rd,10:45 AM,10:45 AM,11:30 AM,1:00 PM,1,Antonio,,,
148538,20,BUild Lab,730 Comm Ave,10:45 AM,10:45 AM,11:30 AM,12:30 PM,1,Antonio,No P/U,,
148539,20,BUild Lab,730 Comm Ave,10:45 AM,10:45 AM,11:30 AM,12:30 PM,1,Jamal,No P/U,,
148018,56,Terrace Lounge,775 Commonwealth Ave,11:00 AM,11:00 AM,11:30 AM,1:30 PM,0,Luis,Flex,,
148466,20,PICK UP,775 Comm Ave,11:15 AM,11:15 AM,11:30 AM,12:01:30 AM,1,Flex,No P/U,,
148351,6,208 2nd FL SSW,264 Bay State Rd,10:45 AM,10:45 AM,11:30 AM,12:30 PM,1,Jose,No P/U,,
146209,40,245,110 Cummington Mall,10:45 AM,10:45 AM,11:30 AM,1:30 PM,1,Antonio,No P/U,,
148580,6,208,264 Bay State Rd,10:45 AM,10:45 AM,11:30 AM,12:30 PM,1,Jamal,No P/U,,
148689,30,Terrace Lounge,775 Comm Ave,9:30 AM,10:30 AM,11:30 AM,2:00 PM,2,Jose,No P/U,Conor,
148299,16,Thurman Center Kitchen,808 Comm Ave,10:45 AM,10:45 AM,11:30 AM,1:00 PM,1,Sammy,No P/U,,
148900,14,Lobby,121 Bay State Rd,10:45 AM,10:45 AM,11:30 AM,1:00 PM,1,Luis,No P/U,,
148695,25,Terrace Lounge,775 Comm Ave,10:45 AM,10:45 AM,11:30 AM,1:00 PM,1,Antonio,Antonio,,
148820,30,500,855 Comm Ave,10:45 AM,10:45 AM,11:30 AM,1:00 PM,1,Antonio,No P/U,,
148768,15,259,855 Comm Ave,11:00 AM,11:15 AM,11:45 AM,2:00 PM,1,Sammy,Jamal,,
148019,20,B18,755 Comm Ave,11:00 AM,11:00 AM,11:45 AM,1:00 PM,1,Sammy,No P/U,,
148700,15,2nd Flr. RM 201,25 Buick St.,11:15 AM,11:15 AM,11:45 AM,1:00 PM,1,Luis,No P/U,,
148592,37,906,8 St. Marys,11:00 AM,11:00 AM,11:45 AM,1:00 PM,1,Sammy,No P/U,,
148596,37,906,8 St. Mary's,11:00 AM,11:00 AM,11:45 AM,1:00 PM,1,Antonio,No P/U,,
148169,10,B13- A,881 Comm Ave-WEST Entrance,11:00 AM,11:00 AM,11:45 AM,1:00 PM,1,Luis,No P/U,,
148226,4,3rd Flr Estin Rm,771 Comm Ave,11:15 AM,11:15 AM,12:00 PM,1:00 PM,1,Jose,No P/U,,
144498,15,CONF. RM 401 4th flr.,44 Cummington Mall,11:15 AM,11:15 AM,12:00 PM,2:00 PM,1,Romero,No P/U,,
148352,30,1st Floor Kitchen,940 Comm Ave (Pleasant St Entrance),11:15 AM,11:15 AM,12:00 PM,1:00 PM,1,Jose ,,,
148279,16,106,610 Comm Ave,11:15 AM,11:15 AM,12:00 PM,1:00 PM,1,Romero,,,
145939,5,324,8 St. Mary's Street,11:15 AM,11:15 AM,12:00 PM,2:00 PM,1,Jose,No P/U,,
148256,8,West End Lounge,8 St. Marys St,11:15 AM,11:15 AM,12:00 PM,1:00 PM,1,Jose,,,
148343,13,263A & B,930 Comm Ave,11:15 AM,11:15 AM,12:00 PM,1:00 PM,1,Luis ,,,
148227,4,3rd Flr Estin Rm,771 Comm Ave,11:15 AM,11:15 AM,12:00 PM,1:00 PM,1,Jose,No P/U,,
147891,75,Stone Lobby,775 Comm Ave,11:15 AM,11:15 AM,12:00 PM,2:00 PM,1,Bruce,,,
148367,12,902 Law Tower,765 Comm Ave,11:15 AM,11:15 AM,12:00 PM,1:00 PM,1,Sammy,,,
148291,200,906,8 St Marys,11:15 AM,11:15 AM,12:00 PM,1:00 PM,1,Jose & Bruce,,,
148214,10,L210 MED CAMPUS,72 East Concord St.,11:00 AM,11:00 AM,12:00 PM,1:30 PM,1,Sammy,,,
145940,5,324,8 St. Mary's Street,11:15 AM,11:15 AM,12:00 PM,2:00 PM,1,Sammy,No P/U,,
148510,12,111A,745 Comm Ave,11:30 AM,11:30 AM,12:00 PM,1:00 PM,1,-,,,
148469,35,420,1010 Comm Ave,11:15 AM,11:15 AM,12:00 PM,1:00 PM,1,Romero,Juan,,
148278,75,Baristers Hall 1st FL,765 Comm Ave,11:15 AM,11:15 AM,12:00 PM,1:00 PM,1,Luis,Juan,,
148364,15,1st FL Conference Room,67 Bay State Rd,11:15 AM,11:15 AM,12:00 PM,1:00 PM,1,Luis,No P/U,,
148399,18,HTC Center - 2nd Level,808 Commonwealth Ave - Thurman Center,9:45 AM,10:45 AM,12:00 PM,1:30 PM,3,Juan,Romero,,
144499,15,CONF. RM 401 4th flr.,44 Cummington Mall,11:15 AM,11:15 AM,12:00 PM,2:00 PM,1,Sammy,No P/U,,
148008,50,Sidewalk In front of 44,44 Cummington Mall,11:15 AM,11:15 AM,12:00 PM,1:30 PM,1,Sammy,Sammy,,
148356,23,423,2 Silber Way,11:15 AM,11:15 AM,12:00 PM,1:30 PM,1,Jose,No P/U,,
144159,24,Lobby,121 Bay State Road,11:15 AM,11:15 AM,12:00 PM,1:15 PM,1,Romero,No P/U,,
144500,15,CONF. RM 401 4th flr.,44 Cummington Mall,11:15 AM,11:15 AM,12:00 PM,2:00 PM,1,Sammy,No P/U,,
148607,13,263A&B,930 Comm Ave,11:15 AM,11:15 AM,12:00 PM,1:00 PM,1,Luis,No P/U,,
148100,150,Living Room,43 Hawes,10:00 AM,11:00 AM,12:00 PM,1:30 PM,2,Juan,Juan,,
148454,20,PERD Conf Room,915 Comm Ave,11:15 AM,11:15 AM,12:00 PM,1:00 PM,1,Luis,No P/U,,
148516,25,Riverside Room,121 Bay State Rd,11:15 AM,11:15 AM,12:00 PM,1:30 PM,1,Luis,No P/U,,
148402,70,Small Ballroom,775 Comm Ave,11:15 AM,11:15 AM,12:00 PM,2:00 PM,1,Jose,Jose,,
148524,50,906,8 St Marys,11:15 AM,11:15 AM,12:00 PM,1:00 PM,1,Luis,No P/U,,
148228,4,320 3rd FL,771 Comm Ave,11:15 AM,11:15 AM,12:00 PM,1:00 PM,1,Antonio,No P/U,,
148243,19,105,15 St Marys,11:15 AM,11:15 AM,12:00 PM,1:00 PM,1,Sammy,Jose,,
148171,350,Grand Ballroom 2nd FL,775 Comm Ave,11:15 AM,11:15 AM,12:00 PM,1:00 PM,1,Antonio,No P/U,,
148570,8,5th FL Conference Room,53 Bay State Rd,11:15 AM,11:15 AM,12:00 PM,1:00 PM,1,Antonio,No P/U,,
148681,20,GDPC Conf Rm,53 Bay State Rd,11:15 AM,11:15 AM,12:00 PM,2:00 PM,1,Jose,No P/U,,
148677,20,PICK UP,775 Comm Ave,,,12:00 PM,12:01:30 AM,1,Sammy,No P/U,,
148337,15,2nd FL Training Room,25 Buick St,11:15 AM,11:15 AM,12:00 PM,1:00 PM,1,Antonio,No P/U,,
148339,15,2nd FL Training Room,25 Buick St,11:15 AM,11:15 AM,12:00 PM,2:30 PM,1,Antonio,No P/U,,
148718,9,Thurman Center Kitchen,808 Comm Ave,11:15 AM,11:15 AM,12:00 PM,1:00 PM,1,Flex,No P/U,,
144501,15,CONF. RM 401 4th flr.,44 Cummington Mall,11:15 AM,11:15 AM,12:00 PM,2:00 PM,1,Luis,No P/U,,
148753,12,TBD (4th Floor),881 Comm Ave,11:15 AM,11:15 AM,12:00 PM,1:00 PM,1,Antonio,No P/U,,
148163,20,STH 611 ,745 Commonwealth Avenue,11:15 AM,11:15 AM,12:00 PM,1:00 PM,1,Jamal,No P/U,,
148669,20,BUild Lab,730 Comm Ave,11:15 AM,11:15 AM,12:00 PM,1:00 PM,1,Sammy,No P/U,,
148555,35,418,765 Comm Ave,11:15 AM,11:15 AM,12:00 PM,1:00 PM,1,Antonio,Romero,,
148556,35,418,765 Comm Ave,11:15 AM,11:15 AM,12:00 PM,1:00 PM,1,Antonio,Romero,,
148534,200,Marsh Plaza,735 Comm Ave,11:15 AM,11:15 AM,12:00 PM,1:30 PM,1,Luis and Sammy,Luis,,
148730,20,1203 Alumni Boardroom,765 Comm Ave,11:15 AM,11:15 AM,12:00 PM,1:00 PM,1,Jordan,No P/U,,
144502,15,CONF. RM 401 4th flr.,44 Cummington Mall,11:15 AM,11:15 AM,12:00 PM,2:00 PM,1,Luis,No P/U,,
148725,25,Housing Office,25 Buick St,11:15 AM,11:15 AM,12:00 PM,1:00 PM,1,Luis,No P/U,,
148902,10,325,745 Comm Ave,11:15 AM,11:15 AM,12:00 PM,1:00 PM,1,Claudia,No P/U,,
148772,60,Hiebert Lounge L1407,72 E. Concord St,11:15 AM,11:15 AM,12:00 PM,2:00 PM,1,Sammy,Sammy,,
145943,5,324,8 St. Mary's Street,11:15 AM,11:15 AM,12:00 PM,2:00 PM,1,Antonio,No P/U,,
147567,12,B02A,677 Beacon St,11:15 AM,11:15 AM,12:15 PM,1:30 PM,1,Jose,No P/U,,
148638,15,lobby,121 Bay State Rd,11:30 AM,11:30 AM,12:15 PM,12:45 PM,1,Luis,No P/U,,
148547,140,Charles River Rm - 525,765 Comm Ave,11:45 AM,11:45 AM,12:30 PM,3:00 PM,1,Jose,Romero,,
148679,9,420,1010 Comm Ave,11:45 AM,11:45 AM,12:30 PM,1:30 PM,1,Jamal,No P/U,,
148559,35,418,765 Comm Ave,11:45 AM,11:45 AM,12:30 PM,1:30 PM,1,Romero,No P/U,,
148844,8,724,595 Comm Ave,11:45 AM,11:45 AM,12:30 PM,2:00 PM,1,Antonio,No P/U,,
148164,20,STH 409 Library,745 Commonwealth Avenue,11:45 AM,11:45 AM,12:30 PM,1:30 PM,1,Jamal,No P/U,,
148710,10,301,43 Hawes,11:45 AM,11:45 AM,12:30 PM,1:30 PM,1,Jordan,No P/U,,
148134,100,Castle,225 Bay State Rd,10:30 AM,11:30 AM,12:30 PM,3:00 PM,2,Sammy,Sammy,,
148386,20,0,775 Comm Ave,12:15 PM,12:15 PM,12:30 PM,2:00 PM,1,Flex,No P/U,,
147885,145,Large Ballroom,775 Comm Ave,11:30 AM,11:30 AM,12:30 PM,2:00 PM,1,Luis ,,,
148349,30,253,675 Comm Ave,11:45 AM,11:45 AM,12:30 PM,1:30 PM,1,Sammy,,,
148090,12,315,775 Comm Ave,11:45 AM,11:45 AM,12:30 PM,1:30 PM,1,Sammy,No P/U,,
148297,20,226,900 Comm Ave,12:00 PM,12:00 PM,12:45 PM,2:00 PM,1,Romero,,,
148203,45,5th Flr Charles River Rm,765 Comm Ave,12:00 PM,12:00 PM,12:45 PM,2:15 PM,1,Jose,,,
148645,30,204,765 Comm Ave,10:45 AM,11:45 AM,12:45 PM,2:00 PM,2,Jamal,Jordan,Molly,
143124,15,Room 230,855 Comm Ave,12:00 PM,12:00 PM,12:45 PM,2:00 PM,1,Antonio,No P/U,,
148611,16,310,775 Comm Ave,12:15 PM,12:15 PM,1:00 PM,2:00 PM,1,Juan,No P/U,,
148153,60,Charles River Rm 5th Flr,765 Comm Ave,11:00 AM,11:00 AM,1:00 PM,2:00 PM,2,Romero,Sammy,,
148387,100,Barristers,765 Comm Ave,12:15 PM,12:15 PM,1:00 PM,2:00 PM,1,Sammy,Sammy,,
148594,20,SAO Office,1 University Rd,12:15 PM,12:15 PM,1:00 PM,2:00 PM,1,Jamal,No P/U,,
148576,20,PICK UP,775 Comm Ave,12:15 PM,12:15 PM,1:00 PM,2:00 PM,1,Antonio,No P/U,,
148032,35,325,745 Comm. Ave,12:15 PM,12:15 PM,1:00 PM,6:00 PM,1,Jose,,,
148306,40,410,765 Comm Ave,12:15 PM,12:15 PM,1:00 PM,2:00 PM,1,Antonio,,,
148369,20,428,8 St. Marys St,12:15 PM,12:15 PM,1:00 PM,2:00 PM,1,Sammy,,,
148035,35,325,745 Comm. Ave,12:15 PM,12:15 PM,1:00 PM,6:00 PM,1,Sammy,,,
148375,14,106C,610 Comm Ave,12:15 PM,12:15 PM,1:00 PM,4:30 PM,1,Sammy,Sammy,,
148504,12,203,154 Bay State Rd,12:15 PM,12:15 PM,1:00 PM,3:00 PM,1,Romero,No P/U,,
148208,200,Ballroom,775 Comm Ave,12:15 PM,12:15 PM,1:00 PM,6:00 PM,1,Jose and Sammy,Jamal,,
148384,20,325,745 Comm Ave,12:15 PM,12:15 PM,1:00 PM,3:00 PM,1,Jose,No P/U,,
148162,20,STH 413,745 Commonwealth Avenue,12:15 PM,12:15 PM,1:00 PM,2:00 PM,1,Sammy,No P/U,,
148458,12,260,100 Cummington Mall,2:45 PM,2:45 PM,1:15 PM,2:30 PM,1,Jose,No P/U,,
148584,16,200,725 Comm Ave,12:30 PM,12:30 PM,1:15 PM,2:00 PM,1,Luis,No P/U,,
148589,15,101,718 Comm Ave,12:30 PM,12:30 PM,1:15 PM,2:15 PM,1,Romero,No P/U,,
148456,12,260,100 Cummington Mall,12:45 PM,12:45 PM,1:15 PM,2:30 PM,1,Jamal,No P/U,,
148590,15,101,718 Comm Ave,12:30 PM,12:30 PM,1:15 PM,2:15 PM,1,Jose,No P/U,,
148569,10,260,100 Cummington Mall,2:45 PM,2:45 PM,1:15 PM,2:30 PM,1,Juan,No P/U,,
148591,15,101,718 Comm Ave,12:30 PM,12:30 PM,1:15 PM,2:15 PM,1,Romero,No P/U,,
148536,200,Marsh Plaza,735 Comm Ave,12:45 PM,12:45 PM,1:30 PM,2:30 PM,1,Luis and Sammy,Romero,,
147876,75,Stone Lobby,775 Comm Ave,12:45 PM,12:45 PM,1:30 PM,2:45 PM,1,Bruce,,,
147882,225,Ziskind,775 Comm Ave,12:30 PM,12:30 PM,1:45 PM,3:00 PM,2,Bruce,,NEEDS MANAGER,
144537,30,COM 209,640 Comm Ave,1:00 PM,1:00 PM,1:45 PM,3:00 PM,1,Juan,Jamal,,
148566,36,443D,635 Comm Ave,1:00 PM,1:00 PM,1:45 PM,2:45 PM,1,Antonio,No P/U,,
148463,30,150,64 Cummington Mall,1:15 PM,1:15 PM,2:00 PM,4:00 PM,1,Jose,Antonio,,
148373,30,TBD,775 Comm Ave,1:15 PM,1:15 PM,2:00 PM,3:00 PM,1,Romero,No P/U,,
148429,45,Atrium,765 Comm Ave,1:15 PM,1:15 PM,2:00 PM,2:30 PM,1,bruce,,,
148292,130,906,8 St Marys,1:15 PM,1:15 PM,2:00 PM,3:00 PM,1,Sammy,,,
148295,70,101/Lobby,610 Comm Ave,1:15 PM,1:15 PM,2:00 PM,3:00 PM,1,Romero,,,
147892,75,Stone Lobby,775 Comm Ave,1:15 PM,1:15 PM,2:00 PM,3:00 PM,1,Bruce,,,
147977,50,Living Room/Foyer/Terrace,43 Hawes,12:00 PM,1:00 PM,2:00 PM,5:00 PM,3,Sammy,Sammy,,
148255,130,CitySpace,890 Comm Ave,12:00 PM,12:00 PM,2:00 PM,3:00 PM,2,Antonio,,,
148680,12,940,8 St Marys,1:15 PM,1:15 PM,2:00 PM,3:00 PM,1,Jose,No P/U,,
142854,50,105,"15 St. Mary’s Street, EMB 105",1:15 PM,1:15 PM,2:00 PM,3:00 PM,1,Jose,Romero,,
145921,14,315,8 St Marys,1:15 PM,1:15 PM,2:00 PM,3:00 PM,1,Jamal,No P/U,,
148707,20,B25,750 Comm Ave,1:15 PM,1:15 PM,2:00 PM,3:00 PM,1,Antonio,No P/U,,
148593,37,906,8 St. Marys,1:15 PM,1:15 PM,2:00 PM,3:30 PM,1,Romero,Jamal,,
148300,100,Lobby,2 Silber Way,1:15 PM,1:15 PM,2:00 PM,5:00 PM,1,Jamal,No P/U,,
148706,50,E605,72 E Concord St,1:00 PM,1:00 PM,2:00 PM,3:00 PM,1,Sammy,Sammy,,
148574,10,255,808 Comm AVE,1:45 PM,1:45 PM,2:15 PM,2:15 PM,1,Jose,No P/U,,
148188,150,Living Room,43 Hawes,1:30 PM,1:30 PM,2:15 PM,3:15 PM,1,Romero,Juan,,
148612,20,PICK UP,775 Comm Ave,2:15 PM,2:15 PM,2:30 PM,12:01:30 AM,1,-,,,
148404,25,122,1010 Comm Ave,1:45 PM,1:45 PM,2:30 PM,3:30 PM,1,Sammy,Romero,,
148244,20,105,15 St Marys,2:00 PM,2:00 PM,2:45 PM,3:45 PM,1,Jose,No P/U,,
148519,50,122,1010 Comm Ave,2:00 PM,2:00 PM,2:45 PM,4:00 PM,1,Antonio,No P/U,,
148512,15,259,855 Comm Ave,2:00 PM,2:00 PM,2:45 PM,4:00 PM,0,Jamal,No P/U,,
148260,12,901,8 St. Marys,2:00 PM,2:00 PM,2:45 PM,4:00 PM,1,Jose,,,
147877,75,Stone Lobby,775 Comm Ave,2:00 PM,2:00 PM,2:45 PM,5:00 PM,1,Bruce,,,
142853,50,203,8 St Marys,2:15 PM,2:15 PM,3:00 PM,4:00 PM,1,Jose,Jordan,,
147893,75,Stone Lobby,775 Comm Ave,2:15 PM,2:15 PM,3:00 PM,5:15 PM,1,Sammy,,,
145668,15,804E,765 Comm Ave,2:15 PM,2:15 PM,3:00 PM,4:00 PM,1,Jose,No P/U,,
146097,40,HTC 205,808 Comm Ave,2:15 PM,2:15 PM,3:00 PM,5:00 PM,1,Sammy,Sammy,,
147870,120,Ziskind,775 Comm Ave,1:00 PM,1:00 PM,3:00 PM,5:00 PM,2,Luis ,,NEEDS MANAGER,
145669,15,804E,765 Comm Ave,2:15 PM,2:15 PM,3:00 PM,4:00 PM,1,Jose,No P/U,,
148070,50,906,8 St Marys,2:15 PM,2:15 PM,3:00 PM,5:00 PM,1,Juan,Jamal,,
142858,50,203,8 St Marys,2:15 PM,2:15 PM,3:00 PM,4:00 PM,1,Sammy,Sammy,,
148215,60,Conf. Rm 146,881 Comm. AVE (WEST ENTRANCE),2:15 PM,2:15 PM,3:00 PM,5:00 PM,1,Sammy,Sammy,,
148696,20,101,610 Comm Ave,2:15 PM,2:15 PM,3:00 PM,4:00 PM,1,Jamal,No P/U,,
146099,40,HTC 205,808 Comm Ave,2:15 PM,2:15 PM,3:00 PM,5:00 PM,1,Jose,Sammy,,
148078,175,7th Flr Atrium,8 St Marys,1:00 PM,2:00 PM,3:00 PM,5:00 PM,2,Antonio,Romero,,
148530,20,417,635 Comm Ave,2:15 PM,2:15 PM,3:00 PM,4:00 PM,1,Jose,No P/U,,
145670,15,804E,765 Comm Ave,2:15 PM,2:15 PM,3:00 PM,4:00 PM,1,Jose,No P/U,,
148388,8,2nd Flr - Deans conference rm,264 Bay State Rd,2:15 PM,2:15 PM,3:00 PM,4:15 PM,1,Juan,Juan,,
148529,40,Terrace Lounge,775 Comm Ave,2:15 PM,2:15 PM,3:00 PM,4:00 PM,1,Sammy,No P/U,,
145671,15,804E,765 Comm Ave,2:15 PM,2:15 PM,3:00 PM,4:00 PM,1,Jordan,No P/U,,
148776,15,CAS 533B,725 Comm Ave,2:45 PM,2:45 PM,3:15 PM,4:30 PM,1,Jordan,No P/U,,
144540,30,COM 209,640 Comm Ave,2:30 PM,2:30 PM,3:15 PM,4:30 PM,1,Jamal,Romero,,
144538,30,COM 106,640 Comm Ave,2:30 PM,2:30 PM,3:15 PM,4:30 PM,1,Romero,Romero,,
148275,12,260,100 Cummington Mall,2:45 PM,2:45 PM,3:15 PM,4:30 PM,1,Jamal,,,
148277,5,106D,610 Comm,2:45 PM,2:45 PM,3:30 PM,5:30 PM,1,Romero,,,
146283,250,Ziskind Lounge,775 Comm Ave,1:30 PM,2:30 PM,3:30 PM,5:30 PM,2,Bruce,,NEEDS MANAGER,
148232,30,The Gathering Place,808 Comm Ave,2:45 PM,2:45 PM,3:30 PM,4:30 PM,1,Sammy,,,
146284,300,Ziskind Lounge,775 Comm Ave,1:30 PM,2:30 PM,3:30 PM,5:30 PM,2,Bruce,,NEEDS MANAGER,
148050,25,B24,745 Comm Ave,2:45 PM,2:45 PM,3:30 PM,5:00 PM,1,Jose,Sammy,,
148518,15,310,775 Comm Ave,2:45 PM,2:45 PM,3:30 PM,4:30 PM,1,Jose,No P/U,,
148288,175,West End Lounge,8 St Marys,1:30 PM,2:30 PM,3:30 PM,5:00 PM,2,Sammy,Sammy,,
148296,15,200,725 Comm Ave,2:45 PM,2:45 PM,3:30 PM,4:30 PM,1,Juan,No P/U,,
148287,40,410,765 Comm Ave,1:30 PM,2:30 PM,3:30 PM,5:00 PM,2,Sammy,Sammy,,
148702,42,Castle,225 Bay State Rd,1:30 PM,2:30 PM,3:30 PM,6:00 PM,3,Jordan,Jordan,,
148484,22,423,2 Silber Way,3:00 PM,3:00 PM,3:45 PM,5:00 PM,1,Sammy,No P/U,,
148635,15,Cinema Room/Rich Hall,277 Babcock St ,3:00 PM,3:00 PM,3:45 PM,7:00 PM,1,-,,,
148009,24,236,635 Comm Ave.,3:30 PM,3:30 PM,3:45 PM,4:00 PM,1,Jordan,,,
148263,45,Fisk House,193 Bay State Road,2:00 PM,2:00 PM,4:00 PM,6:00 PM,1,Jamal,Jamal,,
148329,100,Common Room 101,91 Bay State Rd,3:15 PM,3:15 PM,4:00 PM,5:00 PM,1,Jose,Jamal,,
148325,20,325,745 Comm Ave,3:15 PM,3:15 PM,4:00 PM,5:00 PM,1,Jordan,Jordan,,
148082,300,Hiebert Lounge,72 E Concord St,1:30 PM,1:30 PM,4:00 PM,7:00 PM,2,Jamal,Jordan,,
148096,30,Lobby,75 Bay State Rd,2:00 PM,3:00 PM,4:00 PM,6:00 PM,2,Jamal,Jamal,,
148233,30,The Gathering Place,808 Comm Ave,3:15 PM,3:15 PM,4:00 PM,5:00 PM,1,Juan,No P/U,,
148528,25,GDPC Conference Room,53 Bay State Rd,3:15 PM,3:15 PM,4:00 PM,5:00 PM,1,Antonio,No P/U,,
148571,12,5th FL Conference Room,53 Bay State Rd,3:15 PM,3:15 PM,4:00 PM,5:00 PM,0,Sammy,No P/U,,
148400,45,Sloane House,135 Ivy Street,2:00 PM,2:00 PM,4:00 PM,6:00 PM,3,Juan,Antonio,Christine,
148461,20,"1st Flr, Conf Rm",53 Bay State Rd,3:15 PM,3:15 PM,4:00 PM,5:30 PM,1,Juan,No P/U,,
147482,100,Lobby,610 Comm Ave,2:00 PM,3:00 PM,4:00 PM,6:00 PM,2,Antonio,Jamal,NEEDS MANAGER,
148470,15,1st Flr,121 Bay State Rd,3:15 PM,3:15 PM,4:00 PM,5:30 PM,1,Juan,No P/U,,
148478,12,410,765 Comm Ave,3:15 PM,3:15 PM,4:00 PM,5:00 PM,1,Juan,No P/U,,
148234,30,The Gathering Place,808 Comm Ave,3:15 PM,3:15 PM,4:00 PM,5:00 PM,1,Jamal,No P/U,,
148727,40,GSU Conference Auditorium Foyer/Lobby,775 Comm Ave,3:15 PM,3:15 PM,4:00 PM,5:00 PM,1,Sammy,Sammy,,
146266,150,Hiebert Lounge,72 E Concord St,1:30 PM,2:30 PM,4:00 PM,7:00 PM,2,Sammy,Romero,NEEDS MANAGER,
145683,20,6th Flr,8 St Marys,2:00 PM,3:00 PM,4:00 PM,6:00 PM,1,Jose,Jamal,,
148642,75,Event Space,808 Comm Ave,2:00 PM,3:00 PM,4:00 PM,6:00 PM,2,Romero,Jordan,,
148597,37,West End Lounge,8 St. Marys,2:00 PM,3:00 PM,4:00 PM,5:00 PM,2,Romero,Jamal,,
148166,100,906,8 St. Marys,3:15 PM,3:15 PM,4:00 PM,7:00 PM,1,Jordan,Jordan,,
148525,100,WBUR Green Room and Lobby,890 Comm Ave,3:30 PM,3:30 PM,4:00 PM,9:00 PM,1,Sammy,Jordan,,
148736,15,"Cinema, Rich Hall",277 Babcock St,3:15 PM,3:15 PM,4:00 PM,7:00 PM,1,Jamal,No P/U,,
148719,8,Kitchen,808 Comm Ave,2:15 PM,2:15 PM,4:00 PM,5:00 PM,1,Jose,No P/U,,
148430,40,410,765 Comm Ave,4:00 PM,4:00 PM,4:15 PM,12:01:30 AM,1,Jordan,No P/U,,
148636,25,5th Charles River Room,765 Comm Ave,3:45 PM,3:45 PM,4:15 PM,5:00 PM,1,Sammy,No P/U,,
148708,12,410,765 Comm Ave,3:45 PM,3:45 PM,4:30 PM,5:00 PM,1,Jamal,No P/U,,
148336,500,Rich Hall - Outdoors,277 Babcock St,2:00 PM,3:00 PM,4:30 PM,8:00 PM,2,Jamal,Jamal,,
148239,30,214,677 Beacon St,3:45 PM,3:45 PM,4:30 PM,5:30 PM,1,Jordan,,,
146219,60,Barristers Hall Lower Tower,765 Comm Ave,3:45 AM,3:45 AM,4:30 PM,5:30 PM,1,Sammy,Jamal,,
148091,12,315,775 Comm Ave,3:45 PM,3:45 PM,4:30 PM,5:30 PM,1,Jordan,No P/U,,
148097,100,Small Ballroom GSU,775 Commonwealth Ave,1:00 PM,3:30 PM,4:30 PM,5:30 PM,2,Jamal,No P/U,Lynn,
148258,10,0,775 Comm Ave,,,4:30 PM,6:00 PM,1,-,,,
148014,75,Lobby Outside of Law Auditorium,765 Comm AVE>,3:45 PM,3:45 PM,4:30 PM,4:30 PM,1,Jamal,No P/U,,
147682,100,211,8 St Marys,4:00 PM,4:00 PM,4:45 PM,5:45 PM,1,Sammy,Romero,,
148424,15,B18G,755 Comm Ave,4:15 PM,4:15 PM,5:00 PM,6:00 PM,1,Jose,No P/U,,
148462,50,4th Flr - Eiberg Lounge,285 Babcock St,4:15 PM,4:15 PM,5:00 PM,6:00 PM,1,Jamal,No P/U,,
148562,30,1st Flr,121 Bay State Rd,4:15 PM,4:15 PM,5:00 PM,6:00 PM,1,Juan,Jamal,,
148015,75,Lobby Outside of law Auditorium,765 Comm Ave.,4:00 PM,4:00 PM,5:00 PM,5:00 PM,1,Sammy,No P/U,,
148154,50,Barristers,765 Comm Ave,4:15 PM,4:15 PM,5:00 PM,7:00 PM,1,Romero,Romero,,
148344,15,B18,755 Comm Ave,4:15 PM,4:15 PM,5:00 PM,6:00 PM,1,Antonio,No P/U,,
148040,20,B23 (Moore Community Center),745 Comm AVE,3:00 PM,3:00 PM,5:00 PM,6:00 PM,2,Jamal,Jamal,,
148397,22,250,2 Silber Way,4:15 PM,4:15 PM,5:00 PM,6:30 PM,1,Jamal,No P/U,,
148501,2,Theater,685 Comm Ave,4:15 PM,4:15 PM,5:00 PM,6:00 PM,1,Antonio,No P/U,,
146265,100,Hiebert Lounge,72 E Concord St,2:30 PM,2:30 PM,5:00 PM,7:00 PM,2,Romero,Jamal,NEEDS MANAGER,
147858,75,101,640 Comm Ave,4:15 PM,4:15 PM,5:00 PM,6:00 PM,1,Jamal,No P/U,,
148156,40,102,635 Comm Ave,4:15 PM,4:15 PM,5:00 PM,6:30 PM,1,Jordan,No P/U,,
146282,120,Ziskind Lounge,775 Comm Ave,3:00 PM,3:00 PM,5:00 PM,6:30 PM,2,Bruce,,NEEDS MANAGER,
148377,50,101,610 Comm Ave,3:45 PM,3:45 PM,5:00 PM,6:00 PM,1,Jose,,,
148313,15,B23,745 Comm Ave,4:15 PM,4:15 PM,5:00 PM,6:00 PM,1,Jordan,,,
148781,15,PICK UP,775 Comm Ave,4:45 PM,4:45 PM,5:00 PM,12:01:30 AM,1,-,,,
148684,15,Green Room,685 Comm Ave,4:15 PM,4:15 PM,5:00 PM,7:00 PM,1,Romero,Romero,,
148435,150,1st Flr Classroom,1010 Comm Ave,4:15 PM,4:15 PM,5:00 PM,6:30 PM,1,Romero,No P/U,,
148467,75,Terrace Lounge,775 Comm Ave,3:00 PM,4:00 PM,5:00 PM,7:30 PM,2,Jose,No P/U,Conor,
148346,15,B18,755 Comm Ave,4:15 PM,4:15 PM,5:00 PM,6:00 PM,1,Romero,No P/U,,
148207,50,540C Space,540C Commonwealth Ave,3:00 PM,4:00 PM,5:00 PM,8:00 PM,2,Jamal,Jamal,,
148668,35,BUild Lab,730 Comm Ave,4:15 PM,4:15 PM,5:00 PM,6:00 PM,1,Jamal,No P/U,,
148073,60,Barristers,765 Comm Ave,3:00 PM,4:00 PM,5:00 PM,8:00 PM,2,Jordan,Jordan,,
148709,25,219,855 Comm Ave,3:00 PM,4:00 PM,5:00 PM,6:00 PM,2,Jordan,Jordan,,
148613,100,Leventhal Auditorium,233 Bay State Rd,4:15 PM,4:15 PM,5:00 PM,7:30 PM,1,Jamal,Jordan,,
146311,50,COM 209,640 Comm Ave,4:15 PM,4:15 PM,5:00 PM,6:00 PM,1,Jordan,Jordan,,
148791,26,239,775 Comm Ave,4:45 PM,4:45 PM,5:00 PM,12:01:30 AM,1,Jamal,No P/U,,
148072,50,Lobby,610 Comm Ave,4:00 PM,4:00 PM,5:00 PM,6:00 PM,1,Jamal,Jamal,,
148491,50,545,100 Bay State Rd,4:45 PM,4:45 PM,5:15 PM,6:30 PM,1,Sammy,No P/U,,
147894,75,Stone Lobby,775 Comm Ave,4:30 PM,4:30 PM,5:15 PM,7:00 PM,1,Bruce,,,
147980,55,HTC Center - 1st Level,808 Comm Ave,3:30 PM,4:30 PM,5:30 PM,8:00 PM,3,Sammy,Jamal,Lynn,
148565,120,CGS 511,871 Comm Ave,3:30 PM,4:30 PM,5:30 PM,7:30 PM,1,Sammy,Jamal,,
148418,250,0,890 Comm Ave,5:00 PM,5:00 PM,6:00 PM,8:00 PM,2,Jordan,No P/U,,
148415,50,0,890 Comm Ave,5:00 PM,5:00 PM,6:00 PM,8:00 PM,1,Jamal,Jamal,,
148639,50,0,890 Comm Ave,5:00 PM,5:00 PM,6:00 PM,8:00 PM,1,Jamal,No P/U,,
148455,28,Newbury Center,745 Comm Ave,5:15 PM,5:15 PM,6:00 PM,7:15 PM,1,Romero,No P/U,,
148640,50,0,890 Comm Ave,5:00 PM,5:00 PM,6:00 PM,8:00 PM,1,Sammy,Jordan,,
148567,80,Barristers,765 Comm Ave,4:00 PM,5:00 PM,6:00 PM,8:00 PM,2,Romero,Jordan,Conor,
148416,50,0,890 Comm Ave,5:30 PM,5:30 PM,6:00 PM,8:00 PM,1,Sammy,Jordan,,
148403,30,Large Ballroom,775 Comm Ave,4:00 PM,5:00 PM,6:00 PM,8:00 PM,2,Sammy,Jordan,,
148688,10,CAR Office,755 Comm Ave,5:15 PM,5:15 PM,6:00 PM,7:00 PM,1,Romero,No P/U,,
148648,100,Castle,225 Bay State Rd,4:00 PM,5:00 PM,6:00 PM,9:00 PM,2,Jordan,Romero,,
148579,120,Back Court,775 Comm Ave,4:00 PM,5:00 PM,6:00 PM,8:00 PM,2,Jamal,No P/U,Conor,
148609,150,Large Ballroom,775 Comm Ave,5:15 PM,5:15 PM,6:00 PM,9:00 PM,1,Jamal,No P/U,,
148252,60,Art Gallery - 1st Floor,855 Comm Ave,4:00 PM,5:00 PM,6:00 PM,8:00 PM,2,Sammy,Jamal,Lynn ,
148417,200,0,890 Comm Ave,5:00 PM,5:00 PM,6:00 PM,8:00 PM,1,Jamal,No P/U,,
148092,60,Castle,225 Bay State Rd,4:00 PM,5:00 PM,6:00 PM,8:00 PM,2,Jordan,Jordan,,
148262,4,Sloane House,135 Ivy Street,4:45 PM,5:00 PM,6:00 PM,9:00 PM,3,Jamal,Jamal,Christine,
147953,200,0,890 Comm Ave,5:00 PM,5:00 PM,6:00 PM,8:00 PM,1,Jordan,No P/U,,
148372,30,BUild Lab,730 Comm Ave,4:45 PM,4:45 PM,6:00 PM,7:00 PM,1,Jamal,,,
147871,25,East Balcony,775 Comm Ave,5:45 PM,5:45 PM,6:00 PM,7:30 PM,1,Jordan,,,
148363,60,Event Space,808 Comm Ave,5:15 PM,5:15 PM,6:00 PM,8:00 PM,1,Sammy,Sammy,,
148281,60,PICK UP,775 Comm Ave,5:45 PM,5:45 PM,6:00 PM,12:01:30 AM,1,-,,,
148407,40,170,635 Albany St,3:30 PM,3:30 PM,6:00 PM,8:00 PM,2,Jordan,Jordan,,
147955,150,0,890 Comm Ave,5:30 PM,5:30 PM,6:00 PM,8:00 PM,1,Jordan,,,
147979,225,WBUR Lobby,890 Comm Ave,4:30 PM,4:30 PM,6:00 PM,7:00 PM,3,Jamal,Jamal,Lynn/Christine ,
148148,100,Colloquium Rm 906,8 St. Marys,4:00 PM,5:00 PM,6:00 PM,8:00 PM,2,Sammy,Jamal,,
148093,60,Castle,225 Bay State Rd,4:00 PM,5:00 PM,6:00 PM,8:00 PM,2,Sammy,Jamal,,
148230,25,101,91 Bay State Rd,5:15 PM,5:15 PM,6:00 PM,7:00 PM,1,Sammy,No P/U,,
148396,100,906,8 St Marys,4:00 PM,5:00 PM,6:00 PM,9:00 PM,2,Jamal,Jamal,,
148298,60,PICK UP,775 Comm Ave,5:45 PM,5:45 PM,6:00 PM,12:01:30 AM,1,Sammy,No P/U,,
148284,60,102,765 Comm Ave,5:15 PM,5:15 PM,6:00 PM,7:30 PM,1,Jamal,No P/U,,
148480,20,PICK UP,765 Comm Ave,5:15 PM,5:15 PM,6:00 PM,7:00 PM,1,-,No P/U,,
148285,80,906,8 St Marys,4:00 PM,6:00 PM,6:00 PM,9:00 PM,2,Romero,Romero,Conor,
148623,30,Pick UP,775 Comm Ave,,,6:30 PM,7:30 PM,1,Jamal,No P/U,,
147956,200,0,890 Comm Ave,6:00 PM,6:00 PM,6:30 PM,9:00 PM,1,Jamal,Jamal,,
148378,16,The Castle,225 Bay State Rd,4:30 PM,5:30 PM,6:30 PM,8:00 PM,3,Jordan,Jamal,Lynn,
148393,30,PICK UP ,775 Comm Ave ,,,6:30 PM,7:30 PM,1,-,,,
148206,50,McLausland Commons,765 Comm Ave,5:45 PM,5:45 PM,6:30 PM,7:30 PM,1,Jamal,,,
148127,60,Hiebert Lounge,72 E Concord St,4:30 PM,4:30 PM,7:00 PM,9:00 PM,2,Sammy,Jordan,,
148249,30,906,8 St Mary's S,6:15 PM,6:15 PM,7:00 PM,9:00 PM,1,Jordan,No P/U,,
148081,40,Castle,225 Bay State Rd,5:00 PM,6:00 PM,7:00 PM,9:00 PM,3,Jordan,Jordan,,
147897,300,Ziskind,775 Comm Ave,5:30 PM,5:30 PM,7:00 PM,8:30 PM,2,Jordan,,NEEDS MANAGER,
148312,450,Event Space,808 Comm Ave,6:15 PM,6:15 PM,7:00 PM,10:00 PM,1,Jordan,Jordan,,
148152,75,101,610 Comm Ave,6:15 PM,6:15 PM,7:00 PM,10:00 PM,1,Romero,No P/U,,
148157,50,Barristers,765 Comm Ave,5:00 PM,6:00 PM,7:00 PM,8:30 PM,2,Jamal,Jamal,,
148449,100,Lobby,685 Comm Ave,6:45 PM,6:45 PM,7:00 PM,12:01:30 AM,1,Romero,Romero,,
148172,350,Grand Ballroom 2nd FL,775 Comm Ave,6:15 PM,6:15 PM,7:00 PM,8:00 PM,1,Romero,No P/U,,
148575,130,Large Ballroom,775 Comm Ave,5:00 PM,6:00 PM,7:00 PM,10:00 PM,2,Jordan,No P/U,Conor,
148647,200,Large Ballroom,775 Comm Ave,5:00 PM,6:00 PM,7:00 PM,9:00 PM,2,Jordan,Jordan,Conor,
148646,48,Terrace Lounge,775 Comm Ave,5:00 PM,6:00 PM,7:00 PM,9:00 PM,2,Jordan,Jordan,,
144196,110,WBUR Lobby,890 Comm Ave,6:00 PM,6:00 PM,7:30 PM,9:00 PM,2,Jordan,Jordan,,
148731,200,Outside of Theatre,890 Comm Ave,5:00 PM,5:00 PM,7:30 PM,8:00 PM,2,Jordan,Jordan,,
147665,200,Lobby,685 Comm Ave,5:30 PM,6:45 AM,7:30 PM,8:30 PM,2,Jamal,Jamal,,
147908,12,2nd Flr,147 Bay State Rd,5:30 PM,6:30 PM,7:30 PM,9:00 PM,3,Antonio,Jamal,NEEDS MANAGER,
148257,130,CitySpace,890 Comm Ave,5:30 PM,5:30 PM,7:30 PM,9:30 PM,3,Bruce,Jordan,,
146286,25,The Castle,225 Bay State Rd,6:00 PM,7:00 PM,8:00 PM,9:30 PM,3,Jordan,Jordan,NEEDS MANAGER,
148250,100,Tsai Center Lobby,685 Commonwealth Ave,5:30 PM,5:15 PM,8:00 PM,9:30 PM,3,Jamal,Jamal,Lynn,
148347,100,906,8 St Marys,6:00 PM,7:00 PM,8:00 PM,10:00 PM,2,Jordan,Jordan,Conor,
148385,70,Castle,225 Bay State Rd,7:45 PM,7:45 PM,8:30 PM,9:30 PM,1,Jamal,Jamal,,
148383,100,Foyer,855 Comm Ave,7:00 PM,7:00 PM,9:00 PM,10:30 PM,2,Romero,Romero,,
Grand Totals,,,,,,,,,,,,
,,,,,,,,,,,,
Event ID,Guest Count,,,,,,,,,,,
502,"26,047.00",,,,,,,,,,,
